key,name,contract,category,source,live_eth,mapped,idx_contract_eth,gap,has_code,code_size,owner,admin,paused
idex,IDEX v1,0x2a0c0DBEcC7E4D658f48E01e3fA353F44050c208,dex,eth,15729.774326,15741.298911,15741.301146,-11.524585,True,7325,0x6b770f1a6bff9151f437f2eab907fff132dd86a5,,
etherdelta,EtherDelta v2,0x8d12A197cB00D4747a1fe03395095ce2A5CC6819,dex,eth,15168.573793,15169.330071,15169.337352,-0.756278,True,6613,,0x1ed014aec47fae44c9e55bac7662c0b78ae61798,
zksync_lite,zkSync Lite,0x0a14b696350546110a0d8acdb86226983af9d2a0,other,eth,10926.660783,0.000000,0.000000,10926.660783,True,2059,0xe24f4870ab85de8e356c5fc56138587206c70d99,,False
neufund,Neufund EtherToken,0xb59a226a2b8a2f2b0512baa35cc348b6b213b671,ico,eth,3385.428923,2.070361,2.070361,3383.358562,True,4836,,,
enclaves,Unknown DEX,0x4d55f76ce2dbbae7b48661bef9bd144ce0c9091b,dex,eth,2479.087515,2478.955395,2479.087515,0.132120,True,14079,,0x4499514831219df01cf5d6b66c76ca9d76ac4f74,
lastwinner,,0xDd9fd6b6F8f7ea932997992bbE67EabB3e316f3C,,eth,2425.427564,2424.763769,2425.427564,0.663795,True,23489,0xeae69cadeb04e66767bd69f52e0fffc28e37d799,,
powh3d,PoWH3D,0xB3775fB83F7D12A36E0475aBdD1FCA35c091efBe,gambling,eth,2041.018162,2452.804338,2042.608700,-411.786176,True,5732,,,
old_weth,Old WETH,0xECF8F87f810EcF450940c9f60066b4a7a501d6A7,ico,eth,1511.346987,1512.058885,1512.068886,-0.711898,True,2565,0x0000000000000000000000000000000000000001,0x0000000000000000000000000000000000000001,True
fomo3d_long,Fomo3D Long,0xA62142888ABa8370742bE823c1782D17A0389Da1,gambling,eth,1099.452526,1098.662686,1100.361381,0.789840,True,21488,,,
ethfinex,Ethfinex Trustless,0xaA7427D8f17D87a28F5e1ba3aDBB270bAdbe1011,dex,eth,929.509523,930.617323,930.617323,-1.107800,True,3792,0xe1f3c653248de6894d683cb2f10de7ca2253046f,,
singularx,SingularX,0x9a2d163ab40f88c625fd475e807bbc3556566f80,dex,eth,854.996081,854.963085,854.996085,0.032996,True,13444,,0xcc14d280df5a2f39d26944ba8e97690c82f24908,
augur_v1,Augur v1,0xd5524179cB7AE012f5B642C1D6D700Bbaa76B96b,prediction,token,762.064744,429.798474,767.274561,332.266270,True,663,,,
oxo_rewards,0x0 Rewards,0x02b15c47b4b516a22fd2d8b1fc662afb808a2169,defi,eth,735.855721,735.509876,735.933344,0.345845,True,17678,0xdf5888f30a4a99bd23913ae002d5af4dbf0502b4,,
hong,HONG,0x9fa8fa61a10ff892e4ebceb7f4e0fc684c2ce0a9,ico,token,727.973843,727.973843,727.973843,-0.000000,True,10451,,,
gandhiji,GandhiJi,0x167cB3F2446F829eb327344b66E271D1a7eFeC9A,gambling,eth,658.880567,761.146782,658.881116,-102.266215,True,5731,,,
tokenstore,Token.Store,0x1ce7ae555139c5ef5a57cc8d814a867ee6ee33d8,dex,eth,632.619868,632.611727,632.621727,0.008141,True,8651,0x44a93f553bd529c19386b2ddfa30f458b0bc3b20,,
mcdex_perpetual,MCDEX ETH-PERP,0x220a9f0dd581cbc58fcfb907de0454cbf3777f76,defi,token,555.235419,453.688836,555.400480,101.546582,True,24558,,,False
fomo3d_ultra,FoMo3D Ultra,0xab83d96de35bad6f234178fbb6507203488e9626,gambling,eth,466.116182,130.902790,466.470207,335.213392,True,22888,,,
switcheo_v2,Switcheo BrokerV2,0x7ee7ca6e75de79e618e88bdf80d0b1db136b22d0,dex,eth,406.894205,406.689514,406.964250,0.204691,True,23335,0x5983d2aadc3a12459ef92c7c58bd1073632f3c85,,
feg_feth,FEG Wrapped ETH,0xf786c34106762ab4eeb45a51b42a62470e9d5332,token,token,386.600600,34.481240,386.768158,352.119360,True,6620,,,
singularx_fund,SingularX Fund,0x0286f920F893513C7ec9FE35ba0A4760229a243e,dex,token,385.423648,385.605115,385.715481,-0.181466,True,1592,0x3bb62bada8f9921dcf0b1be5d2c972d69c064d84,,
celer,Celer Payment Channels,0xa6cd930fc92f1634d8183af2fb86bd1766f2f82a,payment_channel,token,382.975336,150.773778,150.773778,232.201558,True,5999,,,False
ethertoken_v2,Neufund EtherToken v2,0x0b7dc5a43ce121b4eaaa41b0f4f43bba47bb8951,ico,token,375.679130,90.050450,475.679130,285.628680,True,5032,,,
keeperdao,KeeperDAO / Rook,0x35fFd6E268610E764fF6944d07760D0EFe5E40E5,defi,token,359.124077,372.395084,372.395084,-13.271006,True,13802,,,False
quantfury_qdt,Quantfury QDT,0xd18475521245a127a933a4fcaf99e8c45a416f7e,token,token,306.263026,296.977344,307.674367,9.285682,True,9010,0x79eb80d95da726f628b630839c256602a2acaf2e,,
zethr,Zethr,0xd48b633045af65ff636f3c6edd744748351e020d,gambling,eth,276.744245,139.746801,276.845677,136.997444,True,11416,,,
foundation_feth,Foundation FETH,0x49128CF8ABE9071ee24540a296b5DED3F9D50443,nft,token,271.793541,271.843541,271.843541,-0.050000,True,2141,,,
keep_bonding,Keep Network Bonding,0x27321f84704a599ab740281e285cc4463d89a3d5,defi,eth,234.418696,234.418696,234.418696,0.000000,True,6437,,,
mooncatrescue,MoonCatRescue,0x60cd862c9c687a9de49aecdc3a99b74a4fc54ab6,nft,token,233.288879,233.358979,233.358979,-0.070100,True,10126,,,
etherdelta_m0,EtherDelta v0,0x4aea7cf559f67cedcad07e12ae6bc00f07e8cf65,dex,eth,220.892236,220.892236,220.892236,0.000000,True,4031,,,
arbitrage_eth_staking,ArbitrageETHStaking,0x5eee354e36ac51e9d3f7283005cab0c55f423b23,powh,token,216.303660,216.302640,216.302640,0.001020,True,2198,,,
delphi_redemption,Delphi RedemptionContract,0x899f9a0440face1397a1ee1e3f6bf3580a6633d1,ico,token,205.844624,195.209787,205.844624,10.634837,True,655,,,
ahoolee_token_sale,Ahoolee Token Sale,0x575cb87ab3c2329a0248c7d70e0ead8e57f3e3f7,ico,token,191.109518,191.509518,191.509518,-0.400000,True,4049,0xddbc86c2e739ce2f8e3865ede799a239336a2db1,,
maker_weth,Maker W-ETH,0x2956356cd2a2bf3202f771f50d3d14a367b48070,ico,eth,169.057497,168.848562,169.057497,0.208935,True,3474,,,
transit_refund_admin_unlock,Transit Finance Refund (admin unlock required),0xc213f258f4142f53d086f9edb7a36e67eb347f63,owner-action-required,eth,160.745800,0.112200,160.745800,160.633600,True,3935,0x8576910497930b79a97a24de1acb0333399d0c55,,
monolith_tkn_holder,Monolith TKN Holder,0x24f0bb6c9b2c3db66603fa0ec07ab0cf55cdd387,token,token,152.327864,152.376465,152.376465,-0.048601,True,3604,,,
r1_exchange,R1Exchange,0xc7c9b856d33651cc2bcd9e0099efa85f59f78302,dex,eth,149.036351,144.955025,149.036351,4.081325,True,17896,0xfe2d982f5b8f7281dd665f153a1b9f5bd64645e7,,
fomo3d_short_v2,FoMo3Dshort v2,0x0ad3227eb47597b566ec138b3afd78cfea752de5,gambling,eth,136.635578,22.830065,136.635578,113.805512,True,21126,,,
etherdelta_m1,EtherDelta v1,0x373c55c277b866a69dc047cad488154ab9759466,dex,eth,122.273415,123.008541,122.657541,-0.735126,True,5587,,0x1ed014aec47fae44c9e55bac7662c0b78ae61798,
bingo4beast_1,Bingo4Beast Long Official,0x05aa2fdf9f58b426b49900834cce0565d88e52eb,gambling,eth,120.196487,119.965437,120.196487,0.231050,True,17860,,,
zethr_main,Zethr Casino,0xb9ab8eed48852de901c13543042204c6c569b811,gambling,eth,111.683913,73.531279,111.684197,38.152634,True,12585,,,
dailydivs,DailyDivs,0xd2bfceeab8ffa24cdf94faa2683df63df4bcbdc8,gambling,eth,109.683913,102.559964,109.684056,7.123949,True,6834,,,
spankchain_auction,SpankChain Auction,0x4d1886daf2617cbd9e27abfd0f18a54f04f33c41,ico,eth,107.532796,107.532796,107.532796,-0.000000,True,5038,,,
nucypher_worklock,NuCypher WorkLock,0xe9778e69a961e64d3cdbb34cf6778281d34667c2,ico,token,103.694879,103.694879,103.694879,-0.000000,True,10634,0xeba17f35955e057a8d2e74bd4638528851d8e063,,
metadrop_webaverse,Metadrop: Webaverse,0x1ecb59aecf1fc5da695242c6e78c2007e775d40f,nft,eth,103.350000,103.850000,103.850000,-0.500000,True,10786,0xbf9f7e7046b7a90a759cdc06ced11be634aada56,,False
switchdex,SwitchDex,0xc3c12a9e63e466a3ba99e07f3ef1f38b8b81ae1b,dex,eth,101.112963,101.122926,101.123026,-0.009963,True,13206,,0x194afbf7a5000eef3e166e1771efbaf5bf9f8611,
digipulse_token_sale,DigiPulse Token Sale (DGT),0x9AcA6aBFe63A5ae0Dc6258cefB65207eC990Aa4D,ico,eth,100.583469,97.083469,100.583469,3.500000,True,2287,,,
remove_putin_bounty_admin_unlock,RemovePutinBounty (admin unlock required),0xaf5fc45258b5d0af72031ab154bf6dfcfec74b99,owner-action-required,eth,100.120000,100.120000,100.120000,0.000000,True,4755,0x7ac476a319b07faf75fdd07a72800732d8b59d94,,
presalepool_48c1,Presale Pool 0x48c128,0x48c128eafc3b937fb1f97889ad174ac02b4952cb,ico,eth,98.478827,98.478827,98.478827,-0.000000,True,3809,,,
treasure,Treasure,0x25a06d4e1f804ce62cf11b091180a5c84980d93a,token,token,94.982947,94.982947,94.982947,0.000000,True,5889,,,
bancor_eth,Bancor Old ETH Token,0xD76b5c2A23ef78368d8E34288B5b65D616B746aE,ico,eth,94.424262,94.518307,94.424262,-0.094045,True,3617,0xdfee8dc240c6cadc2c7f7f9c257c259914dea84e,,
acedapp,AceDapp,0xe65f525ec48c7e95654b9824ecc358454ea9185e,gambling,eth,92.731414,27.166738,92.736038,65.564676,True,9039,0xa4d05a1c22c8abe6ccb2333c092ec80bd0955031,,
presalepool_f058,Presale Pool (LINO/HEALP/Bulleon),0xf058ee35f381a12b3a0f504025419dcaf047ce7f,ico,eth,91.234433,91.234433,91.234433,-0.000000,True,2385,0x7c4393ee129d7856b5bd765c2d20b66f464ccd0f,,
ld3d_official,LD3D Official,0x47663541167ece0b96d9e5c60f9e470b2a20f598,gambling,eth,86.542917,86.486764,86.542917,0.056153,True,19111,,,
cryptophunks_market,CryptoPhunks Marketplace,0xd6c037be7fa60587e174db7a6710f7635d2971e7,nft,eth,86.214029,81.949601,86.224029,4.264428,True,11830,,,False
opyn_crab_v2,Opyn Crab Strategy V2,0x3b960e47784150f5a63777201ee2b15253d713e8,defi,token,86.089890,87.908512,87.925808,-1.818622,True,22560,0xafe66363c27eedb597a140c28b70b32f113fd5a8,,
tweetmarket,TweetMarket,0xe14ab3ee81abe340b45bb26b1b166a7d2df22585,other,eth,85.536037,86.068264,86.069179,-0.532227,True,8703,,,
bingo4beast_2,Bingo4Beast Long Official (deploy 2),0x4fb7d68e0116f35ade131b6535b2db1027bf7650,gambling,eth,84.483057,55.939631,84.483057,28.543426,True,23974,,,
fomo3d_quick,Fomo3D Quick,0x4e8ecf79ade5e2c49b9e30d795517a81e0bf00b8,gambling,eth,84.140106,76.030103,84.144089,8.110003,True,23383,,,
joyso,Joyso,0x04f062809b244e37e7fdc21d9409469c989c2342,dex,eth,83.253497,83.150382,83.253497,0.103115,True,13201,0x3a6386e7701bf9c0d5b983d5e0bcec78331749d9,,
bounties,Bounties Network,0x2af47a65da8cd66729b4209c22017d6a5c2d2400,other,token,83.251304,84.752304,87.552304,-1.501000,True,16675,0xbfdb50dc66c8df9fd9688d8fe5a0c34126427645,,
eks,EKS,0xe01e2a3ceafa8233021fc759e5a69863558326b6,token,eth,82.971421,74.794451,82.972966,8.176970,True,5661,0xe21ac1cae34c532a38b604669e18557b2d8840fc,,
directcrypt_presale,DirectCrypt Token Presale (DRCT),0x12d5b7c26DD8dc6E2F71f5bF240d5e76452b2FE5,ico,eth,81.885918,81.885918,81.885918,-0.000000,True,7431,0xd8cbc1a79b80ae3e7e016691f695cd81eaedc860,,
cryptominertoken,CryptoMinerToken,0x0a97094c19295e320d5121d72139a150021a2702,gambling,eth,79.306195,45.601837,79.310549,33.704358,True,3946,,,
pownft,POW NFT,0x9abb7bddc43fa67c76a62d8c016513827f59be1b,nft,token,77.301990,68.464755,77.854455,8.837235,True,14820,,,
statusbuyer,Status Buyer,0xcc89405e3cfd38412093840a3ac2f851dd395dfb,ico,eth,76.599977,76.347371,76.599977,0.252606,True,2659,,,
fomo3d_short,Fomo3D Short,0x52083b1a21a5abc422b1b0bce5c43ca86ef74cd1,gambling,eth,76.252743,38.296481,76.310082,37.956262,True,20781,,,
unknown_dex_5995,Unknown DEX (0x5995),0x5995ca61d845e045cd1327a32707a66f7daccf6d,dex,eth,75.980323,75.985300,75.980858,-0.004977,True,10385,0x5ce0905fc78cb0312e703062a93f5c37842c35b1,,
fomojp,FoMoJP,0xcb47c89cb17c10b719fc5ed9665bae157cac2cb1,gambling,eth,72.912490,72.783544,72.919682,0.128946,True,21214,0x9e8aac4cdc9af1f0f998396fa2d570c53754cbb0,,
ethfinex_v2,Ethfinex Trustless v2,0x50cb61afa3f023d17276dcfb35abf85c710d1cff,dex,eth,71.896053,71.876654,72.032288,0.019399,True,3971,0x7a3636a26594008e1275651527724ed09399b58b,,
celer_ethpool,Celer EthPool,0x44e081cac2406a4efe165178c2a4d77f7a7854d4,defi,eth,70.260511,70.260511,70.260511,0.000000,True,2879,,,
pembicoin_ico_admin_unlock,PembiCoinICO (admin unlock required),0x5535a72556727c221c567e0fc4208c5a99dba1cc,owner-action-required,eth,69.239050,69.239050,69.239050,0.000000,True,3609,0xa977aadc92473abe464bef836e57d4203ccb2608,,
pandadao,PandaDAO Farewell,0x229cc0a81a1d6b4a2fc1452b3bd166462216e3f3,dao,token,67.991892,50.250567,67.991892,17.741324,True,4352,0x000000000000000000000000000000000000dead,,
hegic_eth_pool,Hegic V1 Pool,0x878F15ffC8b894A1BA7647c7176E4C01f74e140b,defi,eth,60.232524,59.193600,61.074039,1.038924,True,8291,0xefc0eeadc1132a12c9487d800112693bf49ecfa2,,
staking_eth_rewards,ETH Staking Rewards,0xa383c8390adbcd387db93babdf3f30308391bd57,defi,token,59.672293,54.839085,59.672293,4.833208,True,18515,,,
collective_canvas,Collective Canvas,0x3a56ab63c7ef4f07fe353beb132e0fd5ad270ca0,nft,token,57.766149,58.923290,58.923289,-1.157141,True,13978,0x0208376c899fdaeba530570c008c4323803aa9e8,,
veil_ether,Veil Ether,0x53b04999c1ff2d77fcdde98935bb936a67209e4c,defi,eth,54.587591,55.598849,54.587591,-1.011258,True,2624,,,
bluechip,BlueChip,0xabefec93451a2cd5d864ff7b0b1604dfc60e9688,gambling,eth,52.057566,34.365711,52.057670,17.691854,True,9517,,,
kyber_feehandler,Kyber FeeHandler,0xd3d2b5643e506c6d9b7099e9116d7aaa941114fe,dex,token,51.601162,24.942350,51.638283,26.658812,True,11727,,,
presalepool_ff2c,Presale Pool 0xff2c68,0xff2c689cb750f2a7d46e7471521189ced948f965,ico,eth,50.000000,50.000000,50.000000,0.000000,True,3678,,,
meme_limited_collections,Meme Limited Collections,0x1d90d50d5dd04fa7c8bef89aa5872f0701be7982,nft,token,48.813200,25.834200,48.813200,22.979000,True,12729,0x51a63eb1beb46ddcca135fe58186672fa40b7868,,False
confideal,Confideal,0x22a97c80d7e0a9ae616737e3b8b531248f4ef91d,dex,eth,45.718788,45.718788,45.718788,-0.000000,True,14227,0xf257f870ed88353359edbc37e219ed4ed61a0bfc,,
cryptocats_market,CryptoCats Marketplace,0x19c320b43744254ebdbcb1f1bd0e2a3dc08e01dc,nft,eth,45.489333,45.489333,45.489333,0.000000,True,12029,,,
th_token_sale,TruckHash Token Sale,0xcd806502ad2f9aeb32e23f8d647341d4b568201d,ico,token,45.135189,45.135189,45.135189,0.000000,True,6778,0x00aad3ae0cb649fdfb75b9810225d2c834043fb5,,False
tessera_dead,Fractional DEAD Vault,0x0c7060bf06a78aaaab3fac76941318a52a3f4613,nft,token,44.695889,40.099054,44.695889,4.596835,True,252,,,
cryptocats_v1,CryptoCats v0/v1,0x9508008227b6b3391959334604677d60169ef540,nft,eth,43.685000,8.805000,43.685000,34.880000,True,12006,,,
ethen,ETHEN,0xf4c27b8b002389864ac214cb13bfeef4cc5c4e8d,dex,eth,43.522433,43.519433,43.522433,0.003000,True,10322,0x8a1ff1f8a84c78d89cbc3d2fd4e6442e68af4a9b,,False
nsure,Nsure Network,0xa6b658ce4b1cdb4e7d8f97dffb549b8688cafb84,defi,token,41.182000,0.000000,0.000000,41.182000,True,8374,0x1995dc62b91163e4693f63eae7af6559c8ab299c,,False
gavcoin,GavCoin,0x0b8d56c26d8cf16fe1bddf4967753503d974de06,token,eth,41.054461,18.583986,41.054461,22.470475,True,1915,,,
presalepool_2018,PresalePool 2018,0xf8f6e626af09b0455acd9162beb5a484724f25b5,ico,eth,39.200826,39.200826,39.200826,-0.000000,True,8547,,,
presalepool_d677,Presale Pool 0xd6770a,0xd6770aac65a48f5715889a4cdbf30a4faf73a073,ico,eth,36.918818,36.918818,36.918818,0.000000,True,4635,,,
f3dplus,F3DPLUS,0x0f90ef4e2526e3d1791862574f9fb26a0f39ec86,gambling,eth,35.109469,35.017939,35.109469,0.091530,True,21017,,,
presalepool_796d,Presale Pool 0x796dbc,0x796dbc51b37f2d92b0af1271fd9520c8efd1be61,ico,eth,34.995424,34.995424,34.995424,-0.000000,True,4635,,,
snowstorm_a,SnowStorm,0xda8d7ff0d043848a689125e2c7ab87b16a0cbe81,gambling,eth,34.756658,33.345851,34.756658,1.410807,True,20980,,,
presalepool_50c1,Presale Pool 0x50c19f,0x50c19ffdbda85d1a07c09f01e113a94923801d32,ico,eth,34.307000,34.307000,34.307000,0.000000,True,3400,,,
decentrex,Decentrex,0xbf29685856fae1e228878dfb35b280c0adcc3b05,dex,eth,33.085627,33.085743,33.085843,-0.000116,True,6469,,0xfeed93432ba27ac818dbc97ec67bc227d8318d4b,
qcotoken_ico,QCOToken ICO (QCO),0x3A8A97123bcCd826228e5EB4144b48cce169517B,ico,eth,31.447416,31.447416,31.447416,0.000000,True,6863,,,
rev1,REV1,0x05215fce25902366480696f38c3093e31dbce69a,gambling,eth,30.278880,26.560407,30.278870,3.718473,True,9149,,,
bitcratic,Bitcratic,0x3c020e014069df790d4f4e63fd297ba4e1c8e51f,dex,eth,30.004217,30.004217,30.004217,0.000000,True,6700,,0x71741d9ff85597fd2f11dfa7872424b58afbe992,
avastars,Avastars,0xe31763aad9294f073ddf18b36503ed037ae5e737,nft,token,28.845190,28.854189,28.845190,-0.009000,True,4429,,,True
ethpyramid,EthPyramid,0x2fa0ac498d01632f959d3c18e38f4390b005e200,gambling,eth,27.759090,20.033703,27.759090,7.725386,True,3354,,,
presalepool_6f40,Presale Pool 0x6f40d9,0x6f40d96713b60d5083bc2493251907ca673de1b8,ico,eth,27.724551,25.911658,27.724551,1.812892,True,3809,,,
pledge_deposit,PledgeDeposit ETH Pool,0xf7686cf0d88b3c1b474ec76735b4e94a0c3a28f3,defi,eth,25.638841,25.638841,25.638841,0.000000,True,6912,0x1b603aa8020b6ac7964717e89b7f2eca1913d613,,
digixdao,DigixDAO,0xe0b7927c4af23765cb51314a0e0521a9645f0e2a,ico,token,25.381872,10908.623691,11711.017723,-10883.241819,True,2248,0x4366ddc115d8cf213c564da36e64c8ebaa30cdbd,,
powm,POWM,0xa146240bf2c04005a743032dc0d241ec0bb2ba2b,gambling,eth,25.338252,23.542594,25.352775,1.795658,True,5802,,,
ageofdinos,Age of Dinos,0x19c10FFf96B80208f454034C046CCc4445Cd20ba,nft,eth,24.985242,25.092900,25.775242,-0.107658,True,10455,,,
snowstorm_b,SnowStorm B,0xb2b30d39074c52a60283a26f238abff31fcb4217,gambling,eth,24.668256,23.535118,24.668256,1.133138,True,20980,,,
readyplayerone,ReadyPlayerONE,0x6db943251e4126f913e9733821031791e75df713,gambling,eth,24.539087,6.815738,24.539087,17.723349,True,20749,,,
circles_refund_vault_admin_unlock,Circles RefundVault (admin unlock required),0x93d812bf90a575d628e246b0966505a9e466f534,owner-action-required,eth,24.098950,24.098950,24.098950,-0.000000,True,1385,0x61db4c9db2bb58da4777b73463257a6dde90eb0d,,
marketing_mining,MarketingMining,0x0feccb11c5b61b3922c511d0f002c0b72d770dce,defi,token,23.416899,0.000000,0.000000,23.416899,True,10162,0x9522368481c84250fd4b2a4ea03fb875024d9956,0xaeb5bcdb55e6abc2450595df27f993b82f375756,
blocklancer_ico,Blocklancer Token Sale (LNC),0x9EA80e204045329Ba752D03C395F82A12799f13d,ico,eth,21.661373,21.661373,21.661373,0.000000,True,3969,,,
sportcrypt,SportCrypt,0x37304b0ab297f13f5520c523102797121182fb5b,gambling,eth,21.563626,15.763554,21.563900,5.800072,True,7481,,,
hodl_ethereum,hodlEthereum,0x1BB28e79f2482df6bf60efc7a33365703bCF1536,ico,eth,21.528081,21.528081,21.528081,0.000000,True,761,,,
ztcrowdsale,ZeroTraffic Crowdsale (ZTT),0xaf7aeA249098F2c2f50cc11d4000cCf798194373,ico,eth,21.174670,21.174670,21.174670,0.000000,True,3001,,,
fomo3d_long_v2,FoMo3Dlong v2,0xe336d0c8b24d8e20b6f714522f590abadb601493,gambling,eth,20.777144,32.363171,20.777144,-11.586027,True,21687,,,
micro_eth,MicroETH,0xbb7be7cc5abb65d3a29d7982236481ddf4f10b09,token,token,20.443830,5.534763,20.603776,14.909068,True,5878,,,
ethplatinum,ETHPlatinum,0x510f9a9642ac14ded91629a1aad552be4b24b5f0,gambling,eth,20.217505,28.145702,20.217505,-7.928198,True,5568,0xfd858c69f3032040e517f6054412e0a5557a07f9,,
tessera_sweep,Fractional SWEEP Vault,0xfe2a5b942083d92135c7fe364bb75218e547cc62,nft,token,19.745988,19.745988,19.745988,-0.000000,True,252,,,
jincor_token_ico,Jincor Token ICO,0xb3b33f59174f2ef62167770e4c9cabaa3879eb5d,ico,token,19.061645,19.061645,19.061645,-0.000000,True,7952,0xd1436f0a5e9b063733a67e5dc9abe45792a423fe,,
just_hodl_it,JustHodlIt,0x344285b2082d9c7981241dcc160beca6057637e6,ico,eth,18.169034,14.695299,18.169034,3.473735,True,4091,,,
ambassadors_fund,Ambassadors Fund,0xe9426198aec621203ba1fe07cf292b3796ba6248,ico,eth,17.505600,17.505600,17.505600,0.000000,True,7172,0x851dade19fd6b426d25508c01f12ba5e8a2ed2d3,,
coinchangex,Coinchangex,0x2f23228b905ceb4734eb42d9b42805296667c93b,dex,eth,17.350840,17.350840,17.351041,-0.000000,True,15782,,0xb2d2e17addbf654f7a9e4d65975ab715d3022355,
etherdelta_v3,Etheropt Old,0xc6b330df38d6ef288c953f1f2835723531073ce2,dex,eth,16.836617,16.827250,16.836617,0.009367,True,3273,,,
agrotechfarm_crowdsale,AgroTechFarm Crowdsale,0x3fD30f3E1fbF4F3Ea6BDf3E3bb11826266708869,ico,eth,16.691711,16.691711,16.691711,-0.000000,True,7675,0x40293f239a410aecc3a2aee0548b43254721f548,,
pooh,POOH,0x4c29d75cc423e8adaa3839892feb66977e295829,gambling,eth,15.766665,20.135627,15.766866,-4.368962,True,5801,,,
fomo,Fomo,0xaff69c67f5dbbdd088ccbc6d47cb9e0ea547e132,gambling,eth,15.292585,15.292268,15.292585,0.000317,True,19790,,,
personabid,PersonaBid,0xDe5D4949F445650325c7C8739610c3A979C7a6db,nft,eth,15.041900,15.565000,15.621900,-0.523100,True,10700,,,
bitconnect_powh,BitConnect Token,0xfcd3a0f5f416e407647a7518b90354946d316059,gambling,eth,14.636794,19.092105,14.637152,-4.455311,True,5728,,,
eightherbank,Eightherbank,0xc6e5e9c6f4f3d1667df6086e91637cc7c64a13eb,gambling,eth,14.112818,12.994656,14.112818,1.118162,True,6837,0x074f21a36217d7615d0202faa926aefebb5a9999,,
fomogame,FoMoGame,0x86D179c28cCeb120Cd3f64930Cf1820a88B77D60,gambling,eth,13.577453,13.488700,13.577453,0.088753,True,21852,,,
game_fair,GameFair,0x86ab844a067094ec2c5a4bade21fcf2aeee32122,gambling,eth,13.125000,14.000000,13.125000,-0.875000,True,20212,0xb61f5a335acb482c23af25e76d7c7b3fea873059,,
futurists,Futurists Auction Splitter,0xa46ed7080f0094306d354b9d22e084f1dfb1b074,nft,token,13.000000,13.000000,13.000000,0.000000,True,16461,0x11e7b82112cad1ec5254c395f7086518c6172469,,
ibc_lottery,IBC Lottery,0xc5aafe85775fe97bee49d16cc4f38aaf8dbf20c5,gambling,eth,12.712853,12.355712,12.712853,0.357141,True,13263,,,
foreground,ForegroundTokenSale (DEAL),0x943e99d9efd4b44d808f6c83373a9a2c1e15e0f8,ico,eth,12.145000,12.145000,12.145000,0.000000,True,6732,0x481b2604779e40bc69305ed3ec7d37737d8001b6,,
nexgen,Nexgen,0xffd31e68bf7af89df862435a138615bd60abf574,gambling,eth,11.994997,25.602277,11.994997,-13.607281,True,10137,,,
relayhub_v1,OpenGSN RelayHub v1,0xd216153c06e857cd7f72665e0af1d7d82172f494,defi,eth,11.891784,512.348786,512.348786,-500.457002,True,15132,,,
unagii,Unagii ETH Vault,0x77607588222e01bf892a29Abab45796A2047fc7b,yield,eth,11.711569,11.711444,11.711569,0.000125,True,11493,,0xa2f203f34314b001a223d674db9a2df28a5339a4,False
dada,DADA Collectible,0x068696a3cf3c4676b65f1c9975dd094260109d02,nft,eth,11.214588,10.183588,11.214588,1.031000,True,9858,,,
redchip,RedChip,0xcd2de0bd5347f617f832442ebcc1c23a4d618847,gambling,eth,10.897256,9.048881,10.897470,1.848375,True,8967,,,
luckchemy_crowdsale,Luckchemy Crowdsale,0x18777Aec0B231D1a4A9C66B51253088a03affDFc,ico,eth,10.767638,10.767638,10.767638,0.000000,True,5531,0xfbd90b4e49de7fa6a2a599b260060a113a6ef62c,,
contribution_pool,Contribution Pool,0xa812137eff2b368d0b2880a39b609fb60c426850,ico,eth,10.609217,10.609217,10.609217,0.000000,True,5689,0x4f84b3650dbf651732a41647618e7ff94a633f09,,
tessera_zcat,Fractional ZCAT Vault,0xdb846f1cd31acc9a6db72a1c58dc1760485505f4,nft,token,10.476457,10.540756,10.540819,-0.064299,True,252,,,
abyss_daico_fund,Abyss DAICO Fund (PollManagedFund),0xe4972421f88c1f47986f54cbfd2d1e2e671680ac,ico,eth,9.899951,9.899951,9.899951,0.000000,True,16990,,,
potj,POTJ,0xc28e860c9132d55a184f9af53fc85e90aa3a0153,gambling,eth,9.595743,10.563901,9.596009,-0.968158,True,3981,,,
cxxmain,CxxMain,0xa4dce3845cb88a6fca0291d4eca9e5a96e75e2b4,gambling,eth,9.564236,5.573926,9.592799,3.990310,True,6666,,,
confinale_token,Confinale Token,0x629178c9a55cc30e3cccf21a94f77920aefce5ce,token,token,8.843028,8.843028,8.843028,0.000000,True,12198,0x6434cce68fee85ff39e67feac19d04e4a3ab4dd5,,
confideal_campaign,Confideal Campaign,0x17681500757628c7aa56d7e6546e119f94dd9479,ico,eth,8.625000,8.200000,8.625000,0.425000,True,12618,0xf257f870ed88353359edbc37e219ed4ed61a0bfc,,
crowdsale_4363b5,Crowdsale (0x4363b5),0x4363b5d64f228c819dc706889b09a0dc76e22fb0,ico,eth,8.476000,8.280000,8.476000,0.196000,True,2792,0x87af7fa024035df14c940c139b3252bb5a5b3944,,
lynia,LYNIA,0xecfae6f958f7ab15bdf171eeefa568e41eabf641,gambling,eth,8.313499,8.591992,8.406251,-0.278493,True,6768,,,
diamonddividend,DiamondDividend,0x84cc06eddb26575a7f0afd7ec2e3e98d31321397,gambling,eth,8.169831,9.141242,8.169831,-0.971410,True,6023,,,
epik_staking,EpikStaking,0x59accd277add23ee736e70a456a3d2c89e9a62a3,defi,token,8.167617,8.130556,8.130556,0.037061,True,10892,0xbada7b23a99e46f9739719f291f646b2b2d1d7d4,,False
swisscryptoexchange,SwissCryptoExchange,0xbeeb655808e3bdb83b6998f09dfe1e0f2c66a9be,dex,eth,7.830033,7.246495,7.830033,0.583537,True,16991,,0xf909d2168d2623967e0e870c89576b0948dd32af,
familyonly,FamilyOnlyToken,0xbedde30d3532165843f07b1b0e3e90fddbb75918,gambling,eth,7.553190,5.835953,7.553190,1.717237,True,5731,,,
weth10,WETH10,0xbc5cef436eadacadfa8dafb63088f09f21dea7e9,token,token,7.551154,7.487154,7.551154,0.064000,True,8535,,,
fomo3d_lightning,FoMo3D Lightning,0x24da016c06941ec2c92be28e0a2b2e679f0d1dc7,gambling,eth,7.351671,4.723368,7.351671,2.628303,True,20976,,,
spw,SPW,0x586f3d9e3524eb02448691b158fdcf5ffc2c57b0,gambling,eth,7.198146,5.690772,7.198146,1.507374,True,5777,,,
enclavesdex,EnclavesDex,0xbf45f4280cfbe7c2d2515a7d984b8c71c15e82b7,dex,eth,7.096190,17.929613,7.096190,-10.833422,True,1547,,0x0b2df89a0f816144c50400cac69f25ded20e774f,
ed_fork_6_9eth,ED Fork (0xc513),0xc5138d4bd0ec5c51b6b6bdfcb8528ad9c333af97,dex,eth,6.915473,6.916334,6.916334,-0.000862,True,6574,,0xdfd4b388467301eb592e41a5a2b9c3a9eb009b1f,
e25,E25 Booster,0xc3ad35d351b33783f27777e2ee1a4b6f96e4ee34,gambling,eth,6.907337,4.218583,6.907337,2.688754,True,8238,,,
proofofcommunity,ProofOfCommunity,0x1739e311ddbf1efdfbc39b74526fd8b600755ada,gambling,eth,6.597784,3.680234,6.598057,2.917550,True,6279,,,
lscx,LSCX,0x3da70c70b9574ff185b31d70878a8e3094603c4c,dex,eth,6.450809,6.450809,6.450809,-0.000000,True,7689,,0xce0f7b59fc961dce6ad236579eeb8afb73d1a3cd,
proofofcraiggrant,ProofOfCraigGrant,0xea61319f55b6543962fe1d7bd990ef74849fc54f,gambling,eth,6.175552,5.388131,6.175628,0.787421,True,5625,,,
ethdiamond,ETHDIAMOND,0xca1cc76be1f5e5ee492859d8463653cb231991bc,gambling,eth,6.142491,3.632220,6.142744,2.510271,True,9857,,,
blackgold,BlackGoldEthereum,0xf72b0b36723f60402cccad7f4358acf2ad474c17,gambling,eth,6.021465,8.239375,6.021465,-2.217910,True,5731,,,
startmining_stm_sale,Start Mining (STM) Token Sale,0xe8da050c3140183d4f5f01e048ac136e2da5253f,ico,eth,5.981138,5.981138,5.981138,0.000000,True,9884,0x252c9a3d88da5f70905a161a4c85e1b417e808a7,,
i2presale,I2 Presale,0xa8df33a40fe2e3278e4d94a974f70778043fbd20,ico,eth,5.795000,5.795000,5.795000,0.000000,True,3745,0x01e896615dc6045b655ad6eda7085f7c1861ae21,,
bitconnect2,BitConnect v2,0x568a693e1094b1e51e8053b2fc642da7161603f5,gambling,eth,5.484252,3.755080,5.484330,1.729172,True,9106,,,
bayesin_bys_crowsale,Bayesin (BYS) CrowSale,0xe8b1b40f2d307bce891833f46eef1f69560e6926,ico,eth,5.427900,5.427900,5.427900,0.000000,True,10160,0x91a4bd7ff66738d0910514fed46a689f87b8233f,,
etherc,EtherC,0xd8d48e52f39ab2d169c8b562c53589e6c71ac4d3,dex,eth,4.805631,4.807238,4.807238,-0.001607,True,7018,0x6fef8825df5d0cf7b072e5036f5fdcbd4a22ef21,,
ethershares,Ethershares,0x2c984ec9bb20b33deb84fbeedf20effda481fdc4,gambling,eth,4.666589,3.073055,4.666589,1.593534,True,5751,0x3a6c7d94565c9c95966be4740adcbbfc5526d556,,
divsnetwork,DivsNetwork,0x26e6c899b5a5dc1d4874d828fda515a7eb7baf00,gambling,eth,4.640549,4.685965,4.641146,-0.045415,True,6655,,,
powtf,PoWTF,0x702392282255f8c0993dbbbb148d80d2ef6795b1,gambling,eth,4.612389,3.353337,4.612424,1.259052,True,3989,,,
hourglassx,HourglassX,0x058a144951e062fc14f310057d2fd9ef0cf5095b,gambling,eth,4.083573,4.708062,4.083573,-0.624488,True,20111,,,
fairexchange,FairExchange,0xde2b11b71ad892ac3e47ce99d107788d65fe764e,gambling,eth,4.061526,1.480807,4.061526,2.580719,True,9807,,,
neutrino81,Neutrino81,0x897d6c6772b85bf25b46c6f6da454133478ea6ab,gambling,eth,3.968764,1.341071,3.968764,2.627693,True,3868,,0xf5c25f639c2b01a11bdf3f3f41f90361c3ae9eb2,
pomda,POMDA,0x0be5e8f107279cc2d9c3a537ed4ea669b45e443d,gambling,eth,3.752176,2.886651,3.752176,0.865525,True,6250,,,
decentether,DecentEther,0x7d2d58d7add0b2d6e06fa85590b60da7741c18c9,gambling,eth,3.747353,2.539187,3.747353,1.208166,True,9588,,,
bitconnect3,BitConnect v3,0x38e219ee67a5e1536c5a89fec2da0d69c254cac4,gambling,eth,3.538151,0.898274,3.538151,2.639876,True,9253,,,
powh_clone1,Hourglass Clone A,0xe1c9a03cf690256ff7738cbd508c88cf5238a535,gambling,eth,3.148894,2.290436,3.149602,0.858457,True,9115,,,
furious,Furious,0xb0c4382d4355cdfe94a132fadf92a509b1e25939,gambling,eth,3.115805,1.625668,3.116043,1.490137,True,10011,,,
twelvehour,TwelveHourToken,0x8f6015289a64c48ccf258c21a999809fc553c3c4,gambling,eth,3.109844,4.379060,3.109844,-1.269216,True,6516,,,
bitcratic_v1,Bitcratic v1,0x232ba9f3b3643ab28d28ed7ee18600708d60e5fe,dex,eth,3.061600,3.073330,3.061600,-0.011730,True,7302,,0x8d9171be891745426b226f29304d35de46b66731,
etherdiamond,EtherDiamond,0x4af078e47490c0e761a3de260952d9eb4a6ad693,gambling,eth,2.998272,2.632308,2.998449,0.365964,True,3938,,,
cryptosurge,CryptoSurge,0x11e165dd03c63771004f929d58b75e4aaf2d1a23,gambling,eth,2.961305,0.039768,2.961305,2.921536,True,11941,,,
mahala_coin_ico,Mahala Coin (MHC) Crowdsale,0xe117bb9d1e0fc6e859d9bf174c53baa7c673547a,ico,eth,2.948376,2.948376,2.948376,-0.000000,True,7165,0x04cfbfa64917070d7aeecd20225782240e8976dc,,
powh_clone2,Hourglass Clone B,0x34ba9c7402e1df11709c7983008b5a49d59e963f,gambling,eth,2.834312,0.230762,2.834542,2.603550,True,5732,,,
hourglass_clone6,Hourglass Clone F,0x77b541f90ecfa09f854209eefeca24c295050e2e,gambling,eth,2.808695,1.521820,2.808695,1.286874,True,11305,,,
lockedin,LOCKEDiN,0xdb4837c9d84315abcde80a865f15178f86db3966,gambling,eth,2.691041,1.444403,2.692053,1.246638,True,4818,,,
presalepool_b990,Presale Pool 0xb9906c,0xb9906cf500d5e61b9673115151104c990a804dcb,ico,eth,2.500000,2.500000,2.500000,0.000000,True,3400,,,
marketplace,MarketPlace,0x2f13fa06c0efd2a5c4cf2175a0467084672e648b,dex,eth,2.457622,2.457622,2.457622,-0.000000,True,17132,,0x718b6aca52548416e27ab38699cbc4c0ed304b95,
crowdsale_e82056,Crowdsale (0xe82056),0xe8205644fef286a2af423b72669e662feec127cd,ico,eth,2.410000,2.210000,2.410000,0.200000,True,1400,,,
upower,UPower,0x5044ac8da9601edf970dcc91a10c5f41c5c548c0,gambling,eth,2.349894,2.251110,2.311029,0.098784,True,5587,,,
stronghold,StrongHold,0x7e7e645e9121dddaf87d0434feb9f113d1dbbb41,gambling,eth,2.338620,1.101758,2.339155,1.236862,True,9281,,,
crowdsale_c699d9,Crowdsale (0xc699d9),0xc699d90671cb8373f21060592d41a7c92280adc4,ico,eth,2.317596,2.317596,2.317596,0.000000,True,3038,0x04cfbfa64917070d7aeecd20225782240e8976dc,,
hourglass_clone7,Hourglass Clone G,0xaa4ec8484e89bed69570825688789589d38eea5e,gambling,eth,2.282022,2.141468,2.282022,0.140554,True,9284,,,
bitox,Bitox,0xb5adb233f28c86cef693451b67e1f2d41da97d21,dex,eth,2.246903,2.248481,2.247203,-0.001578,True,6850,,0xc33ffac8030c7c50d8994015c88d502a3240dec7,
omnidex,OmniDex,0x433e631ac0c03e49ca034dbf5543964c80c6b391,gambling,eth,2.180360,1.769055,2.180310,0.411304,True,6768,,,
redchip2,RedChip v2,0xae384c6e68f5d697d65ed43fd53ef5ea3288f536,gambling,eth,2.172326,2.293326,2.172474,-0.121000,True,8967,,,
spw2,SPW v2,0xd446a13f9b9f8bcbc3ded73764d08735561b1638,gambling,eth,2.079315,0.134204,2.079315,1.945111,True,5777,,,
powh_clone3,Hourglass Clone C,0x7b6c511a94d35b9cf9979b727335c9798edb5c64,gambling,eth,2.071563,0.511251,2.071563,1.560312,True,9115,,,
powh_clone4,Hourglass Clone D,0xf5aa54d121dfe0d5eeb37c83aed42238f4f2c5c6,gambling,eth,2.046730,0.638573,2.046730,1.408157,True,5731,,,
crowdsalewatch,CrowdsaleWatch,0x6f303642844f734ad4176d0dfe93ef7e0776ef46,ico,eth,2.000000,2.000000,2.000000,0.000000,True,1619,,,
unkoin,UnKoin,0x5bedf488d29407bc08e77cd9ee292c2041a61c8c,gambling,eth,1.923953,0.261992,1.923953,1.661961,True,5626,,,
reservation2,Reservation2,0xde0b79f5e66fdc8a4ffb2c470756a1629e8ad569,ico,eth,1.900000,1.900000,1.900000,0.000000,True,1969,0x0021121b831790acecc99dad9e5019570331f844,,
gateway_ico_3091d3,Gateway ICO (0x3091d3),0x3091d37ef18cb33af72cf7ca63714733172ce724,ico,eth,1.412578,1.400799,1.412578,0.011780,True,3384,0x68a2558632d2cf5dc9809ac7f2771e2eb722218f,,
ethernext,Ethernext,0x499197314f9903a1ba9bed7ee54cd9eee5900e49,dex,eth,1.322543,1.323022,1.323022,-0.000479,True,7302,,0x2c2d15ca330c53502cfee799abde6fbe73c44179,
seeddex_v2,SeedDex v2,0xd4cc0cda97ec567235b7019c655ec75cd361f712,dex,eth,1.267294,1.137612,1.267294,0.129682,True,8741,,0xaa7f848d8dfd733d23e610cb2c84d1f1d1747c95,
vuepay,VuePayTokenSale (VUP),0xcba6f10d1147b2c5a3d8d8cbd93c373b31c6c2c8,ico,eth,1.208000,1.208000,1.208000,0.000000,True,6170,0xaa9bdaac509e414549472bb2acc63d18b0a09d9e,,
polarisdex,PolarisDEX,0x25066b77ae6174d372a9fe2b1d7886a2be150e9b,dex,eth,1.206604,1.156531,1.206604,0.050073,True,6366,,0x3edcb5e562b3551b3b2856b2386658e9ca4111f2,
seeddex_v3,SeedDex v3,0xcf25ebd54120cf2e4137fab0a91a7f7403a5debf,dex,eth,1.180489,1.148656,1.180489,0.031833,True,9972,,0xaa7f848d8dfd733d23e610cb2c84d1f1d1747c95,
ethmall,Ethmall,0x2b44d68555899dbc1ab0892e7330476183dbc932,dex,eth,1.035120,1.028551,1.035120,0.006569,True,6539,,0x693baf49257587efb2f0879843c862ec97a48a99,
singulardtv_launch,SingularDTV Launch (ConsenSys),0x6feaf4e8f386c08b4518c175874b332329d0d6ba,ico,eth,1.020600,1.020600,1.020600,0.000000,True,4489,0xbcfa53e7340ac4facb69c91b61c15c08c3b0293f,,
extoke,ExToke,0x97c9e0eccc27efef7330e89a8c9414623ba2ee0f,dex,eth,0.905326,0.904326,0.905326,0.001000,True,14755,0xf7dc4e3fc9c7cb5be76717ed7877bf461dcdb1a7,0xf7dc4e3fc9c7cb5be76717ed7877bf461dcdb1a7,
algodex,AlgoDEX,0x4bc78f6619991b029b867b6d88d39c196332aba3,dex,eth,0.867356,0.844920,0.867356,0.022436,True,13854,,0x9ff5a40b85c2f68c4275d6c2b9e1214dbd4111c9,
ndex,nDEx,0x51a2b1a38ec83b56009d5e28e6222dbb56c23c22,dex,eth,0.639209,0.639867,0.639209,-0.000658,True,6409,,0x5a00298bb590babeb2f236169c60b5b93e1954bc,
edex,EDex,0x4fbcfa90ac5a1f7f70b7ecc6dc1589bbe6904b02,dex,eth,0.543551,0.543551,0.543551,0.000000,True,13854,,0xc35e365c969a71bbc6cabe068d5abb1a3cf470ea,
tradexone,TradexOne,0xf61a285edf078536a410a5fbc28013f9660e54a8,dex,eth,0.471226,0.471226,0.471226,-0.000000,True,18510,,0x35509562fa3a286a4b4fde98261dfff436e84dcd,
afrodex,Afrodex,0xe8fff15bb5e14095bfdfa8bb85d83cc900c23c56,dex,eth,0.451708,0.451708,0.451708,0.000000,True,13467,,0x56d2550b4418636e5fd573146b9608ec65819cab,
p4rty_dao_vault,P4RTY DAO Vault,0x9465A32618a9172b3c14d82cecdCa788dE1ef878,gambling,eth,0.430478,0.433423,0.430799,-0.002945,True,3145,0xcb71eb21f53a2f4de0f26dc90518df10be13d1ec,,
thedao,The DAO,0xbb9bc244d798123fde783fcc1c72d3bb8c189413,ico,token,0.000600,81479.791194,81479.811926,-81479.790594,True,10838,0x0000000000000000000000000000000000000001,0x0000000000000000000000000000000000000001,True
p4d,P4D,0x96a4ed03206667017777f010dea4445823acb0fc,gambling,token,0.000000,7.636883,7.690942,-7.636883,True,13065,,,
ens_old,ENS Old Registrar,0x6090A6e47849629b7245Dfa1Ca21D94cd15878Ef,dex,token,0.000000,8983.981467,8983.981467,-8983.981467,True,9991,,,
sawgamespass,SAW Games Pass,0x347e3513ca6d5118cb2df3bc386eade1e8f25ceb,nft,eth,0.000000,0.000000,0.000000,0.000000,True,10590,0x96c80ab80a920efd32485bc2fb9dfec601f357e6,,
neufund_locked,Neufund,0xb1E4675f0dBE360bA90447A7e58c62C762Ad62D4,ico,token,0.000000,3713.192567,3861.108053,-3713.192567,True,6626,,,
conditional_tokens,Omen / Conditional Tokens,0xc59b0e4de5f1248c1140964e0ff287b192407e0c,other,token,0.000000,161.201706,161.201706,-161.201706,True,14771,,,
aave_v1,Aave v1,0x3a3A65aAb0dd2A17E3F1947bA16138cd37d08c04,defi,token,0.000000,925.999123,927.240689,-925.999123,True,8057,,,
vlb,VLB Token,0xd7e011ad27b6128934e2afd1763120ede1274ae4,ico,vault,0.000000,81.144246,81.144246,-81.144246,True,3137,0xafc89b80b77f9714611d4716dcfd159931a08bbc,,True
vlb_lino,VLB / Lino,0xdea2bc436d38d4f8ee6f9e63b63b72a399c24e2c,ico,vault,0.000000,17.280000,17.280000,-17.280000,True,6342,0x1c10d8178f43d994160ca1d53c658dfec50f3faa,,False
fnt,Friend Network Token,0x7c33f3d417ef65a5299998bf7bbd35921963336c,ico,vault,0.000000,16.450310,16.450310,-16.450310,True,8208,0xe8bb793d3e2a1031adcdda19fdf4eecd9b336e41,,
trend,Trend (TND),0x5113309c84f7292b5f780748df5869cb9d0e3ad5,ico,vault,0.000000,27.227072,27.227072,-27.227072,True,10316,0x239e71144d9a24241c64c3d237368c3a3508a0e8,,
global_ico,Global ICO Token (GLIF),0xd005c3dccd6e7056883dc612770021bc09837098,ico,vault,0.000000,16.126694,16.126694,-16.126694,True,11267,0x44fa4780d8e07991d14a25868ae00a3e3398c425,,
crypto_hunt,CryptoHunt (CH),0xb8f1437c742dc042af73d5bd18c8fc985ec8e3b4,ico,vault,0.000000,10.332650,10.332650,-10.332650,True,11997,0x5666c33bb922f97b6721d3f932dfd9350c933a6f,,
alttradex,Alttradex (ATXT),0x12c33d513d4534e6cb5dc06c56683be52a936d24,ico,vault,0.000000,5.163657,5.163657,-5.163657,True,4091,0x7de669f919a97de61b5a0229c973b963f38ad92d,,
etcetera_ico,Etcetera (ERA),0xc49e03bdd6809fd168565b26d27d5cf72f9e9525,ico,vault,0.000000,4.884109,4.884109,-4.884109,True,5287,0xca310b7026dc51f6177ef71f23754b43f98a7031,,
enkronos,Enkronos Token (ENK),0xda3fa12b3d41cd9948db6437f27c0c9978c55cbb,ico,vault,0.000000,0.130000,0.130000,-0.130000,True,6336,0x5fdb7762ab891fd1a9ee6e69189b8cf5c7b447e0,,
deskbell,DeskBell (DBT),0x6e776e93291620dac8f3dde4a0b98c42a5359293,ico,vault,0.000000,3.820000,3.820000,-3.820000,True,2490,0x57f8ffd76e9f90ed945e3db07f8f43b8e4b8e45d,,
quintessence,Quintessence (QST),0xc86554bee96fdb3c85f85b576ed52d5e1eacc3a6,ico,vault,0.000000,1.529000,1.529000,-1.529000,True,2574,0x5ba6ae05eb5553605cce7f0b470a665c7acd34c2,,
deck_coin,Deck Coin (DEK),0xcb7f070fda083e8e5f40559376c360f0709e985c,ico,vault,0.000000,1.217728,1.217728,-1.217728,True,6165,0x6ae2290100cc5ac5dd68132807e9153f151d0133,,
tokpie,Tokpie (TKP),0x5e6a22ef928d09e9159737393ca155e9eb021d54,ico,vault,0.000000,1.154832,1.154832,-1.154832,True,2785,0x91b48a7c716231ce325fdfcf4827355ddd56096c,,False
globalspy,GlobalSpy (SPY),0x05711090b4d375431e841ea79e52666f623d3353,ico,vault,0.000000,0.969807,0.969807,-0.969807,True,3929,0xc46e5282ca98b982b9cd5d7b029a77573b2f8307,,
bigtoken,BigToken (BTK),0x2f4330e833c76860ea54f15b0195ff80a2c519c4,ico,vault,0.000000,4.406446,4.406446,-4.406446,True,7898,0x256df1bc4287a5d0c38386af3c22381ec407d028,,
winiota,WINiota (WIT),0x3448295659daad4c834e5ce1c18c4e4ef73c7f06,ico,vault,0.000000,4.991632,4.991632,-4.991632,True,4616,0x9e4e4896051cdaefb83f5d6283df94c2fe030824,,
grapevine,Grapevine (GVINE),0xea864a114c648eff4f92e55b870fe1e71fd60083,ico,vault,0.000000,0.976800,0.976800,-0.976800,True,5954,0x389afed2aa861df8a3fda78cc7ec61f256b600db,,False
irb,IRB Tokens (IRB),0x269b4c23ddab676e2869ae72cd6ae4f24bdfea45,ico,vault,0.000000,5.296100,5.296100,-5.296100,True,2987,0x4af2a9987c96596f7857b01d06e395e3a9ba7437,,True
cam,CamToken (CAM),0xa785ecdc8f166d0644b853f29732ae128c5d775b,ico,vault,0.000000,3.453018,3.453018,-3.453018,True,6753,0x00d3fdb9e99079c1d1ea01463f179ec846c23d9a,,
linda_pre,LINDA Token (Presale),0x8519f68a987048b879bed6afab25a0414828c236,ico,vault,0.000000,2.926923,2.926923,-2.926923,True,5990,0x76baf0e8eb78207eac62990e106a26474e366e49,,
linda_main,LINDA Token (Main Sale),0xfcbc3a54c5663295d075b086441ee51c32ad152c,ico,vault,0.000000,2.748503,2.748503,-2.748503,True,8655,0x76baf0e8eb78207eac62990e106a26474e366e49,,False
monoreto,Monoreto (MNR),0x65320b9aeac77e45369e4892da896b7a987a97f3,ico,vault,0.000000,2.555338,2.555338,-2.555338,True,4175,0x7bceae654eb83e5058c371a6912120cd1486108c,,
ico_refund_79c5,Unverified ICO Refund (79c5),0x79c59c24465fc3cc92e6419d4b59fdd285d874cf,ico,vault,0.000000,1.541439,1.541439,-1.541439,True,12092,0xc7652d6f0d7c4a81029800ad94ef4c3a8f809950,,
treecoin,TREECHAIN NETWORK (TREECOIN),0xf36358e9c7f6bf26d9cff44f95bf9521fc3feed4,ico,vault,0.000000,1.000000,1.000000,-1.000000,True,9957,0xf20289a441ec14a93e6cf9623d73dd3fe4a8dd9c,,
lendsbay,Lendsbay Token (LBT),0x3adf5ee8777f471407e04a7453133477a2dc0c2c,ico,vault,0.000000,0.845000,0.845000,-0.845000,True,8892,0xb831b6aa79a6b5a8d9c107e41f7774865289da0a,,False
furt,FURT COIN (FRT),0xf563549daf64f684858e863e2731f19633d1acb1,ico,vault,0.000000,0.694375,0.694375,-0.694375,True,3373,0xada220adf0aeb4cca7cf156ecc82715007df83a2,,
kryptopy,Kryptopy Token (KPY),0x09b8aaa7a883e60c23c6a0635940000c6e2e7560,ico,vault,0.000000,0.590000,0.590000,-0.590000,True,11944,0x00716b3acb2bdec3ab9a14cb9d76115e37587409,,
digitize,DigitizeCoin Presale (DTZ),0x9527551ca444f6e5d9a0b281116586427366862a,ico,vault,0.000000,1.100000,1.100000,-1.100000,True,7154,0xd5df674a9196eed1f9c9e3adfd3394a9b0b3b314,,
pallycoin,PallyCoin (PAL),0xb4f10530e531c32490c68062662eb5684057afb4,ico,vault,0.000000,43.262955,43.262955,-43.262955,True,7774,0x00a17ee45c970da08b8205f254bf2f9327d1eb74,,False
pallycoin_v2,PallyCoin Fork (PAL2),0x77b275827eb3cf1792852b128a6dbc7a699bbd91,ico,vault,0.000000,3.770000,3.770000,-3.770000,True,7928,0x00a17ee45c970da08b8205f254bf2f9327d1eb74,,False
chickenchef,ChickenChef,0x87ae4928f6582376a0489e9f70750334bbc2eb35,masterchef,weth,0.000000,48.204819,48.204819,-48.204819,True,6328,0x1413ced060d11fd46e851053b94b5a69e6e91dcc,,
gov_treasurer,GovTreasurer,0x4dac3e07316d2a31baabb252d89663dee8f76f09,masterchef,weth,0.000000,18.997362,18.997362,-18.997362,True,9971,0xb8021b49a68f89a3ae1b8e1b0f97d1740e8c2bd6,,
mysteryman,MysteryMan,0x07261a6e37adbfab11e6474bca54634c7782b195,masterchef,weth,0.000000,4.000000,4.000000,-4.000000,True,9484,0xf04e951a90a2747feac1eda362cd08df1631ec24,,
masterstar,MasterStar,0xb60c12d2a4069d339f49943fc45df6785b436096,masterchef,weth,0.000000,3.000000,3.100000,-3.000000,True,11150,0x78426ee0749bd02c99def802589195f9cdbbcfb9,,
bdpmaster,BDPMaster,0x0de845955e2bf089012f682fe9bc81dd5f11b372,masterchef,weth,0.000000,1.743000,1.743000,-1.743000,True,6290,0x78cf381ae67b521d9f22a040d13134b66dcebec9,,
genesis_weth_pool,Pop Finance,0x6b1803a257298292517668a5832bc5a27cb012fb,defi,weth,0.000000,49.275724,10.341360,-49.275724,True,5449,0xd0da67f38ea511e795f8f8be97da7b3eca47b3c5,,
dxmgnpool,Gnosis DutchX,0xf1d29a124622c06f7026f35553543c833102183b,defi,weth,0.000000,158.828223,158.828230,-158.828223,True,8571,0x7882afc0b3e3e83ed45d96526c4367a458a58ec7,,
hegic_call,Hegic V1 Call,0xb9ed94c6d594b2517c4296e24a8c517ff133fb6d,defi,weth,0.000000,2.302797,2.302796,-2.302797,True,15471,,,
hegic_wbtc_pool,Hegic WBTC Pool,0x20dd9e22d22dd0a6ef74a520cb08303b5fad5de7,defi,token,0.000000,125.924078,125.924078,-125.924078,True,9295,0x3961245db602ed7c03eeccda33ea3846bd8723bd,,
shrimp,Shrimp Finance,0x7127ee43fafba873ce985683ab79df2ce2912198,defi,weth,0.000000,41.807785,40.807785,-41.807785,True,5130,0xf5bc663bca33af81e2fb8f72d24cad0d14665871,,
bee,Bee2 Finance,0x3e63e6f0d6e90e120eb31e005aa149b476a89492,defi,weth,0.000000,30.410000,30.410000,-30.410000,True,6641,0x8f2ea106c8cdf59c72d49afacca3e70bda175f29,,
kitten,Kitten Finance,0xb1236770ed9015e331c021347e005b00c8b8a01b,defi,weth,0.000000,19.626407,19.626407,-19.626407,True,6169,,,
yam_weth,Yam Finance v1,0x587a07ce5c265a38dd6d42def1566ba73eeb06f5,defi,weth,0.000000,136.241335,136.241334,-136.241335,True,6404,0xae99ff8fe2236af5083ea979ecf1dbaa0efd07e3,,
spaghetti,Spaghetti Money,0x4547a86ca6a84b9d60dc57af908472074de7af5f,defi,weth,0.000000,48.466875,48.466876,-48.466875,True,4979,,,
dokidoki,Doki Doki Finance,0xde846827ce3022ecd5efd6ed316a2def9ab299b8,defi,weth,0.000000,57.115607,57.115607,-57.115607,True,9880,0xb3348155afeac9aa6a14a48acbda3d71100407fd,,
cofi,CoFiX Staking,0x0061c52768378b84306b2665f098c3e0b2c03308,defi,weth,0.000000,48.683809,49.029962,-48.683809,True,8309,,,
pickle_staking,Pickle Finance v1 Staking,0xa17a8883da1abd57c690df9ebf58fc194edab66f,defi,weth,0.000000,53.057732,53.057728,-53.057732,True,5951,0x066419eaef5de53cc5da0d8702b990c5bc7d1ab3,,False
opyn_gamma_redeem,Opyn v2 Gamma,0x4ccc2339f87f6c59c6893e1a678c2266ca58dc72,options,weth,0.000000,368.368586,368.368586,-368.368586,True,1173,0x638e5da0eebba58c67567bceb4ab2dc8d34853fb,,
opyn_v1,Opyn v1,0xb529964f86fbf99a6aa67f72a27e59fa3fa4feac,options,eth,0.000000,21.632517,21.633383,-21.632517,True,24510,0x9e68b67660c223b3e0634d851f5df821e0e17d84,,
mesa,Mesa / Gnosis Protocol v1,0x6f400810b62df8e13fded51be75ff5393eaa841f,dex,token,0.000000,138.878730,138.878730,-138.878730,True,23307,,,
uma_yield_dollar,UMA Yield Dollar,0xe1ee8d4c5dba1c221840c08f6cf42154435b9d52,options,weth,0.000000,213.303774,214.275628,-213.303774,True,20150,,,
vader_merkle,Vader Protocol,0xf5644345a5a9dc14076b58802dc908b83e62b0e1,defi,weth,0.000000,225.378594,224.759059,-225.378594,True,4546,0xfd9ad7f8b72fc133543cb7ccc2f11c03b81726f9,,
yearn_v1_weth,Yearn v1 yWETH,0xe1237aA7f535b0CC33Fd973D66cBf830354D16c7,defi,weth,0.000000,430.967010,430.967015,-430.967010,True,14637,,,
euler_claims,Euler Redemptions,0xbc8021015db2ca0599e0692d63ae6b91564cf026,lending,weth,0.000000,137.492035,137.577710,-137.492035,True,7278,0xcad001c30e96765ac90307669d578219d4fb1dce,,
tokemak_weth,Tokemak v1 tWETH,0xd3d13a578a53685b4ac36a1bab31912d2b2a2f36,defi,weth,0.000000,274.136202,274.158411,-274.136202,True,2141,0x90b6c61b102ea260131ab48377e143d6eb3a9d4b,,False
x2y2_fee_sharing,X2Y2 Fee Sharing,0xc8c3cc5be962b6d281e4a53dbcce1359f76a1b85,nft,token,0.000000,315.835791,315.835791,-315.835791,True,8713,,,
gnosis_auction,Gnosis Auction,0x0b7ffc1f4ad541a4ed16b40d8c37f0929158d101,defi,weth,0.000000,235.046521,236.946846,-235.046521,True,23406,0x0da0c3e52c977ed3cbc641ff02dd271c3ed55afe,,
nomad_recovery,Nomad Bridge Recovery,0xa4B86BcbB18639D8e708d6163a0c734aFcDB770c,hack_recovery,token,0.000000,44.926041,97.093702,-44.926041,True,439,0xb0895da7ea0081b652c43dbe848fea6791ea2888,,
x2y2_presale,X2Y2 Presale,0xc2f44bc508b6b50047a2f3afb1984ed105070be1,nft,token,0.000000,25.891121,25.891121,-25.891121,True,9714,0x5d7cca9fb832bbd99c8bd720ebda39b028648301,,
tribe_redeemer,Tribe Redeemer,0x4d9629e80118082b939e3d59e69c82a2ec08b4d5,defi,token,0.000000,0.000000,0.000000,0.000000,True,2551,,,
gro_ust_comp,Gro UST Compensation,0x02c133b9fbffb8d2e8cb7b7a94c7c880b331c720,defi,token,0.000000,0.000000,0.000000,0.000000,True,4545,0x359f4fe841f246a095a82cb26f5819e10a91fe0d,,
lido_anchor_vault,Lido AnchorVault,0xA2F987A546D4CD1c607Ee8141276876C26b72Bdf,defi,eth,0.000000,232.826408,816.705512,-232.826408,True,2031,,0x3e40d73eb977dc6a537af587d48316fee66e9c8c,
dx_2,DutchX dx_2,0xb9812e2fa995ec53b5b6df34d21f9304762c5497,defi,token,0.000000,106.737902,113.000000,-106.737902,True,249,,,
dx_3,DutchX dx_3,0xaf1745c0f8117384dfa5fff40f824057c70f2ed3,defi,token,0.000000,47.965695,70.968000,-47.965695,True,253,,,
dydx_solo,dYdX Solo Margin,0x1E0447b19BB6EcFdAe1e4AE1694b0C3659614e4e,lending,token,0.000000,1648.570541,1692.687071,-1648.570541,True,16851,0xba2906b18b069b40c6d2cafd392e76ad479b1b53,,
uniswap_airdrop,Uniswap UNI Airdrop,0x090D4613473dEE047c3f2706764f49E0821D256e,defi,token,0.000000,0.000000,0.000000,0.000000,True,1425,,,
set_protocol,Set Protocol (TokenSets),0x5b67871c3a857de81a1ca0f9f7945e5670d986dc,defi,token,0.000000,523.835083,530.540515,-523.835083,True,7899,0xf8523c551763fe4261a28313015267f163de7541,,
aimbot,AimBot,0x0c48250eb1f29491f1efbeec0261eb556f0973c7,token,token,0.000000,0.000000,0.000000,0.000000,True,14033,0x077905fa422a6c1f45ad81d305e15dd94f8af56e,,
protorai,ProtoRAI (Reflexer),0x4d37ef04724fec8b80aab3f6b7e7f4ef4181d9a9,defi,token,0.000000,30.209637,30.209637,-30.209637,True,9826,,,
