2026-09-28T13:44:15.000000Z		0xb41b842AA0f803eA815eE9A4EEF956ddF8745a66	0xdd7c49D1bA862b1285710A30E20C2438b13AE532	execTransaction	0	ok	0x2fae53e95f492ae2c60f7174bda02222d9e03444846e0b0ea2b51a44f2356041
2026-09-28T03:06:39.000000Z		0xb41b842AA0f803eA815eE9A4EEF956ddF8745a66	0xdd7c49D1bA862b1285710A30E20C2438b13AE532	execTransaction	0	ok	0x4e7d801e05cc61eb50676d3025e5291f999f231af331e33e9d65be512b76905e
2026-09-01T17:40:49.000000Z		0xb41b842AA0f803eA815eE9A4EEF956ddF8745a66	0xdd7c49D1bA862b1285710A30E20C2438b13AE532	execTransaction	0	ok	0x26aabac58209fcdfb259ea6cd9727da02d82bf34a80a9285a230700bca82ebe5
2026-08-27T01:15:05.000000Z		0xb41b842AA0f803eA815eE9A4EEF956ddF8745a66	0xdd7c49D1bA862b1285710A30E20C2438b13AE532	execTransaction	0	ok	0x700865188c283d6910122979eb19cd87c1ce801fabaaa986df72e545e486ca81
2026-08-26T19:44:50.000000Z		0xb41b842AA0f803eA815eE9A4EEF956ddF8745a66	0xdd7c49D1bA862b1285710A30E20C2438b13AE532	execTransaction	0	ok	0x85cb0f207786e615048ecadc9bacf5bf41177de6b1a80c2004c0126d4c3f7743
2026-08-23T15:39:17.000000Z		0xb41b842AA0f803eA815eE9A4EEF956ddF8745a66	0xdd7c49D1bA862b1285710A30E20C2438b13AE532	execTransaction	0	ok	0xdc37db834e6ad64a4f42ebb6e1b45fd605ed5abd3320c6e12b94faf8cc22df8e
2026-08-04T17:58:16.000000Z		0xb41b842AA0f803eA815eE9A4EEF956ddF8745a66	0xdd7c49D1bA862b1285710A30E20C2438b13AE532	execTransaction	0	ok	0x21d8671663262dd7e06431d070f51e758ee4504c4dcc1b0fcedfcd20f0c663e7
2026-07-30T20:45:56.000000Z		0xb41b842AA0f803eA815eE9A4EEF956ddF8745a66	0xdd7c49D1bA862b1285710A30E20C2438b13AE532	execTransaction	0	ok	0x21aeccdb9cabf9b3ea3190e3b4eaded40383a533b4cacacf468fe6778f92c932
2026-07-30T20:44:40.000000Z		0xb41b842AA0f803eA815eE9A4EEF956ddF8745a66	0xdd7c49D1bA862b1285710A30E20C2438b13AE532	execTransaction	0	ok	0xa06997a78bc81e4ceb1a613a8c1f369e880e95ca5f623fb7a5471509d7794283
2026-06-29T15:46:55.000000Z		0xb41b842AA0f803eA815eE9A4EEF956ddF8745a66	0xdd7c49D1bA862b1285710A30E20C2438b13AE532	execTransaction	0	ok	0x6fbc0ad745df9d559f5742bce14d509d88c10ac1c076f8104441501fc50e1cba
2026-06-04T14:16:40.000000Z		0xb41b842AA0f803eA815eE9A4EEF956ddF8745a66	0xdd7c49D1bA862b1285710A30E20C2438b13AE532	execTransaction	0	ok	0x28f0a9dd542394994c0be9cb44bc63e9e91fcb560baa0d2b4967a770711c54b8
2026-05-27T04:17:19.000000Z		0xb41b842AA0f803eA815eE9A4EEF956ddF8745a66	0xdd7c49D1bA862b1285710A30E20C2438b13AE532	execTransaction	0	ok	0xcfe4ec65702ac7f9d3f75977dce281347d638bec9045d72d66bb9169aa5e9b45
2025-12-27T16:48:51.000000Z		0xb41b842AA0f803eA815eE9A4EEF956ddF8745a66	0xdd7c49D1bA862b1285710A30E20C2438b13AE532	execTransaction	0	ok	0xaabf1f41860220c20f3379d7554c2a8c1f5781fde9748429dcf48e7d976e0597
2025-12-26T22:53:23.000000Z		0xb41b842AA0f803eA815eE9A4EEF956ddF8745a66	0xdd7c49D1bA862b1285710A30E20C2438b13AE532	execTransaction	0	ok	0xe4a28729e518c55897f88bda76756419f7a8409edfa559d2e3e7f8fd3dea423a
2023-12-21T16:10:20.000000Z		0x923170a08b58b18B119e4972DE8d5710b65D1a30	0xdd7c49D1bA862b1285710A30E20C2438b13AE532	execTransaction	0	ok	0x55ba426f5f821180e026441f43ba2d694a229fc3b7360a1a65556e26218028bf
2023-12-20T23:05:20.000000Z		0xAdabeccd521dAcE92c85Be0265b84Ca577937882	0xdd7c49D1bA862b1285710A30E20C2438b13AE532	execTransaction	0	ok	0x702cf1807076557e902c324a9e1a490c7a5eb64c5776bb688e77a92b7535916c
2023-12-20T15:48:20.000000Z		0xAdabeccd521dAcE92c85Be0265b84Ca577937882	0xdd7c49D1bA862b1285710A30E20C2438b13AE532	execTransaction	0	ok	0x89873acc983afbe6e5ec033e1f0a73b0f19955af52d6c7584d057f0c115032ec
2023-12-20T15:22:50.000000Z		0x26eC4FF77DF305d5a9A7660E046dd1c06ce517f6	0xdd7c49D1bA862b1285710A30E20C2438b13AE532	?	2999999000000000000000000	ok	0xbd1a5037948823bd9c00678329a09160b5080cb3c9ce3e94413dc08cf555c81a
2023-12-20T15:21:20.000000Z		0x26eC4FF77DF305d5a9A7660E046dd1c06ce517f6	0xdd7c49D1bA862b1285710A30E20C2438b13AE532	?	1000000000000000000	ok	0x43955adef25acd4f55fa25fe452d421ad633a09dba4707b83bf5467a0f69b82b
