1	0xB593d82d53e2c187dc49673709a6E9f806cdC835	0x011535FD795fD28c749363E080662D62fBB456a7	7265651780280617322	10231825245381271	2			
2	0xB593d82d53e2c187dc49673709a6E9f806cdC835	0x06799a1e4792001AA9114F0012b9650cA28059a3	1209299932290980665713177030673858520201944054295	19743011496990068	1			
3	0xB593d82d53e2c187dc49673709a6E9f806cdC835	0x06799a1e4792001AA9114F0012b9650cA28059a3	441709949099951566565154474757372614835584735633	10234587463677453	2			
4	0xB593d82d53e2c187dc49673709a6E9f806cdC835	0x06799a1e4792001AA9114F0012b9650cA28059a3	925224436442209452266071209771317932491848202612	32282975648044322	2			
5	0xB593d82d53e2c187dc49673709a6E9f806cdC835	0x06799a1e4792001AA9114F0012b9650cA28059a3	386385898413441759040235067259962248157083155783	42783771427843696	2			
6	0xB593d82d53e2c187dc49673709a6E9f806cdC835	0x06799a1e4792001AA9114F0012b9650cA28059a3	1415993540538893780022893132373994915766026783580	154352613169949669	2			
7	0xB593d82d53e2c187dc49673709a6E9f806cdC835	0x06799a1e4792001AA9114F0012b9650cA28059a3	1068551375830531589962623820047560488653820188992	9752898346	2			
8	0xB593d82d53e2c187dc49673709a6E9f806cdC835	0x06799a1e4792001AA9114F0012b9650cA28059a3	273221582802918082381815484178205651037310250536	581714682819823	2			
9	0x60e86029ed1A8b91cB0dF8BBDFE56c4C2Ad2D073	0x011535FD795fD28c749363E080662D62fBB456a7	7615756535914521321	26360919217744191	2			
10	0x60e86029ed1A8b91cB0dF8BBDFE56c4C2Ad2D073	0x06799a1e4792001AA9114F0012b9650cA28059a3	1209299932290980665713177030673858520201944054295	19849713699991065	1			
11	0x60e86029ed1A8b91cB0dF8BBDFE56c4C2Ad2D073	0x06799a1e4792001AA9114F0012b9650cA28059a3	441709949099951566565154474757372614835584735633	10231561883127187	2			
12	0x60e86029ed1A8b91cB0dF8BBDFE56c4C2Ad2D073	0x06799a1e4792001AA9114F0012b9650cA28059a3	925224436442209452266071209771317932491848202612	126973158218448212	2			
13	0x60e86029ed1A8b91cB0dF8BBDFE56c4C2Ad2D073	0x06799a1e4792001AA9114F0012b9650cA28059a3	386385898413441759040235067259962248157083155783	106419701509130814	2			
16	0x60e86029ed1A8b91cB0dF8BBDFE56c4C2Ad2D073	0x06799a1e4792001AA9114F0012b9650cA28059a3	273221582802918082381815484178205651037310250536	583340985688090	2			
17	0x60e86029ed1A8b91cB0dF8BBDFE56c4C2Ad2D073	0xA2caEa05fF7B98f10Ad5ddc837F15905f33FEb60	21202164777340611954999570008915022189929806762507427497767963254617537625	59164606568992579	1			
18	0x60e86029ed1A8b91cB0dF8BBDFE56c4C2Ad2D073	0xA2caEa05fF7B98f10Ad5ddc837F15905f33FEb60	74207576720692141842498495031202577664754323668775996241107481330358057845	11068618895415897	2			
19	0x60e86029ed1A8b91cB0dF8BBDFE56c4C2Ad2D073	0xA2caEa05fF7B98f10Ad5ddc837F15905f33FEb60	14134776518227074636666380005943348126619871175004951664972878453778914510	35129899395604673	2			
20	0x60e86029ed1A8b91cB0dF8BBDFE56c4C2Ad2D073	0xA2caEa05fF7B98f10Ad5ddc837F15905f33FEb60	10601082388670305977499785004457511094964903381253713748729661681481426996	48453090558204543	2			
21	0x60e86029ed1A8b91cB0dF8BBDFE56c4C2Ad2D073	0xA2caEa05fF7B98f10Ad5ddc837F15905f33FEb60	5300541194335152988749892502228755547482451690626856874364829237249156227	179833004870183236	2			
23	0x60e86029ed1A8b91cB0dF8BBDFE56c4C2Ad2D073	0xA2caEa05fF7B98f10Ad5ddc837F15905f33FEb60	19435317712562227625416272508172103674102322865631808539339678465866197119	709649803098561	2			
25	0x60e86029ed1A8b91cB0dF8BBDFE56c4C2Ad2D073	0xf1F32C8EEb06046d3cc3157B8F9f72B09D84ee5b	0	5903571603287050375	3			
26	0x60e86029ed1A8b91cB0dF8BBDFE56c4C2Ad2D073	0x06799a1e4792001AA9114F0012b9650cA28059a3	275498861170022089108532439384495730436935675743	4341257	2			
27	0x60e86029ed1A8b91cB0dF8BBDFE56c4C2Ad2D073	0x06799a1e4792001AA9114F0012b9650cA28059a3	994927942081732774077955121581421418523584542933	3232767171826	2			
222	0x8Cb7E783F3bE0bEb949b4ddfE7AC90BdB7EebD0c	0xA2caEa05fF7B98f10Ad5ddc837F15905f33FEb60	21202164777340611954999570008915022189929806762507427497767964591726940676	21279780973550932674	1			
223	0x8Cb7E783F3bE0bEb949b4ddfE7AC90BdB7EebD0c	0x06799a1e4792001AA9114F0012b9650cA28059a3	1209299932290980665713177030673858520201944054295	9512263757234803568	1			
257	0x8Da17BBb1456D3839aC6a6Fe64607769e0c85140	0x06799a1e4792001AA9114F0012b9650cA28059a3	1209299932290980665713177030673858520201944054295	123500132788304959849	1			
283	0x4b64c95B1d08EF0EfB626B3FbC8cDB6Fd57972Fe	0xA2caEa05fF7B98f10Ad5ddc837F15905f33FEb60	21202164777340611954999570008915022189929806762507427497767963630369955398	4493474106512486223	1			
307	0x28f8eD78021d6d0D96f2b6040F0B633ec6790E32	0x06799a1e4792001AA9114F0012b9650cA28059a3	386385898413441759040235067259962248157083155783	1126637927566583140	1			
313	0x60e86029ed1A8b91cB0dF8BBDFE56c4C2Ad2D073	0x06799a1e4792001AA9114F0012b9650cA28059a3	1209299932290980665713177030673858520201944054295	60579622652673445	1			
314	0x60e86029ed1A8b91cB0dF8BBDFE56c4C2Ad2D073	0xA2caEa05fF7B98f10Ad5ddc837F15905f33FEb60	21202164777340611954999570008915022189929806762507427497767963650354308549	147403151792204855	1			
410	0x5c2BA7470a1680Eb2e5C94Adc21BfE256dF830dF	0x011535FD795fD28c749363E080662D62fBB456a7	7793694865254953977	8015806714919620823	2			
425	0x5EBE0023648431D910B2905334291455B0E71a95	0xA2caEa05fF7B98f10Ad5ddc837F15905f33FEb60	21202164777340611954999570008915022189929806762507427497767963740244621563	3911630623215057175	0			
428	0x5c2BA7470a1680Eb2e5C94Adc21BfE256dF830dF	0xA2caEa05fF7B98f10Ad5ddc837F15905f33FEb60	37103788360346070921249247515601288832377161834388001490041929876921155862	350061468813	2			
429	0x1459465a5Daa66f4BD7B956745D06B78A13bc86C	0x06799a1e4792001AA9114F0012b9650cA28059a3	1209299932290980665713177030673858520201944054295	25702638737165706	0			
453	0x1431F9037d086bB32f09189379203E3260904139	0x06799a1e4792001AA9114F0012b9650cA28059a3	994927942081732774077955121581421418523584542933	255732778696609	1			
454	0x9ffb793FCe3e56dAE02327732459309E9F5a9B36	0x011535FD795fD28c749363E080662D62fBB456a7	9714414969669073790	10909168501656865535	2			
520	0xB71f8252535F64Cb1c1343306d19190f1aA75114	0x06799a1e4792001AA9114F0012b9650cA28059a3	275498861170022089108532439384495730436935675743	451917629	2			
528	0x60e86029ed1A8b91cB0dF8BBDFE56c4C2Ad2D073	0x06799a1e4792001AA9114F0012b9650cA28059a3	1277415707975801504997778032425509942405532353615	6627854902846763	1			
529	0x60e86029ed1A8b91cB0dF8BBDFE56c4C2Ad2D073	0x06799a1e4792001AA9114F0012b9650cA28059a3	351843145539174241886429599883001225337978621902	25365046360965802	1			
530	0x60e86029ed1A8b91cB0dF8BBDFE56c4C2Ad2D073	0x06799a1e4792001AA9114F0012b9650cA28059a3	1032645502136839097869158895333537673945117411804	93535521138	1			
538	0x60e86029ed1A8b91cB0dF8BBDFE56c4C2Ad2D073	0xA2caEa05fF7B98f10Ad5ddc837F15905f33FEb60	65373341396800220194582007527487985085616904184397901450499474002471554956	7179548571002040	1			
539	0x60e86029ed1A8b91cB0dF8BBDFE56c4C2Ad2D073	0xA2caEa05fF7B98f10Ad5ddc837F15905f33FEb60	15901623583005458966249677506686266642447355071880570623094509802312952004	36014336050244808	1			
540	0x60e86029ed1A8b91cB0dF8BBDFE56c4C2Ad2D073	0xA2caEa05fF7B98f10Ad5ddc837F15905f33FEb60	7067388259113537318333190002971674063309935587502475832486596044871578749	5498976165532998	1			
541	0x60e86029ed1A8b91cB0dF8BBDFE56c4C2Ad2D073	0xA2caEa05fF7B98f10Ad5ddc837F15905f33FEb60	30036400101232533602916057512629614769067226246885522288067329310421402515	32532119313131139	1			
542	0x60e86029ed1A8b91cB0dF8BBDFE56c4C2Ad2D073	0xA2caEa05fF7B98f10Ad5ddc837F15905f33FEb60	22969011842118996284582867509657940705757290659383046455580883649115671491	140055290820049537	1			
543	0x60e86029ed1A8b91cB0dF8BBDFE56c4C2Ad2D073	0xA2caEa05fF7B98f10Ad5ddc837F15905f33FEb60	1766847064778384329583297500742918515827483896875618965032982958391726264	111537355242	1			
629	0xd87daBfcC6862a54Fc48c77977c4713C43292c78	0x06799a1e4792001AA9114F0012b9650cA28059a3	273221582802918082381815484178205651037310250536	199708694779301	0			
630	0x3861e68e74faD79A10D54396045e5691D8E04fd8	0xA2caEa05fF7B98f10Ad5ddc837F15905f33FEb60	21202164777340611954999570008915022189929806762507427497767963893088485552	1156519209814242663	1			
638	0x870B094E0D2227A6745fb7EfF633649e107fF1ED	0x011535FD795fD28c749363E080662D62fBB456a7	7983909803242447713	54445129128405981	0			
645	0x870B094E0D2227A6745fb7EfF633649e107fF1ED	0xA2caEa05fF7B98f10Ad5ddc837F15905f33FEb60	5300541194335152988749892502228755547482451690626856874364829534662728822	861033353327578169	0			
669	0xC5a0D238075734bf1758a5d6FE6EDD6FB2f2E675	0x06799a1e4792001AA9114F0012b9650cA28059a3	994927942081732774077955121581421418523584542933	1077943532432069	1			
675	0x11f793f84dc01DA1737E76a22aD174Dd1192F721	0x011535FD795fD28c749363E080662D62fBB456a7	8017439831246067321	226985159359212275	1			
689	0x870B094E0D2227A6745fb7EfF633649e107fF1ED	0xA2caEa05fF7B98f10Ad5ddc837F15905f33FEb60	37103788360346070921249247515601288832377161834388001504879534041190840901	8320506994	0			
709	0x60e86029ed1A8b91cB0dF8BBDFE56c4C2Ad2D073	0x06799a1e4792001AA9114F0012b9650cA28059a3	75868688871649073572860417677736587997168474194	88530978974	1			
710	0x60e86029ed1A8b91cB0dF8BBDFE56c4C2Ad2D073	0x06799a1e4792001AA9114F0012b9650cA28059a3	1111421274577262176191654083625941381887762539045	2005358528540462	1			
711	0x60e86029ed1A8b91cB0dF8BBDFE56c4C2Ad2D073	0xA2caEa05fF7B98f10Ad5ddc837F15905f33FEb60	58305953137686682876248817524516311022306968596895425618014166773754929369	2365497196723868	1			
712	0x60e86029ed1A8b91cB0dF8BBDFE56c4C2Ad2D073	0xA2caEa05fF7B98f10Ad5ddc837F15905f33FEb60	6521054137204633735	107862312689	1			
719	0x5853eD4f26A3fceA565b3FBC698bb19cdF6DEB85	0x06799a1e4792001AA9114F0012b9650cA28059a3	275498861170022089108532439384495730436935675743	22918387	2			
723	0xD5bE0439eCCb370C807F698f6Ab98bAA5fBD24e0	0xf1F32C8EEb06046d3cc3157B8F9f72B09D84ee5b	1929504505439457	195470268375074377112	1			
736	0xe321bD63CDE8Ea046b382f82964575f2A5586474	0x011535FD795fD28c749363E080662D62fBB456a7	8068251724801681204	1159674098260646	0			
737	0x0470bad9Bd245C1829cDf05607d8F156846Bad29	0x06799a1e4792001AA9114F0012b9650cA28059a3	1032645502136839097869158895333537673945117411804	393279741740	0			
741	0x0470bad9Bd245C1829cDf05607d8F156846Bad29	0xA2caEa05fF7B98f10Ad5ddc837F15905f33FEb60	1766847064778384329583297500742918515827483896875618965069758932618970601	1983045696513	0			
746	0x870B094E0D2227A6745fb7EfF633649e107fF1ED	0xA2caEa05fF7B98f10Ad5ddc837F15905f33FEb60	1766847064778384329583297500742918515827483896875618965117575728424987284	1388558918196	0			
786	0x3D08713164d502d86baC255A91051d8811fE9CF7	0xA2caEa05fF7B98f10Ad5ddc837F15905f33FEb60	1766847064778384329583297500742918515827483896875618970014322020226397475	140849275605036	2			
813	0xc02C1c9CC89150b9A3f30073DDc3D60a0C2a02e6	0xA2caEa05fF7B98f10Ad5ddc837F15905f33FEb60	1766847064778384329583297500742918515827483896875618965079410877726967105	594106482942	0			
869	0xaea8658914cf1EE552E30c8a71906cba5897b4AD	0xA2caEa05fF7B98f10Ad5ddc837F15905f33FEb60	74207576720692141842498495031202577664754323668775996241107487923419157850	17336159590543922620	2			
885	0x080E3E557CEa05B9013ecFB8a2B0F5093110576a	0x06799a1e4792001AA9114F0012b9650cA28059a3	1032645502136839097869158895333537673945117411804	737137917645	1			
945	0xD1BF5f87c7f04F93E46521988940B5aEa30eB7AA	0x06799a1e4792001AA9114F0012b9650cA28059a3	1209299932290980665713177030673858520201944054295	1183234944439292439	1			
958	0x60e86029ed1A8b91cB0dF8BBDFE56c4C2Ad2D073	0x06799a1e4792001AA9114F0012b9650cA28059a3	938967527125595836475317159035754667655090662161	97831507856959508	1			
959	0x60e86029ed1A8b91cB0dF8BBDFE56c4C2Ad2D073	0xA2caEa05fF7B98f10Ad5ddc837F15905f33FEb60	3533694129556768659166595001485837031654967793751237916243219874172380510	111853139132055940	1			
961	0x19BB34410c9a0f70E89d1b9ab054059Ed1cf5aa8	0xA2caEa05fF7B98f10Ad5ddc837F15905f33FEb60	14134776518227074636666380005943348126619871175004951664972879840765249084	53330622270949019	0			
995	0x5504e362916B776529984740C6b83B91CDD9A688	0xA2caEa05fF7B98f10Ad5ddc837F15905f33FEb60	30036400101232533602916057512629614769067226246885522288067329750252096116	326492898011696540	1			
1083	0x3EF60aE2acE351dC6058B5B21Fb566089D118137	0x011535FD795fD28c749363E080662D62fBB456a7	8295306589788064974	549788469208056094	2			
1097	0x071F73f4D0befd4406901AACE6D5FFD6D297c561	0xA2caEa05fF7B98f10Ad5ddc837F15905f33FEb60	6587544297564598600	1071528065453	1			
1119	0x2a9C5B0b787A3Fd41911093C3086D0a046531Ee1	0x06799a1e4792001AA9114F0012b9650cA28059a3	994927942081732774077955121581421418523584542933	22343699054173	0			
1147	0x2b9e1c880CF02102Fd018C6A288E27A724435942	0x06799a1e4792001AA9114F0012b9650cA28059a3	275498861170022089108532439384495730436935675743	188487560	1			
1191	0x140b47E5208828dD3dD236Ef45079Bb8E8d6Ca6D	0xf1F32C8EEb06046d3cc3157B8F9f72B09D84ee5b	2625755613179914	316418161811671501983	1			
1226	0x38C7dAFfc73fb9d4057F31118cBEE74Edc19665D	0xf1F32C8EEb06046d3cc3157B8F9f72B09D84ee5b	2682958685534251	92440105377764058634	1			
1233	0xF9Ca61b2C3938D3C5Ec8Fa669622240A7a0cb316	0xA2caEa05fF7B98f10Ad5ddc837F15905f33FEb60	30036400101232533602916057512629614769067226246885522288067330049373864648	1066158668483338466	1			
1238	0xA35cbd5932B4cC09F18CF6bc86a4E86F5b39BFA5	0x06799a1e4792001AA9114F0012b9650cA28059a3	75868688871649073572860417677736587997168474194	473105441404	1			
1263	0xF9Ca61b2C3938D3C5Ec8Fa669622240A7a0cb316	0x06799a1e4792001AA9114F0012b9650cA28059a3	925224436442209452266071209771317932491848202612	1558467183036515062	1			
1274	0xF9Ca61b2C3938D3C5Ec8Fa669622240A7a0cb316	0xA2caEa05fF7B98f10Ad5ddc837F15905f33FEb60	14134776518227074636666380005943348126619871175004951664972880204507555285	3054237284966781360	1			
1321	0xF9Ca61b2C3938D3C5Ec8Fa669622240A7a0cb316	0xA2caEa05fF7B98f10Ad5ddc837F15905f33FEb60	5300541194335152988749892502228755547482451690626856874364829732445822686	4521933729959628654	1			
1322	0xDdE5f491322591FCa7894bf4186440a0d1892A2d	0x06799a1e4792001AA9114F0012b9650cA28059a3	994927942081732774077955121581421418523584542933	89483437045756	1			
1394	0xD1BF5f87c7f04F93E46521988940B5aEa30eB7AA	0xA2caEa05fF7B98f10Ad5ddc837F15905f33FEb60	58305953137686682876248817524516311022306968596895425618014170634528262867	139740131060544581	0			
1446	0x3cbE654Df532c6b7E8dd6428617dF7359D468E99	0xA2caEa05fF7B98f10Ad5ddc837F15905f33FEb60	3533694129556768659166595001485837031654967793751237916243223855227290479	831471260925551384319	1			
1466	0xF478d4567270a1C19060BB38339E23AD2BE0FFbb	0x06799a1e4792001AA9114F0012b9650cA28059a3	275498861170022089108532439384495730436935675743	25205069911	2			
1472	0x904b8f6D1162B6C3a91B721301B4231f04195d36	0xA2caEa05fF7B98f10Ad5ddc837F15905f33FEb60	3533694129556768659166595001485837031654967793751237916243220016237687930	42001124701054279703	1			
1494	0x776A93aaeD72b29Bbc3c57d976B879E816fe1A26	0x06799a1e4792001AA9114F0012b9650cA28059a3	75868688871649073572860417677736587997168474194	414893192131	0			
1570	0x8bf3Af77D34AB16D76906F233dE2E3BcB7F62384	0xf1F32C8EEb06046d3cc3157B8F9f72B09D84ee5b	3107121527949984	233309051974195896487	3			
1604	0x82c9D29739333258f08cD3957d2a7ac7f4d53fAb	0x06799a1e4792001AA9114F0012b9650cA28059a3	1032645502136839097869158895333537673945117411804	449793539908	2			
1626	0x4114a50Fba9C166454798A5b1ac1Ac2974A8eD65	0x06799a1e4792001AA9114F0012b9650cA28059a3	386385898413441759040235067259962248157083155783	664081883316029027	1			
1627	0xd38CAB736464948e2598F8Be7Cd2496207ddb6c7	0x06799a1e4792001AA9114F0012b9650cA28059a3	275498861170022089108532439384495730436935675743	76021134	0			
1629	0x899b34f727df3577F1380E4305cc27573fc5E5bB	0x06799a1e4792001AA9114F0012b9650cA28059a3	275498861170022089108532439384495730436935675743	2478301481	1			
1641	0x42C298794F24211d52Fa1A1B43031911b0B072c1	0xA2caEa05fF7B98f10Ad5ddc837F15905f33FEb60	10601082388670305977499785004457511094964903381253713748729663153504573910	108205010610278404	0			
1663	0xed02f16a57c32a08b55d923Bf4690D200722f462	0x06799a1e4792001AA9114F0012b9650cA28059a3	351843145539174241886429599883001225337978621902	4689945828603721088	1			
1708	0x579D6ff1d835A5E24E50Be7E380370bbB4E656F3	0xA2caEa05fF7B98f10Ad5ddc837F15905f33FEb60	10601082388670305977499785004457511094964903381253713748729663231183065878	601231808832538175	1			
1711	0xe596c02D0A3313054F4C680E672Cc73E687dA7c2	0xA2caEa05fF7B98f10Ad5ddc837F15905f33FEb60	10601082388670305977499785004457511094964903381253713748729663233771525335	2296492607000191773	1			
1746	0xf24f22E8c651A253a53894Ad99df27adE97C0694	0x011535FD795fD28c749363E080662D62fBB456a7	9025894217306929288	885167828002145715	2			
1753	0x6d82B45E9A59fbE228CF2373c6bC50667bb4C40F	0xA2caEa05fF7B98f10Ad5ddc837F15905f33FEb60	10601082388670305977499785004457511094964903381253713748729663322310827816	565397768697616907	0			
1757	0xAD81D1d97756cF1EA91Dd324CA6f7d7A00285389	0x06799a1e4792001AA9114F0012b9650cA28059a3	75868688871649073572860417677736587997168474194	252759936143	0			
1767	0xcEbA15865A04D52F6735c9330786849301E33352	0x06799a1e4792001AA9114F0012b9650cA28059a3	275498861170022089108532439384495730436935675743	156814540	1			
1836	0xFE1BF6e57Bb18861865eb98D8e718ee35511121D	0x06799a1e4792001AA9114F0012b9650cA28059a3	75868688871649073572860417677736587997168474194	222642684944	1			
1879	0x8ECBCeEa23eb3a4F16787e64754eeF01fD28b6bd	0x06799a1e4792001AA9114F0012b9650cA28059a3	925224436442209452266071209771317932491848202612	617535935189332291	1			
1880	0x8ECBCeEa23eb3a4F16787e64754eeF01fD28b6bd	0xA2caEa05fF7B98f10Ad5ddc837F15905f33FEb60	22969011842118996284582867509657940705757290659383046455580883921519222035	3924563211877627279	0			
1899	0xCA370f6186844Df707bf9a7995A5E61f7E3E157f	0x06799a1e4792001AA9114F0012b9650cA28059a3	1209299932290980665713177030673858520201944054295	1207226042886161622	0			
1968	0x7876973C3a002251Ce7c9946Deff3f6C196C5314	0x06799a1e4792001AA9114F0012b9650cA28059a3	1209299932290980665713177030673858520201944054295	13423964445844643	0			
1990	0x0688F3a74f6222111AcE6A5900b87fF54F1Fb1F5	0xA2caEa05fF7B98f10Ad5ddc837F15905f33FEb60	6811651597393859119	52256660450	0			
2007	0xD1BF5f87c7f04F93E46521988940B5aEa30eB7AA	0xA2caEa05fF7B98f10Ad5ddc837F15905f33FEb60	65373341396800220194582007527487985085616904184397901450499477390894068104	403722778039510532	1			
2020	0x4521561245561c23bc69c381Ca8b0807765333B8	0xA2caEa05fF7B98f10Ad5ddc837F15905f33FEb60	37103788360346070921249247515601288832377161834388001567357415480156854613	47662716170	2			
2067	0xBB0584655c0FA6cD9bfBC4f61d8151B757F067a7	0xA2caEa05fF7B98f10Ad5ddc837F15905f33FEb60	1766847064778384329583297500742918515827483896875618965341930410820379154	732762514835	1			
2071	0x373Fe5B63ba1812C69Cbe3684283E54ac233BdA3	0x011535FD795fD28c749363E080662D62fBB456a7	9357307117606827209	415756250807653491	0			
2117	0xdE50D00e0B3feA37351f93e40E5489122E7C7068	0xf1F32C8EEb06046d3cc3157B8F9f72B09D84ee5b	4147938902023988	1045662605276623538430	1			
2133	0xCC78A1dc3AA620df36f5ce025458f790748f0C21	0x06799a1e4792001AA9114F0012b9650cA28059a3	275498861170022089108532439384495730436935675743	1319669409	2			
2149	0xf1120aE37c7d06f8bc456Ee285f3ECa64276734F	0x06799a1e4792001AA9114F0012b9650cA28059a3	1032645502136839097869158895333537673945117411804	608279378346	0			
2203	0xd37471C4492BF4C466aAb46bEe268c0F5Fa3c980	0xf1F32C8EEb06046d3cc3157B8F9f72B09D84ee5b	4476624377222109	15572637974512427102347	2			
2230	0x254F76A864cF1046Ad8971A36663118a4bCE87C3	0x011535FD795fD28c749363E080662D62fBB456a7	9560695156020456702	4626838982140403786	1			
2245	0x68d8d742ABfD6c076107d88f0Deb4823C39B1519	0xA2caEa05fF7B98f10Ad5ddc837F15905f33FEb60	30036400101232533602916057512629614769067226246885522288067330900837185753	3753069854529528226	1			
2277	0x35D9A74359b79FD1CbC425d8E57492dcD8Db923C	0xf1F32C8EEb06046d3cc3157B8F9f72B09D84ee5b	4842962328152083	2937787030171786070555	2			
2289	0xebB1d8Cc2d37a27211F9888a8B0F2FD2c398c962	0xA2caEa05fF7B98f10Ad5ddc837F15905f33FEb60	6909712658782326241	3756328344469	2			
2403	0x1baFEd14e1ac7FC56134A401eBa4cE54B61Bc7f9	0x06799a1e4792001AA9114F0012b9650cA28059a3	75868688871649073572860417677736587997168474194	1467283915176	1			
2415	0x72A916702BD97923E55D78ea5A3F413dEC7F7F85	0xA2caEa05fF7B98f10Ad5ddc837F15905f33FEb60	1766847064778384329583297500742918515827483896875618965447215812491334228	12081204426	0			
2443	0x72A916702BD97923E55D78ea5A3F413dEC7F7F85	0xA2caEa05fF7B98f10Ad5ddc837F15905f33FEb60	30036400101232533602916057512629614769067226246885522288067331207456056406	3135400676571887	0			
2457	0x57245Bf58b732786C0D4340DB78333B141a07b31	0xA2caEa05fF7B98f10Ad5ddc837F15905f33FEb60	21202164777340611954999570008915022189929806762507427497767965652934253136	3162989170109494717	1			
2472	0x72A916702BD97923E55D78ea5A3F413dEC7F7F85	0xA2caEa05fF7B98f10Ad5ddc837F15905f33FEb60	74207576720692141842498495031202577664754323668775996241107490210685627277	836644530631444	0			
2492	0x72A916702BD97923E55D78ea5A3F413dEC7F7F85	0xA2caEa05fF7B98f10Ad5ddc837F15905f33FEb60	19435317712562227625416272508172103674102322865631808539339852252211920352	87282861170993	0			
2531	0xdA320516446c7cCDb39727BE9FA0228d7A83675F	0xA2caEa05fF7B98f10Ad5ddc837F15905f33FEb60	11308252407655116205	263270378294378	2			
2553	0xDe5b96620cB0d211645038Ca60e048b81d046Db7	0x06799a1e4792001AA9114F0012b9650cA28059a3	275498861170022089108532439384495730436935675743	14773218	2			
2563	0x4f267E2F0e17E420e07Cd10Bf185F077e5Ba45A9	0x06799a1e4792001AA9114F0012b9650cA28059a3	1209299932290980665713177030673858520201944054295	141227095751438128	0			
2575	0x11e52c75998fe2E7928B191bfc5B25937Ca16741	0xA2caEa05fF7B98f10Ad5ddc837F15905f33FEb60	30036400101232533602916057512629614769067226246885522288067331700411072766	1734522257231201213	1			
2576	0x8975096110833F70819F9e7C471DCa435cf2E898	0xA2caEa05fF7B98f10Ad5ddc837F15905f33FEb60	10601082388670305977499785004457511094964903381253713748729665203405172352	37015912897586872974	1			
2613	0xca8586823A14d4187Fc3fB15F854E96516909785	0xA2caEa05fF7B98f10Ad5ddc837F15905f33FEb60	3533694129556768659166595001485837031654967793751237916243220436142757977	303165870625801231	1			
2617	0x90366C6F59B2Db217E638DFD4CB04d8142e2fC3A	0x06799a1e4792001AA9114F0012b9650cA28059a3	275498861170022089108532439384495730436935675743	16768326	2			
2674	0x929E2aFEE8091680679Ac34936c89BfbBB3A00FE	0xf1F32C8EEb06046d3cc3157B8F9f72B09D84ee5b	7238133054019445	1961948557699149909	0			
2698	0xdFb682326B94dc896ed667d7e6b05979cd4A0381	0x06799a1e4792001AA9114F0012b9650cA28059a3	275498861170022089108532439384495730436935675743	2305060539	2			
2754	0xdb999246F62A658C075AeD29A3cac02Befc238f1	0xA2caEa05fF7B98f10Ad5ddc837F15905f33FEb60	30036400101232533602916057512629614769067226246885522288067332948332739485	3411432776996672106	1			
2755	0xdb999246F62A658C075AeD29A3cac02Befc238f1	0xA2caEa05fF7B98f10Ad5ddc837F15905f33FEb60	7442162935584619091	22922844687857	0			
2756	0x8f0C835D81a62990D0E876770c6394Ae6c658721	0x06799a1e4792001AA9114F0012b9650cA28059a3	75868688871649073572860417677736587997168474194	1651583196911	0			
2813	0x698F6ef2BAeA72Cf9E10C78dEe2516BE789C8eFB	0xA2caEa05fF7B98f10Ad5ddc837F15905f33FEb60	14134776518227074636666380005943348126619871175004951664972882371268729654	3053456049597616346	0			
2819	0x75B71669654A0CaF711CFbd9d7a841018E0ACE93	0x06799a1e4792001AA9114F0012b9650cA28059a3	1032645502136839097869158895333537673945117411804	12374765511632	0			
2849	0xcC8A6b18C1541F36443a8510C7deba7E20604a74	0x06799a1e4792001AA9114F0012b9650cA28059a3	925224436442209452266071209771317932491848202612	2797969295278052918	2			
2886	0xC9D66270fEfc36cD853143E695EcCe44d3d3211d	0x06799a1e4792001AA9114F0012b9650cA28059a3	351843145539174241886429599883001225337978621902	576423016096963664	1			
2887	0xA8c4e3ce1743D0f2A6c227548C982a7C40569940	0x06799a1e4792001AA9114F0012b9650cA28059a3	75868688871649073572860417677736587997168474194	44577820417	0			
2906	0x22Ef68D1E65BFC9c3e2a3dCc2dBbCd14037f0a88	0x011535FD795fD28c749363E080662D62fBB456a7	9714414969669073790	69543750796118842	0			
2930	0x3cFF25215E85B9cA0C07A7c1bA8643319Be80AA8	0x06799a1e4792001AA9114F0012b9650cA28059a3	75868688871649073572860417677736587997168474194	2504435397	0			
2934	0xd874387eBb001a6B0BEa98072f8dE05f8965E51E	0x06799a1e4792001AA9114F0012b9650cA28059a3	275498861170022089108532439384495730436935675743	9037515	0			
2947	0x30bE6F07a8b9976146eac003097d7C9168fa6294	0x06799a1e4792001AA9114F0012b9650cA28059a3	275498861170022089108532439384495730436935675743	286974833	1			
2981	0x30bE6F07a8b9976146eac003097d7C9168fa6294	0xA2caEa05fF7B98f10Ad5ddc837F15905f33FEb60	8247151301184301766	184362443929	0			
2984	0xCDDA8905dFE7a2B4BDfE8A419c30dFCD51Bdd09e	0x06799a1e4792001AA9114F0012b9650cA28059a3	275498861170022089108532439384495730436935675743	372101268	0			
2999	0xe5B4954B8b45827e37baaC434dBBD6cF447134AE	0x06799a1e4792001AA9114F0012b9650cA28059a3	351843145539174241886429599883001225337978621902	965792242877826756	1			
3015	0xAb48173c5A9eb467E3AcE38005316A47D4512CC4	0x06799a1e4792001AA9114F0012b9650cA28059a3	351843145539174241886429599883001225337978621902	64608975469116686	1			
3045	0x9ffb793FCe3e56dAE02327732459309E9F5a9B36	0x06799a1e4792001AA9114F0012b9650cA28059a3	75868688871649073572860417677736587997168474194	19720759141747	2			
3062	0x7a840ed1845F401f8DE79D2A1A9C1Fb827e55648	0xA2caEa05fF7B98f10Ad5ddc837F15905f33FEb60	8813227130728278293	1534410184821	1			
3077	0x4Fe5f268e5053a05108eBAF13EbD9a825e6fB6f2	0xA2caEa05fF7B98f10Ad5ddc837F15905f33FEb60	3533694129556768659166595001485837031654967793751237916243220874150930162	2385666215362797330	1			
3093	0xA9f5422AC2454327f81503B65a3058b77Ad39545	0xA2caEa05fF7B98f10Ad5ddc837F15905f33FEb60	1766847064778384329583297500742918515827483896875618966741431883642107462	15339681973	0			
3095	0xEdF5C7a59B8098Ef3468Ae97eC3f9091f37a9DBD	0x06799a1e4792001AA9114F0012b9650cA28059a3	275498861170022089108532439384495730436935675743	76854125	2			
3096	0x6BdF5fcc947d52190F37DD5d3ccD810d4842bb26	0x06799a1e4792001AA9114F0012b9650cA28059a3	75868688871649073572860417677736587997168474194	880981929826	1			
3125	0x7Bb8c69DdD0E497fbBac39Eb56b7C8Dc20404983	0xf1F32C8EEb06046d3cc3157B8F9f72B09D84ee5b	9767858088691731	9789692814447484413	0			
3127	0x24f31855A2C41fD4C0A7818Cc2FCC0e9B1739Ef3	0x06799a1e4792001AA9114F0012b9650cA28059a3	1032645502136839097869158895333537673945117411804	17749390727	0			
3130	0xfd31CAc317fd77DBC915B1193Da9D6ed767652Fe	0xA2caEa05fF7B98f10Ad5ddc837F15905f33FEb60	1766847064778384329583297500742918515827483896875618967532318794479063106	5045442110636	2			
3135	0xB1Cc5843A842939d8bAc4eA3C8ac9B6BA310E9aa	0xA2caEa05fF7B98f10Ad5ddc837F15905f33FEb60	9842732666558602155	4045569500	0			
3136	0x6105f0b07341eE41562fd359Ff705a8698Dd3109	0xA2caEa05fF7B98f10Ad5ddc837F15905f33FEb60	3533694129556768659166595001485837031654967793751237916243221547279144508	307417284855166547	2			
3144	0xC6c97B48c9eDea478365Eb06ceb7aaF13DEDFF05	0xA2caEa05fF7B98f10Ad5ddc837F15905f33FEb60	10121249326408133554	1899044149525	1			
3147	0x4AF79fFCaBb09083aF6CcC3b2C20Fe989519f6d7	0xA2caEa05fF7B98f10Ad5ddc837F15905f33FEb60	1766847064778384329583297500742918515827483896875618967928293216695537670	2210059715010	2			
3151	0x2309E84FCf0909dD65D28F7836f972C126acA997	0x011535FD795fD28c749363E080662D62fBB456a7	9714414969669073790	53825223309904443158	0			
3157	0x611400D8eD0FA2DB6BACaD2Ceb5FB85aAdaA92B1	0xA2caEa05fF7B98f10Ad5ddc837F15905f33FEb60	1766847064778384329583297500742918515827483896875618967983149814089311110	221380809	1			
3160	0x4Ce189672EEB864B7324827f5f23960D01f6408E	0x06799a1e4792001AA9114F0012b9650cA28059a3	1209299932290980665713177030673858520201944054295	84160203471245685	0			
3162	0x611400D8eD0FA2DB6BACaD2Ceb5FB85aAdaA92B1	0x06799a1e4792001AA9114F0012b9650cA28059a3	1032645502136839097869158895333537673945117411804	13304496902	1			
3163	0x26407C701F42f358256aA1f1EF86DB3e1C99Fb6B	0x06799a1e4792001AA9114F0012b9650cA28059a3	994927942081732774077955121581421418523584542933	1065331848397	0			
3164	0xDcA22D3fE803736f564F2122B77709cDe560F9C1	0x06799a1e4792001AA9114F0012b9650cA28059a3	994927942081732774077955121581421418523584542933	887776096331	0			
3165	0x60e86029ed1A8b91cB0dF8BBDFE56c4C2Ad2D073	0x4fb70edDA7f67BdBE225df7C91483c45699293f5	329733	1457334165987	0			
3166	0x60e86029ed1A8b91cB0dF8BBDFE56c4C2Ad2D073	0x4fb70edDA7f67BdBE225df7C91483c45699293f5	329735	1759243635560	1			
3167	0x60e86029ed1A8b91cB0dF8BBDFE56c4C2Ad2D073	0x4fb70edDA7f67BdBE225df7C91483c45699293f5	329739	1436907634731	0			
3168	0x60e86029ed1A8b91cB0dF8BBDFE56c4C2Ad2D073	0x4fb70edDA7f67BdBE225df7C91483c45699293f5	329742	1753324539247	1			
3169	0x60e86029ed1A8b91cB0dF8BBDFE56c4C2Ad2D073	0x4fb70edDA7f67BdBE225df7C91483c45699293f5	329755	268272316904	0			
3171	0xFA1795d055A09002C15A9a2fA0b2Ce31f4245EDa	0x06799a1e4792001AA9114F0012b9650cA28059a3	275498861170022089108532439384495730436935675743	1005977	0			
3172	0x235A2ac113014F9dcb8aBA6577F20290832dDEFd	0xA2caEa05fF7B98f10Ad5ddc837F15905f33FEb60	1766847064778384329583297500742918515827483896875618968314342328439749970	41500528411	0			
3173	0x440Fb8E08a042515B814dbD417081563b0dA545B	0xA2caEa05fF7B98f10Ad5ddc837F15905f33FEb60	3533694129556768659166595001485837031654967793751237916243222172496259313	2680060221025941257	1			
3177	0x8Af309Ef5be7EFe0f42149Aea265A34427ba1f40	0x06799a1e4792001AA9114F0012b9650cA28059a3	1277415707975801504997778032425509942405532353615	29122984784517777	1			
3178	0x8Af309Ef5be7EFe0f42149Aea265A34427ba1f40	0x06799a1e4792001AA9114F0012b9650cA28059a3	1277415707975801504997778032425509942405532353615	7200305772737044	1			
3187	0x7ceE8D3939A4b4A95e6820C6697a57eF6220e5Ba	0x06799a1e4792001AA9114F0012b9650cA28059a3	1277415707975801504997778032425509942405532353615	127369061052298383	1			
3196	0x0493D136BDC1D9811d12e56Ac1A3008bcD612964	0xA2caEa05fF7B98f10Ad5ddc837F15905f33FEb60	1766847064778384329583297500742918515827483896875618968697317890338157490	4012283589	0			
3215	0x45746E587d56516e1a90E2C651908f3B4d8EA59F	0xA2caEa05fF7B98f10Ad5ddc837F15905f33FEb60	1766847064778384329583297500742918515827483896875618969303024569137229504	10545252982	1			
3221	0xBd8264cdb57e1CCEB5Fc8407B6e92B221669950E	0xA2caEa05fF7B98f10Ad5ddc837F15905f33FEb60	3533694129556768659166595001485837031654967793751237916243222874050300804	2798242741619031	2			
3229	0x2309E84FCf0909dD65D28F7836f972C126acA997	0x011535FD795fD28c749363E080662D62fBB456a7	9714414969669073790	24330703669798826451	1			
