block,timestamp_utc,victim,provider,keeper,eusd_repaid,eth_seized,super
17217443,2023-05-08T18:06:23,0x163e3979264871f2d65cf043b51290c8d4033087,0xbe7f8fb4b765435eb936047c06aee24091dcae10,0x010f9acea67ab6f1d12a37c5b5b5b2db8f7103f8,910.5284899999999,0.55,False
17237625,2023-05-11T14:12:23,0xbeef9bf5e7fdd66ce927036ab387b8d80e0e1c8c,0xbe7f8fb4b765435eb936047c06aee24091dcae10,0x7d058d58868b2d79e1b6142ac6a7333b4ec1fb79,4497.6375,2.75,False
17242254,2023-05-12T06:06:23,0x5be53d655d46277b0e737cbeadd7f94fb5421a44,0xbe7f8fb4b765435eb936047c06aee24091dcae10,0x7d058d58868b2d79e1b6142ac6a7333b4ec1fb79,1745.72101058,1.1,False
17448512,2023-06-10T08:12:23,0x805b01e7f3fe127769b249763250222630968b4d,0x39f66125b377516f05a4b3ceb516695199f0a41b,0xf196fb8d56bc3a4c44fea02523fc7d1da5fc3c89,13108.72456925003,8.38024495,False
17480471,2023-06-14T20:12:23,0x8a341443d01b4ca7902fc2e3997381a5aeca9ac2,0x39f66125b377516f05a4b3ceb516695199f0a41b,0xf196fb8d56bc3a4c44fea02523fc7d1da5fc3c89,35199.7212,23.1,False
17480591,2023-06-14T20:36:23,0x2ec799f0b132c55322e66c9182aaf8deebba9b3a,0xee2826453a4fd5afeb7ceffeef3ffa2320081268,0xf196fb8d56bc3a4c44fea02523fc7d1da5fc3c89,20881.110843408576,13.88761,False
17480592,2023-06-14T20:36:35,0x230c40ff3dd28910a959fe135342ce9e8250ed12,0xee2826453a4fd5afeb7ceffeef3ffa2320081268,0xd050e0a4838d74769228b49dff97241b4ef3805d,9923.617639499998,6.6,False
17480621,2023-06-14T20:42:23,0xd4d95690aab06d869ab21dfdf7c2b5006612fbd7,0xee2826453a4fd5afeb7ceffeef3ffa2320081268,0x7d058d58868b2d79e1b6142ac6a7333b4ec1fb79,1240.6175985648251,0.82511,False
17484437,2023-06-15T09:36:23,0x2c4734dd0f23015ac05ad2992787905cd0fad350,0xee2826453a4fd5afeb7ceffeef3ffa2320081268,0x7d058d58868b2d79e1b6142ac6a7333b4ec1fb79,1492.5284577449997,1.0094386499999999,False
17935590,2023-08-17T16:00:23,0x458b22b485bc4cfc4aa4ac2fb2dd8304ca67d93a,0x9316b8629957712e6ac794555095a3d8613eb7e6,0x7d058d58868b2d79e1b6142ac6a7333b4ec1fb79,2.05915396420572,0.001302937235435287,False
17936860,2023-08-17T20:17:11,0x458b22b485bc4cfc4aa4ac2fb2dd8304ca67d93a,0x459579e5a987559bdb97bfb30ec1c572e64b5b5f,0x459579e5a987559bdb97bfb30ec1c572e64b5b5f,3925.661585409561,2.4849533845205105,False
17937264,2023-08-17T21:38:23,0xf170a1ebdd73ed92cc69fa64304414c6d16aef91,0x459579e5a987559bdb97bfb30ec1c572e64b5b5f,0x459579e5a987559bdb97bfb30ec1c572e64b5b5f,3836.3844599999998,2.475,False
17937285,2023-08-17T21:42:35,0x0dd222bcccb09f1d013c6086e7b8174da4beb4ab,0x459579e5a987559bdb97bfb30ec1c572e64b5b5f,0x459579e5a987559bdb97bfb30ec1c572e64b5b5f,2089.2955572875,1.375,False
17937285,2023-08-17T21:42:35,0x5b4e28133aab99ee9fc77b649127a6cfacf28793,0x459579e5a987559bdb97bfb30ec1c572e64b5b5f,0x459579e5a987559bdb97bfb30ec1c572e64b5b5f,37715.94784181884,24.821489760802056,False
17937287,2023-08-17T21:42:59,0x15742f8aea5b6e5c79a98420f8a18e77717a4bbc,0x459579e5a987559bdb97bfb30ec1c572e64b5b5f,0x459579e5a987559bdb97bfb30ec1c572e64b5b5f,413290.0,275.0,False
17937287,2023-08-17T21:42:59,0x7eef7c99c9887a90046b3c33f1b3f0dba41b7c90,0x459579e5a987559bdb97bfb30ec1c572e64b5b5f,0x459579e5a987559bdb97bfb30ec1c572e64b5b5f,15684.355500000001,10.43625,False
17937287,2023-08-17T21:42:59,0x6ee83d1dff95729e452248051200f2fd3a1b3b24,0x459579e5a987559bdb97bfb30ec1c572e64b5b5f,0x459579e5a987559bdb97bfb30ec1c572e64b5b5f,8266.62658,5.50055,False
17937287,2023-08-17T21:42:59,0x9baf8e56dfa875e7cd4378b8838425913d367bef,0x459579e5a987559bdb97bfb30ec1c572e64b5b5f,0x459579e5a987559bdb97bfb30ec1c572e64b5b5f,2025.0383419999837,1.347444999999989,False
17937344,2023-08-17T21:54:23,0x7ac50addeca2a09ed01cc6237c2f6734f691fd0c,0x459579e5a987559bdb97bfb30ec1c572e64b5b5f,0x459579e5a987559bdb97bfb30ec1c572e64b5b5f,126830.83969356451,86.43255500000001,False
17937352,2023-08-17T21:55:59,0xda59f59b92f582324a140a324772b39393a7dd84,0x459579e5a987559bdb97bfb30ec1c572e64b5b5f,0x459579e5a987559bdb97bfb30ec1c572e64b5b5f,26229.7147125,17.875,False
17937353,2023-08-17T21:56:11,0xda35fb31b343e790c1f6639ca5634e0d91ff8b7a,0x459579e5a987559bdb97bfb30ec1c572e64b5b5f,0x459579e5a987559bdb97bfb30ec1c572e64b5b5f,18959.5249510308,12.920518282959787,False
17937354,2023-08-17T21:56:23,0x000d774f5fe948c3294f3c09c08e2c0d603374c8,0x459579e5a987559bdb97bfb30ec1c572e64b5b5f,0x459579e5a987559bdb97bfb30ec1c572e64b5b5f,28085.971446,19.14,False
17937357,2023-08-17T21:56:59,0xacd1c0e1e0a4b4c1dc8c7536c19edba718e33c88,0x459579e5a987559bdb97bfb30ec1c572e64b5b5f,0x459579e5a987559bdb97bfb30ec1c572e64b5b5f,9499.548859,6.444185,False
17937357,2023-08-17T21:56:59,0x56def29bea7bbde9fcc58057f78c6100d7eeabc4,0x459579e5a987559bdb97bfb30ec1c572e64b5b5f,0x459579e5a987559bdb97bfb30ec1c572e64b5b5f,89184.7,60.5,False
17937357,2023-08-17T21:56:59,0x7f28c5a0217f44c20dde6e2224de466ba5db857d,0x459579e5a987559bdb97bfb30ec1c572e64b5b5f,0x459579e5a987559bdb97bfb30ec1c572e64b5b5f,1459.386,0.99,False
17937357,2023-08-17T21:56:59,0xaaed29b230319d9e4208684c2fdc452ec78f5048,0x459579e5a987559bdb97bfb30ec1c572e64b5b5f,0x459579e5a987559bdb97bfb30ec1c572e64b5b5f,8918.47,6.05,False
17937357,2023-08-17T21:56:59,0xa89fd73f8f01f220939aacfe5e818a3e4070b8fb,0x459579e5a987559bdb97bfb30ec1c572e64b5b5f,0x459579e5a987559bdb97bfb30ec1c572e64b5b5f,17755.863,12.045,False
17937357,2023-08-17T21:56:59,0xa3e128602b3e0e8bf351bad6a95ad1a11288878f,0x459579e5a987559bdb97bfb30ec1c572e64b5b5f,0x459579e5a987559bdb97bfb30ec1c572e64b5b5f,1580.028576,1.07184,False
17937357,2023-08-17T21:56:59,0x3fd79e2e6eb2e0922b80e724a32fbf4d4a99ea18,0x459579e5a987559bdb97bfb30ec1c572e64b5b5f,0x459579e5a987559bdb97bfb30ec1c572e64b5b5f,6172.229856,4.18704,False
17937357,2023-08-17T21:56:59,0xe2680c6c726d2fbd9f8766e6c6d0bfd289414122,0x459579e5a987559bdb97bfb30ec1c572e64b5b5f,0x459579e5a987559bdb97bfb30ec1c572e64b5b5f,741144.4395269171,502.76828414939433,False
17946699,2023-08-19T05:19:59,0x2c4734dd0f23015ac05ad2992787905cd0fad350,0x459579e5a987559bdb97bfb30ec1c572e64b5b5f,0x459579e5a987559bdb97bfb30ec1c572e64b5b5f,369.92472805231915,0.24497239249999994,False
17946699,2023-08-19T05:19:59,0x5e86f18d50597a0c75de91972fc8261b46749fad,0x459579e5a987559bdb97bfb30ec1c572e64b5b5f,0x459579e5a987559bdb97bfb30ec1c572e64b5b5f,830.536855,0.55,False
17946699,2023-08-19T05:19:59,0x5be53d655d46277b0e737cbeadd7f94fb5421a44,0x459579e5a987559bdb97bfb30ec1c572e64b5b5f,0x459579e5a987559bdb97bfb30ec1c572e64b5b5f,430.384198261,0.28501,False
17946699,2023-08-19T05:19:59,0xc8ece128e77dfe3a3bbd2c7d54101f2238f8b611,0x459579e5a987559bdb97bfb30ec1c572e64b5b5f,0x459579e5a987559bdb97bfb30ec1c572e64b5b5f,830.536855,0.55,False
17946699,2023-08-19T05:19:59,0x8a2e45e5fab9fe426e1bfc0950a654a8dbb90534,0x459579e5a987559bdb97bfb30ec1c572e64b5b5f,0x459579e5a987559bdb97bfb30ec1c572e64b5b5f,518.587212262,0.34342,False
17946699,2023-08-19T05:19:59,0x99655ca16c742b46a4a05afaf0f7798c336fd279,0x459579e5a987559bdb97bfb30ec1c572e64b5b5f,0x459579e5a987559bdb97bfb30ec1c572e64b5b5f,313.1954480205,0.207405,False
17946699,2023-08-19T05:19:59,0xae9db1ff69cfca2720ff2e5d81807d7383138a39,0x459579e5a987559bdb97bfb30ec1c572e64b5b5f,0x459579e5a987559bdb97bfb30ec1c572e64b5b5f,116.5243207565,0.077165,False
17971280,2023-08-22T15:55:35,0xf71d161fdc3895f21612d79f15aa819b7a3d296a,0x459579e5a987559bdb97bfb30ec1c572e64b5b5f,0x459579e5a987559bdb97bfb30ec1c572e64b5b5f,387.77881049999996,0.258665,False
17971280,2023-08-22T15:55:35,0x9e762109cd97f8cad5323e6d6e3b15640aa4b778,0x459579e5a987559bdb97bfb30ec1c572e64b5b5f,0x459579e5a987559bdb97bfb30ec1c572e64b5b5f,824.5350000000001,0.55,False
17971280,2023-08-22T15:55:35,0x92778b744c7ab65b3ccbc4fadba7c37b324bd091,0x459579e5a987559bdb97bfb30ec1c572e64b5b5f,0x459579e5a987559bdb97bfb30ec1c572e64b5b5f,824.5350000000001,0.55,False
17973006,2023-08-22T21:41:59,0xccba21de88549ba632ffc92eb38b0058da2b253e,0x459579e5a987559bdb97bfb30ec1c572e64b5b5f,0x459579e5a987559bdb97bfb30ec1c572e64b5b5f,44434.08519162,30.54381,False
17973033,2023-08-22T21:47:35,0xa01e0336201293d254ba5e0fd691766c24ac46f1,0x459579e5a987559bdb97bfb30ec1c572e64b5b5f,0x459579e5a987559bdb97bfb30ec1c572e64b5b5f,800.1211,0.55,False
17973033,2023-08-22T21:47:35,0x78719e609649690b21f4871f1c4018176061fd5b,0x459579e5a987559bdb97bfb30ec1c572e64b5b5f,0x459579e5a987559bdb97bfb30ec1c572e64b5b5f,10808.67591568,7.42984,False
17973033,2023-08-22T21:47:35,0x4dde074f644ccdabcae002a985b213f05814662f,0x459579e5a987559bdb97bfb30ec1c572e64b5b5f,0x459579e5a987559bdb97bfb30ec1c572e64b5b5f,1520.23009,1.045,False
17973033,2023-08-22T21:47:35,0xa3cd31949438e49ff7411a23aa844a9ffe8d02cd,0x459579e5a987559bdb97bfb30ec1c572e64b5b5f,0x459579e5a987559bdb97bfb30ec1c572e64b5b5f,8393.270339,5.7695,False
17973033,2023-08-22T21:47:35,0x17dc940c9ec545fb48c6eaee11d450f160f2d9cd,0x459579e5a987559bdb97bfb30ec1c572e64b5b5f,0x459579e5a987559bdb97bfb30ec1c572e64b5b5f,2400.3633,1.65,False
17973033,2023-08-22T21:47:35,0xc1273ac8ecc3e865c1973f7a4555c4fab399eb7c,0x459579e5a987559bdb97bfb30ec1c572e64b5b5f,0x459579e5a987559bdb97bfb30ec1c572e64b5b5f,800.1211,0.55,False
17973033,2023-08-22T21:47:35,0xbeef9bf5e7fdd66ce927036ab387b8d80e0e1c8c,0x459579e5a987559bdb97bfb30ec1c572e64b5b5f,0x459579e5a987559bdb97bfb30ec1c572e64b5b5f,1147.77371795,0.788975,False
17973033,2023-08-22T21:47:35,0xdfd6fae8e9bceec29de72673f290447be10cdd98,0x459579e5a987559bdb97bfb30ec1c572e64b5b5f,0x459579e5a987559bdb97bfb30ec1c572e64b5b5f,800.1211,0.55,False
18067560,2023-09-05T03:21:23,0x05433c0957b39bef2e166650441cdb39292a98a6,0x459579e5a987559bdb97bfb30ec1c572e64b5b5f,0x459579e5a987559bdb97bfb30ec1c572e64b5b5f,2541.5025526768354,1.7360241388853805,False
18112355,2023-09-11T09:55:47,0x9b0a2999ce8b781a336dee0ff1d17fe043c50a29,0x459579e5a987559bdb97bfb30ec1c572e64b5b5f,0x459579e5a987559bdb97bfb30ec1c572e64b5b5f,796.999013535,0.55,False
18113776,2023-09-11T14:42:11,0x971740ed368934875f1890898d5ffc10ea99fa43,0x459579e5a987559bdb97bfb30ec1c572e64b5b5f,0x459579e5a987559bdb97bfb30ec1c572e64b5b5f,784.215,0.55,False
18113776,2023-09-11T14:42:11,0xa82658238b507f376dd76130b1403f385c805903,0x459579e5a987559bdb97bfb30ec1c572e64b5b5f,0x459579e5a987559bdb97bfb30ec1c572e64b5b5f,1560.5878500000001,1.0945,False
19068485,2024-01-23T09:30:23,0xa8e09d93ca028d43bd8241882886e5ac7ad5112f,0xbe7e2d3586c777ea730177f35112ad5f70012810,0xbe7e2d3586c777ea730177f35112ad5f70012810,404.6323937602345,0.198935,False
19068485,2024-01-23T09:30:23,0xf170a1ebdd73ed92cc69fa64304414c6d16aef91,0xbe7e2d3586c777ea730177f35112ad5f70012810,0xbe7e2d3586c777ea730177f35112ad5f70012810,1457.661070139855,0.71665,False
19473478,2024-03-20T04:16:47,0x1309c007567a71b393094c21e70bd2647356a352,0x39f66125b377516f05a4b3ceb516695199f0a41b,0x25e849e019000018d8e400bf0007000888e66000,10480.7923164,3.619,False
19643581,2024-04-13T02:08:23,0x1309c007567a71b393094c21e70bd2647356a352,0x39f66125b377516f05a4b3ceb516695199f0a41b,0x6a7430bdffcf94f29e320fdba9bb3b01ce6f909c,200762.0427516,69.7807,False
19649241,2024-04-13T21:13:11,0x1309c007567a71b393094c21e70bd2647356a352,0x39f66125b377516f05a4b3ceb516695199f0a41b,0x49bc3cec1fb7978746f742a4e485d0d601831cea,210272.927685318,79.0207,False
19649311,2024-04-13T21:27:11,0x1309c007567a71b393094c21e70bd2647356a352,0x39f66125b377516f05a4b3ceb516695199f0a41b,0x39f66125b377516f05a4b3ceb516695199f0a41b,217456.70301597996,82.5847,False
19649356,2024-04-13T21:36:23,0x84eca34e4a1732113883407e3666b014dcca0a16,0x39f66125b377516f05a4b3ceb516695199f0a41b,0x7d058d58868b2d79e1b6142ac6a7333b4ec1fb79,4051.2079999999996,1.54,False
19649357,2024-04-13T21:36:35,0x023d398273a818783644433204994863e18e5f66,0x39f66125b377516f05a4b3ceb516695199f0a41b,0x7d058d58868b2d79e1b6142ac6a7333b4ec1fb79,2449.968038,0.931315,False
19649371,2024-04-13T21:39:23,0x1309c007567a71b393094c21e70bd2647356a352,0x39f66125b377516f05a4b3ceb516695199f0a41b,0x25e849e019000018d8e400bf0007000888e66000,231517.85603999998,88.0077,False
19649413,2024-04-13T21:47:47,0x1309c007567a71b393094c21e70bd2647356a352,0x39f66125b377516f05a4b3ceb516695199f0a41b,0x25e849e019000018d8e400bf0007000888e66000,243092.73604,92.4077,False
19649428,2024-04-13T21:50:47,0x1309c007567a71b393094c21e70bd2647356a352,0x39f66125b377516f05a4b3ceb516695199f0a41b,0x25e849e019000018d8e400bf0007000888e66000,144626.86001645974,54.6777,False
19650466,2024-04-14T01:20:47,0x458b22b485bc4cfc4aa4ac2fb2dd8304ca67d93a,0xbe7e2d3586c777ea730177f35112ad5f70012810,0xbe7e2d3586c777ea730177f35112ad5f70012810,980.3327535138147,0.3643990230342298,False
19686582,2024-04-19T02:41:59,0x5bb967a3b3e2eb96487d23f3bf281c38f91abc8a,0xbe7e2d3586c777ea730177f35112ad5f70012810,0xbe7e2d3586c777ea730177f35112ad5f70012810,971.514279628182,0.37158,False
19774038,2024-05-01T08:18:23,0x1309c007567a71b393094c21e70bd2647356a352,0x39f66125b377516f05a4b3ceb516695199f0a41b,0x39f66125b377516f05a4b3ceb516695199f0a41b,7.44e-14,2.8e-17,False
19774049,2024-05-01T08:20:35,0x1309c007567a71b393094c21e70bd2647356a352,0x39f66125b377516f05a4b3ceb516695199f0a41b,0x49bc3cec1fb7978746f742a4e485d0d601831cea,73874.87777228,28.6,False
19774210,2024-05-01T08:52:47,0x1309c007567a71b393094c21e70bd2647356a352,0x32034276343de43844993979e5384d4b7e030934,0x32034276343de43844993979e5384d4b7e030934,283.78096600000003,0.11,False
20091520,2024-06-14T17:24:23,0x802d5eb9932297775460ba2ba90d339938fff417,0x32034276343de43844993979e5384d4b7e030934,0x7d058d58868b2d79e1b6142ac6a7333b4ec1fb79,1498.1839575,0.48427499999999996,False
20162873,2024-06-24T16:55:35,0x1309c007567a71b393094c21e70bd2647356a352,0x32034276343de43844993979e5384d4b7e030934,0x32034276343de43844993979e5384d4b7e030934,3249.3732999999997,1.1,False
20162875,2024-06-24T16:55:59,0x1309c007567a71b393094c21e70bd2647356a352,0x32034276343de43844993979e5384d4b7e030934,0x32034276343de43844993979e5384d4b7e030934,2599.49864,0.88,False
20162957,2024-06-24T17:12:35,0x1309c007567a71b393094c21e70bd2647356a352,0x32034276343de43844993979e5384d4b7e030934,0x32034276343de43844993979e5384d4b7e030934,2922.759,0.99,False
20162959,2024-06-24T17:12:59,0x1309c007567a71b393094c21e70bd2647356a352,0x32034276343de43844993979e5384d4b7e030934,0x32034276343de43844993979e5384d4b7e030934,2273.257,0.77,False
20229946,2024-07-04T01:44:11,0x1309c007567a71b393094c21e70bd2647356a352,0x32034276343de43844993979e5384d4b7e030934,0x5968ada261a84e19a6c85830e655647752585ed4,5834.178,1.98,False
20229946,2024-07-04T01:44:11,0x1309c007567a71b393094c21e70bd2647356a352,0x32034276343de43844993979e5384d4b7e030934,0x32034276343de43844993979e5384d4b7e030934,5834.178,1.98,False
20229946,2024-07-04T01:44:11,0x1309c007567a71b393094c21e70bd2647356a352,0x32034276343de43844993979e5384d4b7e030934,0xe08d97e151473a848c3d9ca3f323cb720472d015,5834.178,1.98,False
20229947,2024-07-04T01:44:23,0x1309c007567a71b393094c21e70bd2647356a352,0x32034276343de43844993979e5384d4b7e030934,0x67004e26f800c5eb050000200075f049aa0090c3,5834.178,1.98,False
20229986,2024-07-04T01:52:11,0x1309c007567a71b393094c21e70bd2647356a352,0x32034276343de43844993979e5384d4b7e030934,0x5968ada261a84e19a6c85830e655647752585ed4,10960.308,3.74,False
20229986,2024-07-04T01:52:11,0x1309c007567a71b393094c21e70bd2647356a352,0x32034276343de43844993979e5384d4b7e030934,0x32034276343de43844993979e5384d4b7e030934,10960.308,3.74,False
20229987,2024-07-04T01:52:23,0x1309c007567a71b393094c21e70bd2647356a352,0x32034276343de43844993979e5384d4b7e030934,0x67004e26f800c5eb050000200075f049aa0090c3,10960.308,3.74,False
20229987,2024-07-04T01:52:23,0x1309c007567a71b393094c21e70bd2647356a352,0x32034276343de43844993979e5384d4b7e030934,0x00980c7e1a0029d7a1d51400b100a1d548430000,10960.308,3.74,False
20230007,2024-07-04T01:56:23,0x1309c007567a71b393094c21e70bd2647356a352,0x32034276343de43844993979e5384d4b7e030934,0xfffdcf2b3419c243a5eba5f051a64ad629362c9a,10948.34,3.74,False
20230014,2024-07-04T01:57:47,0x1309c007567a71b393094c21e70bd2647356a352,0x32034276343de43844993979e5384d4b7e030934,0x5968ada261a84e19a6c85830e655647752585ed4,9290.860120244999,3.19,False
20230014,2024-07-04T01:57:47,0x1309c007567a71b393094c21e70bd2647356a352,0x32034276343de43844993979e5384d4b7e030934,0x32034276343de43844993979e5384d4b7e030934,9290.860120244999,3.19,False
20230015,2024-07-04T01:57:59,0x1309c007567a71b393094c21e70bd2647356a352,0x32034276343de43844993979e5384d4b7e030934,0x67004e26f800c5eb050000200075f049aa0090c3,9290.860120244999,3.19,False
20230015,2024-07-04T01:57:59,0x1309c007567a71b393094c21e70bd2647356a352,0x32034276343de43844993979e5384d4b7e030934,0x00980c7e1a0029d7a1d51400b100a1d548430000,9290.860120244999,3.19,False
20230034,2024-07-04T02:01:47,0x1309c007567a71b393094c21e70bd2647356a352,0x32034276343de43844993979e5384d4b7e030934,0x5968ada261a84e19a6c85830e655647752585ed4,15887.18000025,5.5,False
20230034,2024-07-04T02:01:47,0x1309c007567a71b393094c21e70bd2647356a352,0x32034276343de43844993979e5384d4b7e030934,0x32034276343de43844993979e5384d4b7e030934,15887.18000025,5.5,False
20230035,2024-07-04T02:01:59,0x1309c007567a71b393094c21e70bd2647356a352,0x32034276343de43844993979e5384d4b7e030934,0x67004e26f800c5eb050000200075f049aa0090c3,15887.18000025,5.5,False
20230035,2024-07-04T02:01:59,0x1309c007567a71b393094c21e70bd2647356a352,0x32034276343de43844993979e5384d4b7e030934,0x00980c7e1a0029d7a1d51400b100a1d548430000,15887.18000025,5.5,False
20231815,2024-07-04T07:59:59,0x1309c007567a71b393094c21e70bd2647356a352,0x32034276343de43844993979e5384d4b7e030934,0xe08d97e151473a848c3d9ca3f323cb720472d015,1317620.85,456.5,False
20458617,2024-08-04T23:55:59,0x802d5eb9932297775460ba2ba90d339938fff417,0xbe7e2d3586c777ea730177f35112ad5f70012810,0xbe7e2d3586c777ea730177f35112ad5f70012810,374.89126378374993,0.15368374999999998,False
20458956,2024-08-05T01:03:47,0x1309c007567a71b393094c21e70bd2647356a352,0x32034276343de43844993979e5384d4b7e030934,0xe08d97e151473a848c3d9ca3f323cb720472d015,345477.089837536,151.01449,False
21373752,2024-12-10T17:59:47,0x1309c007567a71b393094c21e70bd2647356a352,0x32034276343de43844993979e5384d4b7e030934,0x5968ada261a84e19a6c85830e655647752585ed4,88769.62937833952,27.70114593333846,False
21587406,2025-01-09T14:05:59,0xada865e174e7b85535b458b1b5712023969739cf,0x8cf318b78cc805cba2378e6de792747688b74a87,0x8cf318b78cc805cba2378e6de792747688b74a87,6760.1878656,2.315104,False
21614774,2025-01-13T09:49:59,0x1309c007567a71b393094c21e70bd2647356a352,0x8cf318b78cc805cba2378e6de792747688b74a87,0xd683b81c2608980db90a6fd730153e04629ff1a3,12301.614,4.29,False
21614991,2025-01-13T10:33:59,0x1309c007567a71b393094c21e70bd2647356a352,0x8cf318b78cc805cba2378e6de792747688b74a87,0x5b5a0580bcfd3673820bb249514234afad33e209,12202.729839611999,4.29,False
21615013,2025-01-13T10:38:23,0xada865e174e7b85535b458b1b5712023969739cf,0x8cf318b78cc805cba2378e6de792747688b74a87,0x8cf318b78cc805cba2378e6de792747688b74a87,1943.05005907668,0.6831,False
21615315,2025-01-13T11:38:59,0xada865e174e7b85535b458b1b5712023969739cf,0x8cf318b78cc805cba2378e6de792747688b74a87,0x8cf318b78cc805cba2378e6de792747688b74a87,15232.398511899999,5.4527,False
21615343,2025-01-13T11:44:35,0x1309c007567a71b393094c21e70bd2647356a352,0x8cf318b78cc805cba2378e6de792747688b74a87,0x8cf318b78cc805cba2378e6de792747688b74a87,16747.341515,5.995,False
21850484,2025-02-15T07:56:35,0x1309c007567a71b393094c21e70bd2647356a352,0x8cf318b78cc805cba2378e6de792747688b74a87,0x8cf318b78cc805cba2378e6de792747688b74a87,5877.6506,2.398,False
21850521,2025-02-15T08:03:59,0xada865e174e7b85535b458b1b5712023969739cf,0x8cf318b78cc805cba2378e6de792747688b74a87,0x8cf318b78cc805cba2378e6de792747688b74a87,8637.184,3.52,False
21850570,2025-02-15T08:13:47,0x1309c007567a71b393094c21e70bd2647356a352,0x8cf318b78cc805cba2378e6de792747688b74a87,0x8cf318b78cc805cba2378e6de792747688b74a87,23212.432,9.46,False
21852885,2025-02-15T16:02:23,0x1309c007567a71b393094c21e70bd2647356a352,0x8cf318b78cc805cba2378e6de792747688b74a87,0x8cf318b78cc805cba2378e6de792747688b74a87,25808.509450656,10.56,False
21919943,2025-02-25T01:04:47,0xada865e174e7b85535b458b1b5712023969739cf,0x5c3493f22e0b5e8f5349e40812642d43636ced55,0x5c3493f22e0b5e8f5349e40812642d43636ced55,12484.932,5.5,False
21919987,2025-02-25T01:13:35,0x5789a38a3facfaa86ed950e88d79a9a2f6140052,0x5c3493f22e0b5e8f5349e40812642d43636ced55,0x5c3493f22e0b5e8f5349e40812642d43636ced55,15433.9601154,6.842,False
21920016,2025-02-25T01:19:23,0x1309c007567a71b393094c21e70bd2647356a352,0x5c3493f22e0b5e8f5349e40812642d43636ced55,0x5c3493f22e0b5e8f5349e40812642d43636ced55,6063.463745,2.684,False
21957086,2025-03-02T05:27:11,0x1309c007567a71b393094c21e70bd2647356a352,0x802d78fd3045b64bf2680aaa9a5ae0f4f5241836,0x4545e97854655807732b30057a4d4181e08bc2e2,976.70037,0.4829,False
22199879,2025-04-05T02:57:59,0xada865e174e7b85535b458b1b5712023969739cf,0x5c3493f22e0b5e8f5349e40812642d43636ced55,0x5c3493f22e0b5e8f5349e40812642d43636ced55,850.5954394722429,0.57,True
22230612,2025-04-09T10:00:11,0x1309c007567a71b393094c21e70bd2647356a352,0x5c3493f22e0b5e8f5349e40812642d43636ced55,0x5c3493f22e0b5e8f5349e40812642d43636ced55,1691.4448883999999,1.2606,False
22278040,2025-04-16T00:42:59,0x1309c007567a71b393094c21e70bd2647356a352,0x802d78fd3045b64bf2680aaa9a5ae0f4f5241836,0xd683b81c2608980db90a6fd730153e04629ff1a3,1818.0548538,1.2606,False
22278069,2025-04-16T00:48:47,0x1309c007567a71b393094c21e70bd2647356a352,0x802d78fd3045b64bf2680aaa9a5ae0f4f5241836,0x5b5a0580bcfd3673820bb249514234afad33e209,1818.0548538,1.2606,False
22278083,2025-04-16T00:51:35,0x1309c007567a71b393094c21e70bd2647356a352,0x802d78fd3045b64bf2680aaa9a5ae0f4f5241836,0x5b5a0580bcfd3673820bb249514234afad33e209,1818.0548538,1.2606,False
22278083,2025-04-16T00:51:35,0x1309c007567a71b393094c21e70bd2647356a352,0x802d78fd3045b64bf2680aaa9a5ae0f4f5241836,0xb3445d5413abf63df1112a4a517de2602f249785,1818.0548538,1.2606,False
22278091,2025-04-16T00:53:11,0x1309c007567a71b393094c21e70bd2647356a352,0x802d78fd3045b64bf2680aaa9a5ae0f4f5241836,0xe08d97e151473a848c3d9ca3f323cb720472d015,1818.0548538,1.2606,False
22278092,2025-04-16T00:53:23,0x1309c007567a71b393094c21e70bd2647356a352,0x802d78fd3045b64bf2680aaa9a5ae0f4f5241836,0xd683b81c2608980db90a6fd730153e04629ff1a3,1818.0548538,1.2606,False
22278098,2025-04-16T00:54:35,0x1309c007567a71b393094c21e70bd2647356a352,0x802d78fd3045b64bf2680aaa9a5ae0f4f5241836,0xe08d97e151473a848c3d9ca3f323cb720472d015,1818.0548538,1.2606,False
22278103,2025-04-16T00:55:35,0x1309c007567a71b393094c21e70bd2647356a352,0x802d78fd3045b64bf2680aaa9a5ae0f4f5241836,0xe08d97e151473a848c3d9ca3f323cb720472d015,1818.0548538,1.2606,False
22278104,2025-04-16T00:55:47,0x1309c007567a71b393094c21e70bd2647356a352,0x802d78fd3045b64bf2680aaa9a5ae0f4f5241836,0xd683b81c2608980db90a6fd730153e04629ff1a3,1818.0548538,1.2606,False
22278128,2025-04-16T01:00:35,0x1309c007567a71b393094c21e70bd2647356a352,0x802d78fd3045b64bf2680aaa9a5ae0f4f5241836,0x802d78fd3045b64bf2680aaa9a5ae0f4f5241836,0.0,0.0,True
22637035,2025-06-05T07:50:35,0xe85d65e3927451ccc130457e75bf83ee1a5b85c6,0x802d78fd3045b64bf2680aaa9a5ae0f4f5241836,0x4545e97854655807732b30057a4d4181e08bc2e2,213.171332206464,0.08976,False
22637133,2025-06-05T08:10:11,0xa8e09d93ca028d43bd8241882886e5ac7ad5112f,0x802d78fd3045b64bf2680aaa9a5ae0f4f5241836,0x4545e97854655807732b30057a4d4181e08bc2e2,87.98286174750001,0.0371415,False
22637139,2025-06-05T08:11:23,0xae9db1ff69cfca2720ff2e5d81807d7383138a39,0x802d78fd3045b64bf2680aaa9a5ae0f4f5241836,0x4545e97854655807732b30057a4d4181e08bc2e2,81.9896562975,0.0346115,False
22641663,2025-06-05T23:23:47,0x1309c007567a71b393094c21e70bd2647356a352,0x802d78fd3045b64bf2680aaa9a5ae0f4f5241836,0x5895d114a4992f4ce71d61293f7d4fde93fcd695,10090.88799230085,4.576010618811885,False
22751135,2025-06-21T06:45:59,0x1309c007567a71b393094c21e70bd2647356a352,0x802d78fd3045b64bf2680aaa9a5ae0f4f5241836,0x043dfa52deb97ed9886c8a4d766442b6ee3756cb,485.034,0.22,False
23793930,2025-11-14T00:43:47,0x1309c007567a71b393094c21e70bd2647356a352,0x5c3493f22e0b5e8f5349e40812642d43636ced55,0x5c3493f22e0b5e8f5349e40812642d43636ced55,13782.624544600001,4.73,False
23793938,2025-11-14T00:45:23,0x1309c007567a71b393094c21e70bd2647356a352,0x5c3493f22e0b5e8f5349e40812642d43636ced55,0xf5f69f3d94de632bd63bba92ffaa6bb0698c0802,13087.733863072655,4.491523437500001,False
23794033,2025-11-14T01:04:35,0x1309c007567a71b393094c21e70bd2647356a352,0x5c3493f22e0b5e8f5349e40812642d43636ced55,0xa3d976c9171eed36f2e21513dbbe783dfeb33f04,5777.13964875,1.98171875,False
23794143,2025-11-14T01:26:59,0x1309c007567a71b393094c21e70bd2647356a352,0x5c3493f22e0b5e8f5349e40812642d43636ced55,0x54ee7098c1c2878db66b2b78d683dccd460016f0,321.089731859,0.11,False
23795817,2025-11-14T07:04:23,0x1309c007567a71b393094c21e70bd2647356a352,0x5c3493f22e0b5e8f5349e40812642d43636ced55,0x5cae8aa25582f7e1602838ed533af4626d2d5189,3400.5828369140627,1.162841796875,False
23796566,2025-11-14T09:34:47,0x1309c007567a71b393094c21e70bd2647356a352,0x5c3493f22e0b5e8f5349e40812642d43636ced55,0xbf14aca956f6effe1a40bf4e4acd936ff2dad805,3116.913569921875,1.0797939453125,False
23809584,2025-11-16T05:13:59,0x1309c007567a71b393094c21e70bd2647356a352,0x440888714a6afed60ff44e9975a96e6a36f7fac4,0x440888714a6afed60ff44e9975a96e6a36f7fac4,959.5437333000001,0.33,False
23809604,2025-11-16T05:17:59,0x1309c007567a71b393094c21e70bd2647356a352,0x440888714a6afed60ff44e9975a96e6a36f7fac4,0x64fc76b804b82abb0779b4dec22534a29ae5f227,947.2995554532031,0.3257890625,False
23809653,2025-11-16T05:27:47,0x1309c007567a71b393094c21e70bd2647356a352,0x078955149b3c3c76707058d4ab3d0d3d232db789,0x078955149b3c3c76707058d4ab3d0d3d232db789,480.9068559105,0.165,False
23815889,2025-11-17T02:22:47,0x1309c007567a71b393094c21e70bd2647356a352,0x4545e97854655807732b30057a4d4181e08bc2e2,0x4545e97854655807732b30057a4d4181e08bc2e2,59.707164441,0.0209,False
23815957,2025-11-17T02:36:35,0x1309c007567a71b393094c21e70bd2647356a352,0x4545e97854655807732b30057a4d4181e08bc2e2,0x6aabd7f831f86f3c4ebe648d584cbf6d494938bb,59.707164441,0.0209,False
23816012,2025-11-17T02:47:47,0x1309c007567a71b393094c21e70bd2647356a352,0x4545e97854655807732b30057a4d4181e08bc2e2,0xb3445d5413abf63df1112a4a517de2602f249785,59.707164441,0.0209,False
23816012,2025-11-17T02:47:47,0x1309c007567a71b393094c21e70bd2647356a352,0x4545e97854655807732b30057a4d4181e08bc2e2,0xb3445d5413abf63df1112a4a517de2602f249785,59.707164441,0.0209,False
23816012,2025-11-17T02:47:47,0x1309c007567a71b393094c21e70bd2647356a352,0x4545e97854655807732b30057a4d4181e08bc2e2,0xb3445d5413abf63df1112a4a517de2602f249785,59.707164441,0.0209,False
23816012,2025-11-17T02:47:47,0x1309c007567a71b393094c21e70bd2647356a352,0x4545e97854655807732b30057a4d4181e08bc2e2,0xb3445d5413abf63df1112a4a517de2602f249785,59.707164441,0.0209,False
23816012,2025-11-17T02:47:47,0x1309c007567a71b393094c21e70bd2647356a352,0x4545e97854655807732b30057a4d4181e08bc2e2,0xb3445d5413abf63df1112a4a517de2602f249785,59.707164441,0.0209,False
23816012,2025-11-17T02:47:47,0x1309c007567a71b393094c21e70bd2647356a352,0x4545e97854655807732b30057a4d4181e08bc2e2,0xb3445d5413abf63df1112a4a517de2602f249785,59.707164441,0.0209,False
23816012,2025-11-17T02:47:47,0x1309c007567a71b393094c21e70bd2647356a352,0x4545e97854655807732b30057a4d4181e08bc2e2,0xb3445d5413abf63df1112a4a517de2602f249785,59.707164441,0.0209,False
23816012,2025-11-17T02:47:47,0x1309c007567a71b393094c21e70bd2647356a352,0x4545e97854655807732b30057a4d4181e08bc2e2,0xb3445d5413abf63df1112a4a517de2602f249785,59.707164441,0.0209,False
23816059,2025-11-17T02:57:11,0x1309c007567a71b393094c21e70bd2647356a352,0x4545e97854655807732b30057a4d4181e08bc2e2,0xf8ab22a0fa656deca007ea7ab8456499bdcea4f1,59.707164441,0.0209,False
23816059,2025-11-17T02:57:11,0x1309c007567a71b393094c21e70bd2647356a352,0x4545e97854655807732b30057a4d4181e08bc2e2,0xf8ab22a0fa656deca007ea7ab8456499bdcea4f1,59.707164441,0.0209,False
23816059,2025-11-17T02:57:11,0x1309c007567a71b393094c21e70bd2647356a352,0x4545e97854655807732b30057a4d4181e08bc2e2,0xf8ab22a0fa656deca007ea7ab8456499bdcea4f1,59.707164441,0.0209,False
23816059,2025-11-17T02:57:11,0x1309c007567a71b393094c21e70bd2647356a352,0x4545e97854655807732b30057a4d4181e08bc2e2,0xf8ab22a0fa656deca007ea7ab8456499bdcea4f1,59.707164441,0.0209,False
23816059,2025-11-17T02:57:11,0x1309c007567a71b393094c21e70bd2647356a352,0x4545e97854655807732b30057a4d4181e08bc2e2,0xf8ab22a0fa656deca007ea7ab8456499bdcea4f1,59.707164441,0.0209,False
23816059,2025-11-17T02:57:11,0x1309c007567a71b393094c21e70bd2647356a352,0x4545e97854655807732b30057a4d4181e08bc2e2,0xf8ab22a0fa656deca007ea7ab8456499bdcea4f1,59.707164441,0.0209,False
23816059,2025-11-17T02:57:11,0x1309c007567a71b393094c21e70bd2647356a352,0x4545e97854655807732b30057a4d4181e08bc2e2,0xf8ab22a0fa656deca007ea7ab8456499bdcea4f1,59.707164441,0.0209,False
23816059,2025-11-17T02:57:11,0x1309c007567a71b393094c21e70bd2647356a352,0x4545e97854655807732b30057a4d4181e08bc2e2,0xf8ab22a0fa656deca007ea7ab8456499bdcea4f1,59.707164441,0.0209,False
23816059,2025-11-17T02:57:11,0x1309c007567a71b393094c21e70bd2647356a352,0x4545e97854655807732b30057a4d4181e08bc2e2,0xf8ab22a0fa656deca007ea7ab8456499bdcea4f1,59.707164441,0.0209,False
23816069,2025-11-17T02:59:11,0x1309c007567a71b393094c21e70bd2647356a352,0x4545e97854655807732b30057a4d4181e08bc2e2,0xfa0253943c3ff0e43898cba5a7a0da9d17c27995,59.707164441,0.0209,False
23816069,2025-11-17T02:59:11,0x1309c007567a71b393094c21e70bd2647356a352,0x4545e97854655807732b30057a4d4181e08bc2e2,0xfa0253943c3ff0e43898cba5a7a0da9d17c27995,59.707164441,0.0209,False
23816069,2025-11-17T02:59:11,0x1309c007567a71b393094c21e70bd2647356a352,0x4545e97854655807732b30057a4d4181e08bc2e2,0xfa0253943c3ff0e43898cba5a7a0da9d17c27995,59.707164441,0.0209,False
23816069,2025-11-17T02:59:11,0x1309c007567a71b393094c21e70bd2647356a352,0x4545e97854655807732b30057a4d4181e08bc2e2,0xfa0253943c3ff0e43898cba5a7a0da9d17c27995,59.707164441,0.0209,False
23816069,2025-11-17T02:59:11,0x1309c007567a71b393094c21e70bd2647356a352,0x4545e97854655807732b30057a4d4181e08bc2e2,0xfa0253943c3ff0e43898cba5a7a0da9d17c27995,59.707164441,0.0209,False
23816069,2025-11-17T02:59:11,0x1309c007567a71b393094c21e70bd2647356a352,0x4545e97854655807732b30057a4d4181e08bc2e2,0xfa0253943c3ff0e43898cba5a7a0da9d17c27995,59.707164441,0.0209,False
23816069,2025-11-17T02:59:11,0x1309c007567a71b393094c21e70bd2647356a352,0x4545e97854655807732b30057a4d4181e08bc2e2,0xfa0253943c3ff0e43898cba5a7a0da9d17c27995,59.707164441,0.0209,False
23816069,2025-11-17T02:59:11,0x1309c007567a71b393094c21e70bd2647356a352,0x4545e97854655807732b30057a4d4181e08bc2e2,0xfa0253943c3ff0e43898cba5a7a0da9d17c27995,59.707164441,0.0209,False
23816069,2025-11-17T02:59:11,0x1309c007567a71b393094c21e70bd2647356a352,0x4545e97854655807732b30057a4d4181e08bc2e2,0xfa0253943c3ff0e43898cba5a7a0da9d17c27995,59.707164441,0.0209,False
23816078,2025-11-17T03:00:59,0x1309c007567a71b393094c21e70bd2647356a352,0x4545e97854655807732b30057a4d4181e08bc2e2,0x5b5a0580bcfd3673820bb249514234afad33e209,59.707164441,0.0209,False
23816078,2025-11-17T03:00:59,0x1309c007567a71b393094c21e70bd2647356a352,0x4545e97854655807732b30057a4d4181e08bc2e2,0x5b5a0580bcfd3673820bb249514234afad33e209,59.707164441,0.0209,False
23816078,2025-11-17T03:00:59,0x1309c007567a71b393094c21e70bd2647356a352,0x4545e97854655807732b30057a4d4181e08bc2e2,0x5b5a0580bcfd3673820bb249514234afad33e209,59.707164441,0.0209,False
23816078,2025-11-17T03:00:59,0x1309c007567a71b393094c21e70bd2647356a352,0x4545e97854655807732b30057a4d4181e08bc2e2,0x5b5a0580bcfd3673820bb249514234afad33e209,59.707164441,0.0209,False
23816078,2025-11-17T03:00:59,0x1309c007567a71b393094c21e70bd2647356a352,0x4545e97854655807732b30057a4d4181e08bc2e2,0x5b5a0580bcfd3673820bb249514234afad33e209,59.707164441,0.0209,False
23816078,2025-11-17T03:00:59,0x1309c007567a71b393094c21e70bd2647356a352,0x4545e97854655807732b30057a4d4181e08bc2e2,0x5b5a0580bcfd3673820bb249514234afad33e209,59.707164441,0.0209,False
23816078,2025-11-17T03:00:59,0x1309c007567a71b393094c21e70bd2647356a352,0x4545e97854655807732b30057a4d4181e08bc2e2,0x5b5a0580bcfd3673820bb249514234afad33e209,59.707164441,0.0209,False
23816078,2025-11-17T03:00:59,0x1309c007567a71b393094c21e70bd2647356a352,0x4545e97854655807732b30057a4d4181e08bc2e2,0x5b5a0580bcfd3673820bb249514234afad33e209,59.707164441,0.0209,False
23816078,2025-11-17T03:00:59,0x1309c007567a71b393094c21e70bd2647356a352,0x4545e97854655807732b30057a4d4181e08bc2e2,0x5b5a0580bcfd3673820bb249514234afad33e209,59.707164441,0.0209,False
23816086,2025-11-17T03:02:35,0x1309c007567a71b393094c21e70bd2647356a352,0x4545e97854655807732b30057a4d4181e08bc2e2,0xf0d539955974b248d763d60c3663ef272dfc6971,59.707164441,0.0209,False
23816086,2025-11-17T03:02:35,0x1309c007567a71b393094c21e70bd2647356a352,0x4545e97854655807732b30057a4d4181e08bc2e2,0xf0d539955974b248d763d60c3663ef272dfc6971,59.707164441,0.0209,False
23816086,2025-11-17T03:02:35,0x1309c007567a71b393094c21e70bd2647356a352,0x4545e97854655807732b30057a4d4181e08bc2e2,0xf0d539955974b248d763d60c3663ef272dfc6971,59.707164441,0.0209,False
23816086,2025-11-17T03:02:35,0x1309c007567a71b393094c21e70bd2647356a352,0x4545e97854655807732b30057a4d4181e08bc2e2,0xf0d539955974b248d763d60c3663ef272dfc6971,59.707164441,0.0209,False
23816086,2025-11-17T03:02:35,0x1309c007567a71b393094c21e70bd2647356a352,0x4545e97854655807732b30057a4d4181e08bc2e2,0xf0d539955974b248d763d60c3663ef272dfc6971,59.707164441,0.0209,False
23816086,2025-11-17T03:02:35,0x1309c007567a71b393094c21e70bd2647356a352,0x4545e97854655807732b30057a4d4181e08bc2e2,0xf0d539955974b248d763d60c3663ef272dfc6971,59.707164441,0.0209,False
23816086,2025-11-17T03:02:35,0x1309c007567a71b393094c21e70bd2647356a352,0x4545e97854655807732b30057a4d4181e08bc2e2,0xf0d539955974b248d763d60c3663ef272dfc6971,59.707164441,0.0209,False
23816086,2025-11-17T03:02:35,0x1309c007567a71b393094c21e70bd2647356a352,0x4545e97854655807732b30057a4d4181e08bc2e2,0xf0d539955974b248d763d60c3663ef272dfc6971,59.707164441,0.0209,False
23816086,2025-11-17T03:02:35,0x1309c007567a71b393094c21e70bd2647356a352,0x4545e97854655807732b30057a4d4181e08bc2e2,0xf0d539955974b248d763d60c3663ef272dfc6971,59.707164441,0.0209,False
23816086,2025-11-17T03:02:35,0x1309c007567a71b393094c21e70bd2647356a352,0x4545e97854655807732b30057a4d4181e08bc2e2,0xf0d539955974b248d763d60c3663ef272dfc6971,59.707164441,0.0209,False
23816096,2025-11-17T03:04:35,0x1309c007567a71b393094c21e70bd2647356a352,0x4545e97854655807732b30057a4d4181e08bc2e2,0xf0d539955974b248d763d60c3663ef272dfc6971,59.707164441,0.0209,False
23816096,2025-11-17T03:04:35,0x1309c007567a71b393094c21e70bd2647356a352,0x4545e97854655807732b30057a4d4181e08bc2e2,0xf0d539955974b248d763d60c3663ef272dfc6971,59.707164441,0.0209,False
23816096,2025-11-17T03:04:35,0x1309c007567a71b393094c21e70bd2647356a352,0x4545e97854655807732b30057a4d4181e08bc2e2,0xf0d539955974b248d763d60c3663ef272dfc6971,59.707164441,0.0209,False
23816096,2025-11-17T03:04:35,0x1309c007567a71b393094c21e70bd2647356a352,0x4545e97854655807732b30057a4d4181e08bc2e2,0xf0d539955974b248d763d60c3663ef272dfc6971,59.707164441,0.0209,False
23816096,2025-11-17T03:04:35,0x1309c007567a71b393094c21e70bd2647356a352,0x4545e97854655807732b30057a4d4181e08bc2e2,0xf0d539955974b248d763d60c3663ef272dfc6971,59.707164441,0.0209,False
23816096,2025-11-17T03:04:35,0x1309c007567a71b393094c21e70bd2647356a352,0x4545e97854655807732b30057a4d4181e08bc2e2,0xf0d539955974b248d763d60c3663ef272dfc6971,59.707164441,0.0209,False
23816096,2025-11-17T03:04:35,0x1309c007567a71b393094c21e70bd2647356a352,0x4545e97854655807732b30057a4d4181e08bc2e2,0xf0d539955974b248d763d60c3663ef272dfc6971,59.707164441,0.0209,False
23816096,2025-11-17T03:04:35,0x1309c007567a71b393094c21e70bd2647356a352,0x4545e97854655807732b30057a4d4181e08bc2e2,0xf0d539955974b248d763d60c3663ef272dfc6971,59.707164441,0.0209,False
23816096,2025-11-17T03:04:35,0x1309c007567a71b393094c21e70bd2647356a352,0x4545e97854655807732b30057a4d4181e08bc2e2,0xf0d539955974b248d763d60c3663ef272dfc6971,59.707164441,0.0209,False
23816096,2025-11-17T03:04:35,0x1309c007567a71b393094c21e70bd2647356a352,0x4545e97854655807732b30057a4d4181e08bc2e2,0x5b5a0580bcfd3673820bb249514234afad33e209,59.707164441,0.0209,False
23816107,2025-11-17T03:06:47,0x1309c007567a71b393094c21e70bd2647356a352,0x4545e97854655807732b30057a4d4181e08bc2e2,0xb3445d5413abf63df1112a4a517de2602f249785,59.707164441,0.0209,False
23816107,2025-11-17T03:06:47,0x1309c007567a71b393094c21e70bd2647356a352,0x4545e97854655807732b30057a4d4181e08bc2e2,0xb3445d5413abf63df1112a4a517de2602f249785,59.707164441,0.0209,False
23816107,2025-11-17T03:06:47,0x1309c007567a71b393094c21e70bd2647356a352,0x4545e97854655807732b30057a4d4181e08bc2e2,0xb3445d5413abf63df1112a4a517de2602f249785,59.707164441,0.0209,False
23816107,2025-11-17T03:06:47,0x1309c007567a71b393094c21e70bd2647356a352,0x4545e97854655807732b30057a4d4181e08bc2e2,0xb3445d5413abf63df1112a4a517de2602f249785,59.707164441,0.0209,False
23816107,2025-11-17T03:06:47,0x1309c007567a71b393094c21e70bd2647356a352,0x4545e97854655807732b30057a4d4181e08bc2e2,0xb3445d5413abf63df1112a4a517de2602f249785,59.707164441,0.0209,False
23816107,2025-11-17T03:06:47,0x1309c007567a71b393094c21e70bd2647356a352,0x4545e97854655807732b30057a4d4181e08bc2e2,0xb3445d5413abf63df1112a4a517de2602f249785,59.707164441,0.0209,False
23816107,2025-11-17T03:06:47,0x1309c007567a71b393094c21e70bd2647356a352,0x4545e97854655807732b30057a4d4181e08bc2e2,0xb3445d5413abf63df1112a4a517de2602f249785,59.707164441,0.0209,False
23816107,2025-11-17T03:06:47,0x1309c007567a71b393094c21e70bd2647356a352,0x4545e97854655807732b30057a4d4181e08bc2e2,0xb3445d5413abf63df1112a4a517de2602f249785,59.707164441,0.0209,False
23816107,2025-11-17T03:06:47,0x1309c007567a71b393094c21e70bd2647356a352,0x4545e97854655807732b30057a4d4181e08bc2e2,0xb3445d5413abf63df1112a4a517de2602f249785,59.707164441,0.0209,False
23816107,2025-11-17T03:06:47,0x1309c007567a71b393094c21e70bd2647356a352,0x4545e97854655807732b30057a4d4181e08bc2e2,0x5b5a0580bcfd3673820bb249514234afad33e209,59.707164441,0.0209,False
23816113,2025-11-17T03:07:59,0x1309c007567a71b393094c21e70bd2647356a352,0x4545e97854655807732b30057a4d4181e08bc2e2,0x5b5a0580bcfd3673820bb249514234afad33e209,59.707164441,0.0209,False
23816113,2025-11-17T03:07:59,0x1309c007567a71b393094c21e70bd2647356a352,0x4545e97854655807732b30057a4d4181e08bc2e2,0x5b5a0580bcfd3673820bb249514234afad33e209,59.707164441,0.0209,False
23816113,2025-11-17T03:07:59,0x1309c007567a71b393094c21e70bd2647356a352,0x4545e97854655807732b30057a4d4181e08bc2e2,0x5b5a0580bcfd3673820bb249514234afad33e209,59.707164441,0.0209,False
23816113,2025-11-17T03:07:59,0x1309c007567a71b393094c21e70bd2647356a352,0x4545e97854655807732b30057a4d4181e08bc2e2,0x5b5a0580bcfd3673820bb249514234afad33e209,59.707164441,0.0209,False
23816113,2025-11-17T03:07:59,0x1309c007567a71b393094c21e70bd2647356a352,0x4545e97854655807732b30057a4d4181e08bc2e2,0x5b5a0580bcfd3673820bb249514234afad33e209,59.707164441,0.0209,False
23816113,2025-11-17T03:07:59,0x1309c007567a71b393094c21e70bd2647356a352,0x4545e97854655807732b30057a4d4181e08bc2e2,0x5b5a0580bcfd3673820bb249514234afad33e209,59.707164441,0.0209,False
23816113,2025-11-17T03:07:59,0x1309c007567a71b393094c21e70bd2647356a352,0x4545e97854655807732b30057a4d4181e08bc2e2,0x5b5a0580bcfd3673820bb249514234afad33e209,59.707164441,0.0209,False
23816113,2025-11-17T03:07:59,0x1309c007567a71b393094c21e70bd2647356a352,0x4545e97854655807732b30057a4d4181e08bc2e2,0x5b5a0580bcfd3673820bb249514234afad33e209,59.707164441,0.0209,False
23816113,2025-11-17T03:07:59,0x1309c007567a71b393094c21e70bd2647356a352,0x4545e97854655807732b30057a4d4181e08bc2e2,0x5b5a0580bcfd3673820bb249514234afad33e209,59.707164441,0.0209,False
23816113,2025-11-17T03:07:59,0x1309c007567a71b393094c21e70bd2647356a352,0x4545e97854655807732b30057a4d4181e08bc2e2,0x5b5a0580bcfd3673820bb249514234afad33e209,59.707164441,0.0209,False
23816113,2025-11-17T03:07:59,0x1309c007567a71b393094c21e70bd2647356a352,0x4545e97854655807732b30057a4d4181e08bc2e2,0x5b5a0580bcfd3673820bb249514234afad33e209,59.707164441,0.0209,False
23816119,2025-11-17T03:09:11,0x1309c007567a71b393094c21e70bd2647356a352,0x4545e97854655807732b30057a4d4181e08bc2e2,0xb3445d5413abf63df1112a4a517de2602f249785,59.707164441,0.0209,False
23816119,2025-11-17T03:09:11,0x1309c007567a71b393094c21e70bd2647356a352,0x4545e97854655807732b30057a4d4181e08bc2e2,0xb3445d5413abf63df1112a4a517de2602f249785,59.707164441,0.0209,False
23816119,2025-11-17T03:09:11,0x1309c007567a71b393094c21e70bd2647356a352,0x4545e97854655807732b30057a4d4181e08bc2e2,0xb3445d5413abf63df1112a4a517de2602f249785,59.707164441,0.0209,False
23816119,2025-11-17T03:09:11,0x1309c007567a71b393094c21e70bd2647356a352,0x4545e97854655807732b30057a4d4181e08bc2e2,0xb3445d5413abf63df1112a4a517de2602f249785,59.707164441,0.0209,False
23816119,2025-11-17T03:09:11,0x1309c007567a71b393094c21e70bd2647356a352,0x4545e97854655807732b30057a4d4181e08bc2e2,0xb3445d5413abf63df1112a4a517de2602f249785,59.707164441,0.0209,False
23816119,2025-11-17T03:09:11,0x1309c007567a71b393094c21e70bd2647356a352,0x4545e97854655807732b30057a4d4181e08bc2e2,0xb3445d5413abf63df1112a4a517de2602f249785,59.707164441,0.0209,False
23816119,2025-11-17T03:09:11,0x1309c007567a71b393094c21e70bd2647356a352,0x4545e97854655807732b30057a4d4181e08bc2e2,0xb3445d5413abf63df1112a4a517de2602f249785,59.707164441,0.0209,False
23816119,2025-11-17T03:09:11,0x1309c007567a71b393094c21e70bd2647356a352,0x4545e97854655807732b30057a4d4181e08bc2e2,0xb3445d5413abf63df1112a4a517de2602f249785,59.707164441,0.0209,False
23816119,2025-11-17T03:09:11,0x1309c007567a71b393094c21e70bd2647356a352,0x4545e97854655807732b30057a4d4181e08bc2e2,0xb3445d5413abf63df1112a4a517de2602f249785,59.707164441,0.0209,False
23816119,2025-11-17T03:09:11,0x1309c007567a71b393094c21e70bd2647356a352,0x4545e97854655807732b30057a4d4181e08bc2e2,0xb3445d5413abf63df1112a4a517de2602f249785,59.707164441,0.0209,False
23816161,2025-11-17T03:17:35,0x1309c007567a71b393094c21e70bd2647356a352,0x4545e97854655807732b30057a4d4181e08bc2e2,0x00000f91109c4d0007e90000d9facad5298a0cac,60.0311308,0.0209,False
23816161,2025-11-17T03:17:35,0x1309c007567a71b393094c21e70bd2647356a352,0x4545e97854655807732b30057a4d4181e08bc2e2,0x00000f91109c4d0007e90000d9facad5298a0cac,60.0311308,0.0209,False
23917866,2025-12-01T09:53:47,0x1309c007567a71b393094c21e70bd2647356a352,0x4545e97854655807732b30057a4d4181e08bc2e2,0x4545e97854655807732b30057a4d4181e08bc2e2,498.57235973025,0.19338,False
23917878,2025-12-01T09:56:11,0x1309c007567a71b393094c21e70bd2647356a352,0x4545e97854655807732b30057a4d4181e08bc2e2,0xf5b3e59a3d9211c1713d208ff199b7253d5268f7,48.4879145556549,0.018806884765625,False
23917902,2025-12-01T10:00:59,0x1309c007567a71b393094c21e70bd2647356a352,0x4545e97854655807732b30057a4d4181e08bc2e2,0x0bba016eeb9e0add4f4ea82dc45739abba2c897d,199.9754317001892,0.07756396484375,False
24112077,2025-12-28T15:38:23,0x1309c007567a71b393094c21e70bd2647356a352,0x4545e97854655807732b30057a4d4181e08bc2e2,0xe08d97e151473a848c3d9ca3f323cb720472d015,31.1805296,0.011638,False
24112094,2025-12-28T15:41:47,0x1309c007567a71b393094c21e70bd2647356a352,0x4545e97854655807732b30057a4d4181e08bc2e2,0x3d6d6e4928959b2544be987c15c9f99165b509f3,207.809374609375,0.07756396484375,False
24112094,2025-12-28T15:41:47,0x1309c007567a71b393094c21e70bd2647356a352,0x4545e97854655807732b30057a4d4181e08bc2e2,0x5b5a0580bcfd3673820bb249514234afad33e209,31.1805296,0.011638,False
24112094,2025-12-28T15:41:47,0x1309c007567a71b393094c21e70bd2647356a352,0x4545e97854655807732b30057a4d4181e08bc2e2,0xd2306a7187fe8b0c0dee59b50fdc438d2075d24c,31.1805296,0.011638,False
24112094,2025-12-28T15:41:47,0x1309c007567a71b393094c21e70bd2647356a352,0x4545e97854655807732b30057a4d4181e08bc2e2,0x00000f91109c4d0007e90000d9facad5298a0cac,31.1805296,0.011638,False
24112095,2025-12-28T15:41:59,0x1309c007567a71b393094c21e70bd2647356a352,0x4545e97854655807732b30057a4d4181e08bc2e2,0xc31a49d1c4c652af57cefdef248f3c55b801c649,31.1805296,0.011638,False
24112095,2025-12-28T15:41:59,0x1309c007567a71b393094c21e70bd2647356a352,0x4545e97854655807732b30057a4d4181e08bc2e2,0xc31a49d1c4c652af57cefdef248f3c55b801c649,31.1805296,0.011638,False
24112095,2025-12-28T15:41:59,0x1309c007567a71b393094c21e70bd2647356a352,0x4545e97854655807732b30057a4d4181e08bc2e2,0xc31a49d1c4c652af57cefdef248f3c55b801c649,31.1805296,0.011638,False
24112095,2025-12-28T15:41:59,0x1309c007567a71b393094c21e70bd2647356a352,0x4545e97854655807732b30057a4d4181e08bc2e2,0xc31a49d1c4c652af57cefdef248f3c55b801c649,31.1805296,0.011638,False
24112095,2025-12-28T15:41:59,0x1309c007567a71b393094c21e70bd2647356a352,0x4545e97854655807732b30057a4d4181e08bc2e2,0xc31a49d1c4c652af57cefdef248f3c55b801c649,31.1805296,0.011638,False
24112095,2025-12-28T15:41:59,0x1309c007567a71b393094c21e70bd2647356a352,0x4545e97854655807732b30057a4d4181e08bc2e2,0xc31a49d1c4c652af57cefdef248f3c55b801c649,31.1805296,0.011638,False
24112095,2025-12-28T15:41:59,0x1309c007567a71b393094c21e70bd2647356a352,0x4545e97854655807732b30057a4d4181e08bc2e2,0xc31a49d1c4c652af57cefdef248f3c55b801c649,31.1805296,0.011638,False
24112105,2025-12-28T15:43:59,0x1309c007567a71b393094c21e70bd2647356a352,0x4545e97854655807732b30057a4d4181e08bc2e2,0xf2d7cfd36e83c7d97d2a6054263f30bd02fbaf56,518.103696,0.19338,False
24112105,2025-12-28T15:43:59,0x1309c007567a71b393094c21e70bd2647356a352,0x4545e97854655807732b30057a4d4181e08bc2e2,0xc31a49d1c4c652af57cefdef248f3c55b801c649,31.1805296,0.011638,False
24112105,2025-12-28T15:43:59,0x1309c007567a71b393094c21e70bd2647356a352,0x4545e97854655807732b30057a4d4181e08bc2e2,0xc31a49d1c4c652af57cefdef248f3c55b801c649,31.1805296,0.011638,False
24112119,2025-12-28T15:46:47,0x1309c007567a71b393094c21e70bd2647356a352,0x4545e97854655807732b30057a4d4181e08bc2e2,0xc31a49d1c4c652af57cefdef248f3c55b801c649,518.103696,0.19338,False
24112119,2025-12-28T15:46:47,0x1309c007567a71b393094c21e70bd2647356a352,0x4545e97854655807732b30057a4d4181e08bc2e2,0x5b5a0580bcfd3673820bb249514234afad33e209,31.1805296,0.011638,False
24112119,2025-12-28T15:46:47,0x1309c007567a71b393094c21e70bd2647356a352,0x4545e97854655807732b30057a4d4181e08bc2e2,0xc31a49d1c4c652af57cefdef248f3c55b801c649,31.1805296,0.011638,False
24112119,2025-12-28T15:46:47,0x1309c007567a71b393094c21e70bd2647356a352,0x4545e97854655807732b30057a4d4181e08bc2e2,0xc31a49d1c4c652af57cefdef248f3c55b801c649,31.1805296,0.011638,False
24112132,2025-12-28T15:49:23,0x1309c007567a71b393094c21e70bd2647356a352,0x4545e97854655807732b30057a4d4181e08bc2e2,0x5b5a0580bcfd3673820bb249514234afad33e209,518.103696,0.19338,False
24112132,2025-12-28T15:49:23,0x1309c007567a71b393094c21e70bd2647356a352,0x4545e97854655807732b30057a4d4181e08bc2e2,0xc31a49d1c4c652af57cefdef248f3c55b801c649,31.1805296,0.011638,False
24112132,2025-12-28T15:49:23,0x1309c007567a71b393094c21e70bd2647356a352,0x4545e97854655807732b30057a4d4181e08bc2e2,0xc31a49d1c4c652af57cefdef248f3c55b801c649,31.1805296,0.011638,False
24112132,2025-12-28T15:49:23,0x1309c007567a71b393094c21e70bd2647356a352,0x4545e97854655807732b30057a4d4181e08bc2e2,0xc31a49d1c4c652af57cefdef248f3c55b801c649,31.1805296,0.011638,False
24112132,2025-12-28T15:49:23,0x1309c007567a71b393094c21e70bd2647356a352,0x4545e97854655807732b30057a4d4181e08bc2e2,0xc31a49d1c4c652af57cefdef248f3c55b801c649,31.1805296,0.011638,False
24112143,2025-12-28T15:51:35,0x1309c007567a71b393094c21e70bd2647356a352,0x4545e97854655807732b30057a4d4181e08bc2e2,0x93b0f8e503984383248971d3b65d0d2e97b63d20,687.9546830578125,0.256776158203125,False
24112162,2025-12-28T15:55:23,0x1309c007567a71b393094c21e70bd2647356a352,0x4545e97854655807732b30057a4d4181e08bc2e2,0x5b5a0580bcfd3673820bb249514234afad33e209,518.103696,0.19338,False
24112162,2025-12-28T15:55:23,0x1309c007567a71b393094c21e70bd2647356a352,0x4545e97854655807732b30057a4d4181e08bc2e2,0x00000f91109c4d0007e90000d9facad5298a0cac,31.1805296,0.011638,False
24112162,2025-12-28T15:55:23,0x1309c007567a71b393094c21e70bd2647356a352,0x4545e97854655807732b30057a4d4181e08bc2e2,0x00000f91109c4d0007e90000d9facad5298a0cac,31.1805296,0.011638,False
24112162,2025-12-28T15:55:23,0x1309c007567a71b393094c21e70bd2647356a352,0x4545e97854655807732b30057a4d4181e08bc2e2,0x00000f91109c4d0007e90000d9facad5298a0cac,31.1805296,0.011638,False
24112162,2025-12-28T15:55:23,0x1309c007567a71b393094c21e70bd2647356a352,0x4545e97854655807732b30057a4d4181e08bc2e2,0x00000f91109c4d0007e90000d9facad5298a0cac,31.1805296,0.011638,False
24112162,2025-12-28T15:55:23,0x1309c007567a71b393094c21e70bd2647356a352,0x4545e97854655807732b30057a4d4181e08bc2e2,0x00000f91109c4d0007e90000d9facad5298a0cac,31.1805296,0.011638,False
24112162,2025-12-28T15:55:23,0x1309c007567a71b393094c21e70bd2647356a352,0x4545e97854655807732b30057a4d4181e08bc2e2,0x00000f91109c4d0007e90000d9facad5298a0cac,31.1805296,0.011638,False
24112216,2025-12-28T16:06:11,0x1309c007567a71b393094c21e70bd2647356a352,0x4545e97854655807732b30057a4d4181e08bc2e2,0xc31a49d1c4c652af57cefdef248f3c55b801c649,517.90651872,0.19338,False
24112216,2025-12-28T16:06:11,0x1309c007567a71b393094c21e70bd2647356a352,0x4545e97854655807732b30057a4d4181e08bc2e2,0xc31a49d1c4c652af57cefdef248f3c55b801c649,31.168663072,0.011638,False
24112216,2025-12-28T16:06:11,0x1309c007567a71b393094c21e70bd2647356a352,0x4545e97854655807732b30057a4d4181e08bc2e2,0xc31a49d1c4c652af57cefdef248f3c55b801c649,31.168663072,0.011638,False
24112216,2025-12-28T16:06:11,0x1309c007567a71b393094c21e70bd2647356a352,0x4545e97854655807732b30057a4d4181e08bc2e2,0xc31a49d1c4c652af57cefdef248f3c55b801c649,31.168663072,0.011638,False
24112216,2025-12-28T16:06:11,0x1309c007567a71b393094c21e70bd2647356a352,0x4545e97854655807732b30057a4d4181e08bc2e2,0x00000f91109c4d0007e90000d9facad5298a0cac,31.168663072,0.011638,False
24112216,2025-12-28T16:06:11,0x1309c007567a71b393094c21e70bd2647356a352,0x4545e97854655807732b30057a4d4181e08bc2e2,0x00000f91109c4d0007e90000d9facad5298a0cac,31.168663072,0.011638,False
24112216,2025-12-28T16:06:11,0x1309c007567a71b393094c21e70bd2647356a352,0x4545e97854655807732b30057a4d4181e08bc2e2,0x00000f91109c4d0007e90000d9facad5298a0cac,31.168663072,0.011638,False
24241195,2026-01-15T16:05:59,0x2cc05782c77930c65d2450d3298f1d784a89bb00,0x5c3493f22e0b5e8f5349e40812642d43636ced55,0x5c3493f22e0b5e8f5349e40812642d43636ced55,1217.680853322,0.4026,False
24241205,2026-01-15T16:07:59,0x2cc05782c77930c65d2450d3298f1d784a89bb00,0x440888714a6afed60ff44e9975a96e6a36f7fac4,0x49bc3cec1fb7978746f742a4e485d0d601831cea,1324.0022,0.44,False
24241209,2026-01-15T16:08:47,0x2cc05782c77930c65d2450d3298f1d784a89bb00,0x5c3493f22e0b5e8f5349e40812642d43636ced55,0x5c3493f22e0b5e8f5349e40812642d43636ced55,17.2120286,0.00572,False
24241219,2026-01-15T16:10:47,0x2cc05782c77930c65d2450d3298f1d784a89bb00,0x440888714a6afed60ff44e9975a96e6a36f7fac4,0x440888714a6afed60ff44e9975a96e6a36f7fac4,301.2105005,0.1001,False
24241226,2026-01-15T16:12:11,0x2cc05782c77930c65d2450d3298f1d784a89bb00,0x078955149b3c3c76707058d4ab3d0d3d232db789,0x5b5a0580bcfd3673820bb249514234afad33e209,301.2105005,0.1001,False
24241226,2026-01-15T16:12:11,0x2cc05782c77930c65d2450d3298f1d784a89bb00,0x078955149b3c3c76707058d4ab3d0d3d232db789,0xfa0253943c3ff0e43898cba5a7a0da9d17c27995,301.2105005,0.1001,False
24241232,2026-01-15T16:13:23,0x2cc05782c77930c65d2450d3298f1d784a89bb00,0x078955149b3c3c76707058d4ab3d0d3d232db789,0x3b15cec2d922ab0ef74688bcc1056461049f89cb,231.70038499999998,0.077,False
24241245,2026-01-15T16:15:59,0x2cc05782c77930c65d2450d3298f1d784a89bb00,0x5c3493f22e0b5e8f5349e40812642d43636ced55,0x5c3493f22e0b5e8f5349e40812642d43636ced55,105.920176,0.0352,False
24241266,2026-01-15T16:20:11,0x2cc05782c77930c65d2450d3298f1d784a89bb00,0x440888714a6afed60ff44e9975a96e6a36f7fac4,0x30f4c4cef474896a8cda97ee17f38b02a22b9b0f,203.8963388,0.06776,False
24244455,2026-01-16T02:59:59,0x2cc05782c77930c65d2450d3298f1d784a89bb00,0x4545e97854655807732b30057a4d4181e08bc2e2,0x30f4c4cef474896a8cda97ee17f38b02a22b9b0f,494.9291638065,0.165,False
24244529,2026-01-16T03:14:47,0x2cc05782c77930c65d2450d3298f1d784a89bb00,0x4545e97854655807732b30057a4d4181e08bc2e2,0x65e380f55184b06ce937cc254a0d8e96e5a2c6be,4.97371097272,0.0016555,False
24244637,2026-01-16T03:36:23,0x2cc05782c77930c65d2450d3298f1d784a89bb00,0x4545e97854655807732b30057a4d4181e08bc2e2,0xd444f689d5195c7c6ddcad26d84a187ec7e50899,396.39116453484297,0.1319388232421875,False
24244668,2026-01-16T03:42:35,0x2cc05782c77930c65d2450d3298f1d784a89bb00,0x4545e97854655807732b30057a4d4181e08bc2e2,0xa5ad64c11d30690b62877f7b3574c1f7b14ca5fd,197.5568684071552,0.06575681567382813,False
24247482,2026-01-16T13:06:59,0x2cc05782c77930c65d2450d3298f1d784a89bb00,0x4545e97854655807732b30057a4d4181e08bc2e2,0x3d82d52ee3718e64beb92e7aaf24738d61ee02b6,396.5430959280266,0.1319388232421875,False
24247492,2026-01-16T13:08:59,0x2cc05782c77930c65d2450d3298f1d784a89bb00,0x4545e97854655807732b30057a4d4181e08bc2e2,0x935bfb495e33f74d2e9735df1da66ace442ede48,396.5430959280266,0.1319388232421875,False
24247493,2026-01-16T13:09:11,0x2cc05782c77930c65d2450d3298f1d784a89bb00,0x4545e97854655807732b30057a4d4181e08bc2e2,0x4fca04f5ea324950eeb22cc19db02af4a1e8f832,49.7561732913,0.016555,False
24247493,2026-01-16T13:09:11,0x2cc05782c77930c65d2450d3298f1d784a89bb00,0x4545e97854655807732b30057a4d4181e08bc2e2,0x384b4cd291fa041a36a378670e49abc604206f00,49.7561732913,0.016555,False
24247494,2026-01-16T13:09:23,0x2cc05782c77930c65d2450d3298f1d784a89bb00,0x4545e97854655807732b30057a4d4181e08bc2e2,0x00000f91109c4d0007e90000d9facad5298a0cac,49.7561732913,0.016555,False
24247531,2026-01-16T13:16:47,0x2cc05782c77930c65d2450d3298f1d784a89bb00,0x4545e97854655807732b30057a4d4181e08bc2e2,0xf1400fdfdf0982098ee8434a119302153a7a976b,197.63258929332915,0.06575681567382813,False
24247553,2026-01-16T13:21:11,0x2cc05782c77930c65d2450d3298f1d784a89bb00,0x4545e97854655807732b30057a4d4181e08bc2e2,0xc31a49d1c4c652af57cefdef248f3c55b801c649,197.63258929332915,0.06575681567382813,False
24247563,2026-01-16T13:23:11,0x2cc05782c77930c65d2450d3298f1d784a89bb00,0x4545e97854655807732b30057a4d4181e08bc2e2,0x17b9692bdd0ce2b83d1dbcef064b3ddd7fa7e174,49.7561732913,0.016555,False
24247563,2026-01-16T13:23:11,0x2cc05782c77930c65d2450d3298f1d784a89bb00,0x4545e97854655807732b30057a4d4181e08bc2e2,0xe08d97e151473a848c3d9ca3f323cb720472d015,49.7561732913,0.016555,False
24806625,2026-04-04T13:37:11,0xa01e0336201293d254ba5e0fd691766c24ac46f1,0xf19c5524d72517d37b98a53c650827835a3ef023,0xf19c5524d72517d37b98a53c650827835a3ef023,203.989741256335,0.10945,False
24806625,2026-04-04T13:37:11,0xe85d65e3927451ccc130457e75bf83ee1a5b85c6,0xf19c5524d72517d37b98a53c650827835a3ef023,0xf19c5524d72517d37b98a53c650827835a3ef023,75.28144019027759,0.040392,False
24806625,2026-04-04T13:37:11,0x508d090e2a9e84cbe873c3bcc39c8f92e3cace80,0xf19c5524d72517d37b98a53c650827835a3ef023,0xf19c5524d72517d37b98a53c650827835a3ef023,172.72498191805252,0.092675,False
24806625,2026-04-04T13:37:11,0x508d090e2a9e84cbe873c3bcc39c8f92e3cace80,0xf19c5524d72517d37b98a53c650827835a3ef023,0xf19c5524d72517d37b98a53c650827835a3ef023,77.72624186312363,0.04170375,False
24806625,2026-04-04T13:37:11,0x508d090e2a9e84cbe873c3bcc39c8f92e3cace80,0xf19c5524d72517d37b98a53c650827835a3ef023,0xf19c5524d72517d37b98a53c650827835a3ef023,34.97680883840563,0.0187666875,False
25179109,2026-05-26T11:11:23,0x2cc05782c77930c65d2450d3298f1d784a89bb00,0xfdcf0cf3928977531db6ceedc98646ec85f2f6c3,0xfdcf0cf3928977531db6ceedc98646ec85f2f6c3,994.5295862669625,0.5133355314904174,False
25255277,2026-06-06T02:12:23,0x1309c007567a71b393094c21e70bd2647356a352,0x5c3493f22e0b5e8f5349e40812642d43636ced55,0x5c3493f22e0b5e8f5349e40812642d43636ced55,697.5147634,0.4862,False
25255298,2026-06-06T02:16:35,0x1309c007567a71b393094c21e70bd2647356a352,0x5c3493f22e0b5e8f5349e40812642d43636ced55,0x5c3493f22e0b5e8f5349e40812642d43636ced55,283.74016846,0.19778,False
25449271,2026-07-03T03:21:23,0x1309c007567a71b393094c21e70bd2647356a352,0x5c3493f22e0b5e8f5349e40812642d43636ced55,0xa0b0614a86ee2dd02958721bd70dc7088f2a0da8,848.01845771875,0.5469921875,False
25605173,2026-07-24T21:03:59,0x2cc05782c77930c65d2450d3298f1d784a89bb00,0x699470808ba1a8ced4d7f36311172ef686bc8a63,0x699470808ba1a8ced4d7f36311172ef686bc8a63,937.4150673075342,0.5540187158296781,False
25605173,2026-07-24T21:03:59,0x2cc05782c77930c65d2450d3298f1d784a89bb00,0x699470808ba1a8ced4d7f36311172ef686bc8a63,0x699470808ba1a8ced4d7f36311172ef686bc8a63,4.609358699895975,0.002724162515383326,False
25605173,2026-07-24T21:03:59,0x2cc05782c77930c65d2450d3298f1d784a89bb00,0x699470808ba1a8ced4d7f36311172ef686bc8a63,0x699470808ba1a8ced4d7f36311172ef686bc8a63,0.0226646534339706,1.3394965184716e-05,False
25877509,2026-08-31T20:00:11,0x5789a38a3facfaa86ed950e88d79a9a2f6140052,0x7fd3519fc89abd04b0862f3bed2c75903bfbc9b9,0x7fd3519fc89abd04b0862f3bed2c75903bfbc9b9,131.67719707557046,0.05841701918364013,False
25888961,2026-09-02T10:18:35,0x84eca34e4a1732113883407e3666b014dcca0a16,0x7fd3519fc89abd04b0862f3bed2c75903bfbc9b9,0x7fd3519fc89abd04b0862f3bed2c75903bfbc9b9,130.6554778028024,0.060450995014966334,False
25899388,2026-09-03T21:11:35,0x5789a38a3facfaa86ed950e88d79a9a2f6140052,0x7fd3519fc89abd04b0862f3bed2c75903bfbc9b9,0x7fd3519fc89abd04b0862f3bed2c75903bfbc9b9,87.90906007815731,0.03866127437759046,False
25931294,2026-09-08T07:56:11,0x5789a38a3facfaa86ed950e88d79a9a2f6140052,0x7fd3519fc89abd04b0862f3bed2c75903bfbc9b9,0x7fd3519fc89abd04b0862f3bed2c75903bfbc9b9,45.918764811630076,0.02039466229402403,False
25934940,2026-09-08T20:09:35,0xf71d161fdc3895f21612d79f15aa819b7a3d296a,0x7fd3519fc89abd04b0862f3bed2c75903bfbc9b9,0x7fd3519fc89abd04b0862f3bed2c75903bfbc9b9,50.239405475931655,0.02231039547679878,False
26026786,2026-09-21T15:29:47,0x1309c007567a71b393094c21e70bd2647356a352,0x4545e97854655807732b30057a4d4181e08bc2e2,0xf1d1aba8bd488c0f0b1ea4d2085b243091f9d410,218.8692590104,0.088,False
26026808,2026-09-21T15:34:23,0x1309c007567a71b393094c21e70bd2647356a352,0x4545e97854655807732b30057a4d4181e08bc2e2,0x225f99aaaa914d0481ef3a0bedd8aabf1b9c4d1d,218.8692590104,0.088,False
26026858,2026-09-21T15:44:23,0x1309c007567a71b393094c21e70bd2647356a352,0x4545e97854655807732b30057a4d4181e08bc2e2,0x225f99aaaa914d0481ef3a0bedd8aabf1b9c4d1d,218.8692590104,0.088,False
26026935,2026-09-21T15:59:59,0x1309c007567a71b393094c21e70bd2647356a352,0x4545e97854655807732b30057a4d4181e08bc2e2,0xf1d1aba8bd488c0f0b1ea4d2085b243091f9d410,299.2267561868952,0.11967199012721093,False
26027355,2026-09-21T17:24:35,0x84eca34e4a1732113883407e3666b014dcca0a16,0x7fd3519fc89abd04b0862f3bed2c75903bfbc9b9,0x7fd3519fc89abd04b0862f3bed2c75903bfbc9b9,133.62030504494325,0.05344941452200119,False
26027385,2026-09-21T17:30:35,0x9874f9b05b073771c7b98e192543fa2684e61246,0x7fd3519fc89abd04b0862f3bed2c75903bfbc9b9,0x7fd3519fc89abd04b0862f3bed2c75903bfbc9b9,131.0921547925606,0.05243812996634888,False
26027670,2026-09-21T18:28:11,0x84eca34e4a1732113883407e3666b014dcca0a16,0x7fd3519fc89abd04b0862f3bed2c75903bfbc9b9,0x7fd3519fc89abd04b0862f3bed2c75903bfbc9b9,131.72989320416988,0.05270108127613907,False
26027671,2026-09-21T18:28:23,0x84eca34e4a1732113883407e3666b014dcca0a16,0x00e2e97ebd3d7a67910c7f487ee7532b274ff8fe,0x00e2e97ebd3d7a67910c7f487ee7532b274ff8fe,131.72989320416988,0.05270108127613907,False
26027672,2026-09-21T18:28:35,0x84eca34e4a1732113883407e3666b014dcca0a16,0x0000000000be226afde21672a5e4adc45692e69d,0x0000000000be226afde21672a5e4adc45692e69d,131.72989320416988,0.05270108127613907,False
26027675,2026-09-21T18:29:11,0x84eca34e4a1732113883407e3666b014dcca0a16,0x0000000000be226afde21672a5e4adc45692e69d,0x0000000000be226afde21672a5e4adc45692e69d,131.72989320416988,0.05270108127613907,False
26027763,2026-09-21T18:46:59,0x84eca34e4a1732113883407e3666b014dcca0a16,0x7fd3519fc89abd04b0862f3bed2c75903bfbc9b9,0x7fd3519fc89abd04b0862f3bed2c75903bfbc9b9,130.9747491658287,0.052398971357336295,False
26027820,2026-09-21T18:58:23,0x84eca34e4a1732113883407e3666b014dcca0a16,0x7fd3519fc89abd04b0862f3bed2c75903bfbc9b9,0x7fd3519fc89abd04b0862f3bed2c75903bfbc9b9,125.05426454136361,0.05003036743761346,False
26030355,2026-09-22T03:29:23,0x84eca34e4a1732113883407e3666b014dcca0a16,0x7fd3519fc89abd04b0862f3bed2c75903bfbc9b9,0x7fd3519fc89abd04b0862f3bed2c75903bfbc9b9,83.01164203554647,0.033495506211775085,False
26037605,2026-09-23T03:49:47,0x84eca34e4a1732113883407e3666b014dcca0a16,0x7fd3519fc89abd04b0862f3bed2c75903bfbc9b9,0x7fd3519fc89abd04b0862f3bed2c75903bfbc9b9,129.89368547259525,0.05152659772035577,False
26043255,2026-09-23T22:48:47,0x84eca34e4a1732113883407e3666b014dcca0a16,0x7fd3519fc89abd04b0862f3bed2c75903bfbc9b9,0x7fd3519fc89abd04b0862f3bed2c75903bfbc9b9,64.42822254469425,0.026417868757337985,False
26120080,2026-10-04T16:06:47,0x2cc05782c77930c65d2450d3298f1d784a89bb00,0x7fd3519fc89abd04b0862f3bed2c75903bfbc9b9,0x7fd3519fc89abd04b0862f3bed2c75903bfbc9b9,132.2015556194826,0.05389402591323796,False
26120081,2026-10-04T16:06:59,0x2cc05782c77930c65d2450d3298f1d784a89bb00,0x0000000000be226afde21672a5e4adc45692e69d,0x0000000000be226afde21672a5e4adc45692e69d,132.2015556194826,0.05389402591323796,False
26120081,2026-10-04T16:06:59,0x2cc05782c77930c65d2450d3298f1d784a89bb00,0xa0f1c3ad83e07d97b5e7030e177718be175275ea,0xa0f1c3ad83e07d97b5e7030e177718be175275ea,926.8024765570067,0.3778254836258176,False
26120082,2026-10-04T16:07:11,0x2cc05782c77930c65d2450d3298f1d784a89bb00,0xa0f1c3ad83e07d97b5e7030e177718be175275ea,0xa0f1c3ad83e07d97b5e7030e177718be175275ea,166.8613371937533,0.0680236264127016,False
26120082,2026-10-04T16:07:11,0x2cc05782c77930c65d2450d3298f1d784a89bb00,0xa0f1c3ad83e07d97b5e7030e177718be175275ea,0xa0f1c3ad83e07d97b5e7030e177718be175275ea,44.49228944182352,0.0181379756757079,False
26124098,2026-10-05T05:32:23,0x2cc05782c77930c65d2450d3298f1d784a89bb00,0x00000f91109c4d0007e90000d9facad5298a0cac,0x00000f91109c4d0007e90000d9facad5298a0cac,45.45150627473647,0.01852930791379994,False
26124098,2026-10-05T05:32:23,0x2cc05782c77930c65d2450d3298f1d784a89bb00,0x00000f91109c4d0007e90000d9facad5298a0cac,0x00000f91109c4d0007e90000d9facad5298a0cac,45.187843016197284,0.018421819777466295,False
26124098,2026-10-05T05:32:23,0x2cc05782c77930c65d2450d3298f1d784a89bb00,0x00000f91109c4d0007e90000d9facad5298a0cac,0x00000f91109c4d0007e90000d9facad5298a0cac,44.80846984740427,0.018267159946913948,False
26124132,2026-10-05T05:39:23,0x2cc05782c77930c65d2450d3298f1d784a89bb00,0xa0f1c3ad83e07d97b5e7030e177718be175275ea,0xa0f1c3ad83e07d97b5e7030e177718be175275ea,45.53909297923021,0.01856426905814748,False
