user,deposited_steth,borrowed_eusd,cr_pct,eusd_balance
0x2cc05782c77930c65d2450d3298f1d784a89bb00,21.113253084214257,55244.960568680624,103.20640899550973,5003.68392502417
0x1309c007567a71b393094c21e70bd2647356a352,3.925435305378692,9191.168087461654,115.33504709413664,0.9513022980355561
0xe74226593535290ea148de0d4a5aa549ec24cc05,10.0,7910.2275,341.3934681398228,1e-18
0xaaed29b230319d9e4208684c2fdc452ec78f5048,4.95,3145.66,424.94977206691124,1e-18
0x9f551d9eca6e3faade610357adeb8d5822ee0fbe,1.6,1920.0,225.04166666666666,13.179544176426171
0x3df4b437e5722f66d571b0f7fb83f15d5b5780a9,1.0,1012.58,266.69497718698767,10.252553998201783
0x1ad4f2a901315f29cb7a58c4c080ac67dad95dd4,1.0,1000.0,270.05,1021.3700868697439
0x611b736b72f56e3cf12471f9b9b86645e00ba7c9,1.0,1000.0,270.05,1026.674917822767
0x3b5935d09b7d3eda51c3520308a5b625aca47702,1.0,961.08,280.9859741124568,9.4228e-14
0xfecad7e9bdc47884643bc206385eef7dd51555f3,1.0,944.81,285.8246631597887,984.6733372654892
0x94c8b2ef3d67ee15979cd5094f6cba76b3d84167,1.07,800.0,361.191875,813.6226375899416
0xdf54ae368e28be5c3f85f22534e5172aaea2cf41,1.01,800.0,340.938125,822.6432103195727
0xa82658238b507f376dd76130b1403f385c805903,0.8955,527.6821499999999,458.28682095841225,25.95340286730831
0x7f28c5a0217f44c20dde6e2224de466ba5db857d,0.81,515.0340000000001,424.7107957921224,2031.0002087251783
0x2aa2f4477a55822d14959d8a9d9d4e3b3a876ffa,1.0,500.0,540.1,1e-18
0x6928ff4f1b06197525bf847902f8e8a254b1b268,0.7,500.0,378.07,518.0112687406638
0xbeef9bf5e7fdd66ce927036ab387b8d80e0e1c8c,0.398025,382.79878205,280.7915183908825,0.002296338596042904
0x9e762109cd97f8cad5323e6d6e3b15640aa4b778,0.45,276.465,439.55835277521567,1e-18
0x84eca34e4a1732113883407e3666b014dcca0a16,0.028125953874057613,201.9860805755465,37.603649826000925,2.000000608244742
0x79c5230ff5bbcda1d566611ec4996979185af229,0.2099,194.0,292.1829639175258,0.10400264490325745
0x508d090e2a9e84cbe873c3bcc39c8f92e3cace80,0.0153545625,181.03073570493774,22.904948085077585,2.0501e-14
0x9874f9b05b073771c7b98e192543fa2684e61246,0.04646187003364912,148.9078452074394,84.26035569252934,0.6420111615339298
0x5789a38a3facfaa86ed950e88d79a9a2f6140052,0.02582704414474568,138.38080457693115,50.401450494610536,18.078943493172105
0x802d5eb9932297775460ba2ba90d339938fff417,0.12574124999999997,126.92477871625023,267.5318791645255,11.68980870982724
0xec7d08f5a982b213a8baf73b9e89df30656f5880,0.033,100.0,89.1165,1e-18
0x3528942bf01874cb51a79ac32e3fc839ae2a1367,0.0336,92.22,98.39167208848406,1e-18
0xa01e0336201293d254ba5e0fd691766c24ac46f1,0.08955,86.9591587436649,278.09580784107766,1.51787e-13
0xf71d161fdc3895f21612d79f15aa819b7a3d296a,0.02392460452320122,80.98178402406835,79.78139194328298,1.0669530201478952
0xae9db1ff69cfca2720ff2e5d81807d7383138a39,0.0285235,58.946022946,130.6749936642282,1e-18
0x54bb766e58b8d541c15b271e0d97783f39a52b3d,0.06040000000000006,58.0,281.224482758621,1e-18
0xa8e09d93ca028d43bd8241882886e5ac7ad5112f,0.0306235,55.1159636592348,150.04502554160393,1.18458e-13
0x61a3e252fd3e403e84f3e5a71073b540983b9936,0.0586,54.9370536012,288.0556739514391,9.53709e-13
0x16fa6b8fcc2d5f459600713cf961e349067a278c,0.0243,50.45525088562,130.06010048143997,3.64364e-13
0x9cbedea359ab1f74585a9e71e556a78c9dcbc640,1.0,50.0,5401.0,2e-18
0x2acf58b4c80dbe20c8d2c141929b3726d2cf65ee,0.0644,49.0,354.92285714285714,0.45311872211552356
0xe85d65e3927451ccc130457e75bf83ee1a5b85c6,0.033048,36.7532346491294,242.82522300962708,4.57568e-13
0xc40ca9847255a1b89ac50ee08555ec150a1e23a1,0.031,34.0,246.2220588235294,0.09105689128718614
0x8c42a956f99a621277cb36ea6facb4b9586ef842,0.0138000000000001,30.64,121.62826370757269,0.008106984541784622
0x31ea2730a76c7d480bba0267eb91d02a3087ea88,0.03,21.0,385.7857142857143,21.412648492436826
0x34c49e4b376407e142ed183b80a42aed85a31519,0.0095,18.52246828066645,138.5061084260468,2.9671e-14
0x01e198818a895f01562e0a087595e5b1c7bb8d5c,0.0155,17.0,246.2220588235294,0.16172568319259414
0x7bb510764de4bff0db6ccfcea8ef2edb6abefa0d,0.0151,16.86,241.85972716488732,0.005331697707009243
0x77836b380395a8a54f1b8a6d4d003f38dd83d69e,0.0131,14.3292732042491,246.88307282402636,1.05771e-13
0x5adc5db87039735106b4ce6115867d6d17ee789b,0.0077413653721638,10.0,209.05557187528342,26.90295998428459
0x6f471ecb704a38e653c839ddd7e3957e989a9d29,0.0051,10.0,137.7255,1e-18
0x3953d3428719936ef11df10466db89a0ea4a9b25,0.0073350372350167,8.847631934618,223.8821438271983,2.1033e-14
0x11cb92da697d052e1ae48250f663b6807e4898a3,0.0059,8.8039715230002,180.97457446761936,0.05272682524664609
0x9b0a2999ce8b781a336dee0ff1d17fe043c50a29,0.3457968300002014,7.910986465,11804.145330636005,0.0
0x8be9d06c6aa76326768910ae7c1e630d9ee61da5,0.0027,2.8,260.40535714285716,0.009826602135286341
0x2c11d025bb068ed7741283c2cab32d10a1105b75,0.0016999999999,2.14164592635507,214.360830762686,4.118e-15
0xad288503125eadb0deafe5f601e6e79f3261e364,0.002,2.0457155864,264.01519526497555,3.6791e-14
0x35237fda545a5c66016c97f4a60dee997c530e52,0.0019,2.0,256.5475,2.0379911455870316
0x93aa01eab7f9d6c8511a4a873fea19073334c004,0.0015,1.980887225968,204.49170184438543,0.9999993294048638
0x458b22b485bc4cfc4aa4ac2fb2dd8304ca67d93a,0.14183990021012644,1.3174128216842542,29075.06623684962,2.588e-15
0x009515efabccdbafa485f3919d94c85ff23ba75d,0.0011,1.0,297.055,1e-18
0x016d98a134e39ce923b55d22ae04580a6c0c32b4,0.001,1.0,270.05,1e-18
0x055a8487f49fb123d6594362c26505cd36d5cf35,0.001,1.0,270.05,1e-18
0x0a9c593ed710c6a6928fd03e9620f1fe40bae40c,0.001,1.0,270.05,1e-18
0x0c271c755f622d7116260f65e00953cdb9120d2d,0.001,1.0,270.05,1e-18
0x188c30e9a6527f5f0c3f7fe59b72ac7253c62f28,0.001,1.0,270.05,1e-18
0x19dfdc194bb5cf599af78b1967dbb3783c590720,0.001,1.0,270.05,1.0279878488973229
0x1a89b70c6edd748045051279c95d655eeb55863c,0.0011,1.0,297.055,1.0186385435728191
0x1b72bac3772050fdcaf468cce7e20deb3cb02d89,0.0011,1.0,297.055,4.5344e-14
0x1c511685018f20dd525a57c0b7a815b05ad9167b,0.000590064219633,1.0,159.34684251189165,60.09396725615815
0x1f5f902be1f635b30425b690aa9fd5fa2b6fa79c,0.0011,1.0,297.055,1e-18
0x27eab7d3ce4c84b9afb0324deb7c56bd72fc2fa0,0.001,1.0,270.05,1e-18
0x2a0dc9044bf0a455568019d741130a87e74ee888,0.0011,1.0,297.055,1e-18
0x2b65e70f0d0e3c19719abef9237e974a49fa1c82,0.0009744434445601,1.0,263.148452203455,1e-18
0x3d1bc92b1635a76193e67e86fa0b10cd8b8b1ab9,0.001,1.0,270.05,1e-18
0x4acf1f34041e9b3027dd1d7f7588761b1bd7bde3,0.0005,1.0,135.025,1e-18
0x5e46884a77e0ac5f3126e30720bd5218814dc5e2,0.001061921000773,1.0,286.77176625874864,1e-18
0x6185873c2d7b5a43334a7064695281c0921628f1,0.001,1.0,270.05,1e-18
0x6ce2900af471e53df44a37d5554dc8285110a4b7,0.00112199999998,1.0,302.996099994599,1e-18
0x6fbe6eab3053fef0da871807346b0b40e989840f,0.00099999999997,1.0,270.0499999918985,1e-18
0x708eccc3d3ad8ecc5b2bc018303ced4de44b8377,0.00109999999998,1.0,297.054999994599,1e-18
0x762476a04bb9b66b5ac8a5445a4a2808552d94c7,0.001,1.0,270.05,1e-18
0x780ad0cfd2292ced8eb44ba4a0ea2f70b4551c8b,0.0011,1.0,297.055,1e-18
0x7db0db8ae944833f71d0b61d53b30bfe445237a2,0.001,1.0,270.05,92.6133549960206
0x829148aba1177c4b6a6a3dbca3e165fd34094e1b,0.001,1.0,270.05,1e-18
0x87e1523e9866e0f2fb925d46f2f253641d3437b5,0.0011,1.0,297.055,1e-18
0x8a83716acd66d9e1fb18c9b79540b72e04f80ac0,0.0008,1.0,216.04,1e-18
0x8a94db91f5a6e5b8a8bfdae9c60d49aee03e860f,0.001,1.0,270.05,1.0308493978677291
0x8e8230bbad93d6f4ef20eb70888a239c8fcfe83f,0.002,1.0,540.1,386.27588941478894
0x9628be77fb3dcd890fd93a5d039092fca855d3cc,0.0008000000000001,1.0,216.040000000027,34.61807342475057
0x98d67e19fd06371149761cb4776ddcc59dece83d,0.0011,1.0,297.055,1e-18
0x999910348d1ac3010c03e4d899ad4caa8ce99999,0.0011,1.0,297.055,1e-18
0x9c57027b1eca93093a6f446422c59c85a5a3fa52,0.0005,1.0,135.025,1e-18
0xa0137bd5395922ce6a264d3c69b7233100b7ef7c,0.001,1.0,270.05,1e-18
0xad97aef53268b39d6124a7374ca35e2ce5b280f4,0.0011,1.0,297.055,1e-18
0xc4ae59573a414d847bb834dc75769ccee2fc9459,0.0009,1.0,243.045,2.783727150859722
0xc5ef1c84ea5c570979da35eb7c068687d15709ee,0.0009,1.0,243.045,1.0241808954920422
0xc63f1a53e6daaeea14f136c007fcd929587c6c43,0.000753557868664,1.0,203.4983024327132,33.16382748586403
0xc9f699d4129377559617204312daf52d17661fec,0.0010999,1.0,297.027995,1e-18
0xcb726f13479963934e91b6f34b6e87ec69c21bb9,0.0008,1.0,216.04,1e-18
0xccf343eef0c5f2590ee30efc9f564b33aeb3c7e6,0.002,1.0,540.1,1.8615687582101297
0xd2b954a0635096ddaadd7ff1d5a182198f02fcae,0.0011,1.0,297.055,1e-18
0xddb5ff5aa502a3b9f3e08dd9d0fa248eb8b477f2,0.0008,1.0,216.04,1.5065918409995354
0xe14a0c94758b2d7e9a22ce4e046c5f8762a672ff,0.00104618230565,1.0,282.5215316407825,1e-18
0xe55c83a72ed2f9debbc3edc8037f5aa82086e9e8,0.0010824561751,1.0,292.317290085755,1e-18
0xec3688a6790fe1c5b1e30fb42aa0a3924573d6df,0.000999999999996,1.0,270.0499999989198,1e-18
0xedd88ca63d7c0b9cf182afdee3852258f31961f9,0.0009431217518,1.0,254.69002907359,332.2007722430587
0xf444bd88e67ed6e177fb75f194a3f7bfb6c418b7,0.00090000000002,1.0,243.045000005401,1e-18
0xf5a3bf3064083239b79a46eaecc9f90c790d1cf1,0.0008,1.0,216.04,1e-18
0xfafeb09ef6282ddeb8748dd19fe5b16dd9f38e0b,0.0011,1.0,297.055,1e-18
0xfb1b087ef36561ac635b107c571839e211aac9cf,0.001,1.0,270.05,1e-18
0x7969a46f82bf90734d538a80cc15450d26cc871c,0.01,0.9954966194309,2712.7163942995676,1e-18
0x0163f7847c144e56fa8bbec58d39c56a9130ab40,0.0098,0.99,2673.222222222222,5.226102241670299
0x55e879cafb767c2bf8d5cac749a147f09e4ca113,0.1,0.99,27277.777777777777,1e-18
0xc8ece128e77dfe3a3bbd2c7d54101f2238f8b611,0.001,0.983145,274.67972679513196,14.496452549270993
0x5b764e12a10fd8d6470aede6a60650f336812c95,0.0014,0.98,385.7857142857143,1e-18
0x719bd3b422892033428cc9e034d3dfd55d7603c4,0.0100000000000003,0.98,2755.612244898042,1.013936003039607
0x78719e609649690b21f4871f1c4018176061fd5b,0.00176,0.974084320001,487.9331185615554,1e-18
0x759253a07fb2b4482ee3bf69cb527d2ea1d7608b,0.002,0.97,556.8041237113403,1e-18
0xd7c9f3010efdff665ee72580ffa7b4141e56b17e,0.01,0.97,2784.020618556701,1e-18
0x1504c6beecaa0c6740c6d271b2620b7e99352bee,0.004133538254286899,0.96,1162.7729224689344,22.62624869688204
0x5c301f1afa909c528c8619cde8d2ea78e8657c60,0.0016,0.96,450.0833333333333,0.24026825095506027
0x4616da5d90d1a94b8763292be974738eda7c6f83,0.001,0.9503041543544,284.17217662639973,0.48866773276345693
0x5555014e4f4a689797faa68b29df76fe19e764cf,0.00976429132141,0.95,2775.6282856281796,1e-18
0x95f9d8fc59027c31094ce469eab48ab567028e90,0.001,0.95,284.2631578947368,13.920957321955846
0x47af52916767f0550aee8035b5b14a1ece2b34f4,0.006764,0.9499999999998,1922.7560000004048,1e-18
0x4dde074f644ccdabcae002a985b213f05814662f,0.001,0.9499099999999,284.29009064019584,1e-18
0x99655ca16c742b46a4a05afaf0f7798c336fd279,0.12641060630777595,0.94157855414,36255.26949750298,4.873406e-12
0x56def29bea7bbde9fcc58057f78c6100d7eeabc4,0.1,0.94,28728.72340425532,1e-18
0x997daf97b01a2c79c033e750d22dc84d958aa255,0.0010225711629245,0.94,293.7716410082566,2.462672947021652
0x07efafc95a0fb31a6216300182350712cd1ab333,0.00150638177013,0.932465326854,436.2611512817148,1.3952317052506382
0x2ee3300306c156948947a9c63959e89d9d60824f,0.001,0.93,290.3763440860215,19.15719091616691
0xd4371c3843d14753a1f52302b24d1719e7f57d3b,0.001,0.92729299992,291.22402522535805,4.61174889e-10
0x0bd22c290ef174cfd7ab49cb319d79fe62519de2,0.01,0.9200000000001,2935.3260869562027,9.921005793411462
0x51bd4c735927f958a90db80398826ff47a9832f1,0.001,0.9200000000001,293.53260869562024,1e-18
0x6fcc8e9af94d8ff19452ad0df0acf7fd710fad73,0.001,0.9200000000001,293.53260869562024,2.566622716323146
0x2ec799f0b132c55322e66c9182aaf8deebba9b3a,0.00159,0.917641195429,467.9165474902898,2.5171530790591086
0xdd9bd62d1c08210fdda6f841ed5196b45a939625,0.0021,0.9159610997258,619.1365552202678,1e-18
0xccba21de88549ba632ffc92eb38b0058da2b253e,0.00539,0.91480838,1591.119552271701,1e-18
0x8d5c7d8eb3858249ba51c2a43d1fa74e0396d5c4,0.001,0.91,296.75824175824175,1e-18
0xa3cd31949438e49ff7411a23aa844a9ffe8d02cd,0.001,0.909661,296.868833554478,1e-18
0x6763df505f7f343fbf69f8d5d87433dcdae2195a,0.0007,0.905937888283,208.66220791170684,1e-18
0xc92447312820f846864804c89df633d128c339dc,0.001,0.905578157505,298.20728090883637,1e-18
0xfd0133ef02cb4e142c6c4c27e3f1a10235d603df,0.0092,0.9004717388475,2759.0649354302027,1e-18
0x669f65e60e438b2e75c4b281cadf265d4b1bba32,0.0028,0.9,840.1555555555556,1e-18
0x48e22d549d0ac01163ddf3e14f943f44d8fc5a76,0.0014079766263288,0.8906393138100817,426.9114130090722,1e-18
0x058b10cbe1872ad139b00326686ee8ccef274c58,0.0019194388496,0.8881988786855282,583.5905378552079,28.66150895499764
0xb2665e4dfa02e9a09a9870802dce80479a1914eb,0.01,0.8800000000001,3068.749999999651,0.8970112069146925
0x2c4833eb26e3e41c5c5a3d57ac98a3e96308ece1,0.0010568950303,0.8791623388086928,324.64368676127026,1e-18
0x17ad4e76e67e9937a2b2ef882e4042dd00cc60f7,0.001,0.87,310.4022988505747,1e-18
0x7278a0d4f726efb6d34aa0432e0a3d6ef8df6455,0.001,0.87,310.4022988505747,6.064048874744759
0xf170a1ebdd73ed92cc69fa64304414c6d16aef91,0.0475678841157634,0.86446986014508,14859.635595977945,9.6476e-14
0x2ea0963ff33e420ad67cd736d1f44cac2fd4adee,0.00113057087096,0.8629588873,353.7951438891775,9.132862776397893
0x4524b4a377a88b6266d084b8828e2320eb5ae81e,0.00084,0.86102508242,263.4557397125263,12.040118788734354
0xccfa0530b9d52f970d1a2daea670ce58e4176389,0.000800000000000001,0.85,254.16470588235325,0.8777043496105186
0xc8a0dbf16ef38e0fe7989246a6f58a14f926e66c,0.01,0.830000000003,3253.6144578195654,1e-18
0xf7b18e107eb36797f4ce36de756630b9c30969ad,0.0012,0.8175338309684,396.3872658531312,0.013239949838294946
0x1bfa548c8e8848b46b2835c407d6870d74f2fb94,0.00268862681998,0.8,907.5795909194987,0.821798593631149
0x528f3840fbad570d84d9b42e00dc3ad0bccd7432,0.00073200000001,0.8,247.09575000337563,2.9513259466724646
0xa12d9a7f58f4ff66798ee160037df13ec5360222,0.0024369083034601,0.8,822.60885918675,5.844448963346e-06
0xed7f2016130ca5083261079c7b869cc3ab82181a,0.05,0.8,16878.125,0.054146858251999525
0xf3f49dd68586335ee3b01a86368043508c962c2a,0.001,0.8,337.5625,0.007960011966946344
0x5274c29a6b110c8ede3431659719cf8ef97beff8,0.0011,0.79,376.0189873417722,6.193748256697681
0xa58627a29bb59743ce1d781b1072c59bb1dda86d,0.00060201824303,0.78588212523,206.8694799269948,183.07049944101567
0x971740ed368934875f1890898d5ffc10ea99fa43,0.00039,0.785,134.16496815286624,1e-18
0x500264d0d012077f44575ddff482f7ce8d757aa2,0.0009,0.78,311.59615384615387,1e-18
0x5b183ae7d37aeaf4bcb953aa85622c30772163af,0.001,0.78,346.21794871794873,0.42646404052630904
0xb7561296fcdd15d8ef213cbc2a76e4a25c9acc56,0.001,0.777683640995,347.2491714683455,1e-18
0x37d30c0ee7a1382e777c54c7468110ae088b65b9,0.000999999999999,0.77,350.714285713935,1e-18
0x653f39beaef5741686d8e9d2e682dfd04fd15d5e,0.001,0.77,350.7142857142857,5.869297538351189
0x2ce68bdbde15a695e57d75a5b5a033ec9f49b4c2,0.0010000000000001,0.7691015255087,351.12399474362013,0.9999992295775276
0xdfd6fae8e9bceec29de72673f290447be10cdd98,0.2053,0.7689000000001,72104.64949927531,1e-18
0xaf0fdd39e5d92499b0ed9f68693da99c0ec1e92e,0.00270257512667,0.7621933907862228,957.5396766487229,1.0129030878292653
0x1ff3c4bfa745b72f942c5cf2b769b3d8a6610a5e,0.0010000000000012,0.7619381318245,354.4251018828464,2.0475053382665136
0xaf184b4cbc73a9ca2f51c4a4d80ed67a2578e9f4,0.001,0.760000000005,355.32894736608336,114.7268941857328
0x4cf58b6fb1c4016a0c2eb4a35df136ce9561d52e,0.001577589572,0.75887075,561.397397275623,1e-18
0x0723c74793e6a30ee70de84f2abfa53b954f3b20,0.001,0.751086488176,359.54581030449845,0.3053746483729039
0x3090eef25c05c6cf6ff2988646ee27aa2f5c0178,0.00078009,0.750605046617,280.6579911092604,2.155430268105004
0x1aafaa88bacf9bcdd2945ae78fd1494afbd08b46,0.00081463556861,0.74,297.286939598825,1e-18
0x97a36da1a25f8e74e0ddfb14054451d606d4ecfd,0.001,0.74,364.93243243243245,0.004056271315848885
0x16c4ef092607fd4a4826db0795668762513e1bfc,0.001,0.7399999999999,364.93243243248173,2.749343861379058
0x2f03ce8b4e68b860ea89a59010f964e377fc058c,0.001,0.739999999999,364.93243243292557,1e-18
0x409a628ccf0e7cdf4f505450448192cbcd14f1fe,0.000662741053407,0.73,245.1687965377539,1e-18
0xce68dd476fea2e3d4e21436b39d4d7537bbb5bc1,0.01,0.73,3699.3150684931506,364.41012225048263
0x4fe73567b3ee802dcd4efbea3d92011cef0290b9,0.01,0.729999999999,3699.3150684982184,15.403165999453773
0x05433c0957b39bef2e166650441cdb39292a98a6,0.00238338636076597,0.7274473231644538,884.7836348135742,2.85e-14
0x7ac50addeca2a09ed01cc6237c2f6734f691fd0c,0.007545000000019,0.7203064354838586,2828.695052039126,1.0520428558696815
0x675124b53aa0125a3231128ffb73f0b094cc648b,0.000798943056002914,0.7200000002,299.659128074521,1e-18
0x42f02ca758895f2eb68dcbc23550275170166729,0.0009,0.72,337.5625,1.9e-17
0xab1fcd745a47ac783aa959bf1e2486291e5989d7,0.001,0.71,380.3521126760563,1e-18
0xd66ba9b7d332ed5f399ca907bab7686292b14cdf,0.0008,0.71,304.28169014084506,10.814137004650341
0x4c046bb14f0ae9623c940aa95a70aa384698e6bf,0.001013800448039579,0.69690013623,392.84941523204543,1e-18
0x2d4aa2ab83b58fe167c8e94160a48e1e963b3f8f,0.0005,0.686013342191,196.82561795191194,0.7043870924289793
0x31e015e65b5fb16b8f3f415a435da19af5b3efd4,0.11703824542323726,0.67,47173.400263500334,1e-18
0x31d3243cfb54b34fc9c73e1cb1137124bd6b13e1,0.024092272602393716,0.6687060112309556,9729.414880389582,0.13673099659643126
0x78270131b76189e8ab2ace93d22936e257d93099,0.0007,0.667939699676,283.0120744308145,1e-18
0x63fe1742192f07d67739cc0f091645a2a50804e1,0.00094654848855997,0.66615059988974,383.7201668480504,1.1735860264341536
0x5082b1519b98a73ea33c08054f806d441cfe0eae,0.0006,0.66,245.5,1e-18
0xbfd80971023ec42c236979015657bbbe3f05a0a1,0.001,0.6538312648247,413.02705228145317,1e-18
0xd3fc2d1f183f509aaaa814541055a11a0358d8e9,0.0007161310796,0.6500000001,297.5249200249654,1e-18
0x76999db65bf34d5fe403bec7a38500c58df6d0ed,0.000749354914821,0.649999999997,311.32814576668466,1e-18
0x1dc9bce6f6704590034ee91e71d44dc4d92095d5,0.001086779755472726,0.64505667160691,454.9753314453833,1e-18
0x7eef7c99c9887a90046b3c33f1b3f0dba41b7c90,0.00075,0.6445,314.25523661753294,1e-18
0x51eeb8bb19bcda6d80ec2ec9f9ab3c64bf58b125,0.001,0.6400000000001,421.95312499993406,0.6581145682557611
0x059acdbd302abce4bf91650c9da495cc3435ca38,0.000999999999998001,0.64,421.9531249991565,2.3927e-14
0x9020d2115a4d6151b5307aa9a58b9e8601e2187d,0.009,0.6367289992,3817.0870229778598,1e-18
0x54494827316c7c6627908a9261ab13ac0a5222e3,0.001018982139525,0.6321130152409,435.3274179520823,0.23462851578867364
0x8ff383f08d4ecfcdcda786dbf0f023a94ce6fb02,0.00079999999999,0.630000000002,342.92063491525977,1e-18
0x62210dead1fe84a74faa5c901cea38167ce5aef9,0.001,0.6300000000003,428.65079365058955,1e-18
0x334878cc96b9198a065ef20b87d8cda7429b2841,0.01360000000003,0.63,5829.6507936636535,279.56589412029575
0xe2680c6c726d2fbd9f8766e6c6d0bfd289414122,0.000423019449107,0.6253737995595702,182.66899302752725,1e-18
0x0dd16c537cdb346826203f3ab762030e7f20c78a,0.01,0.612900971196,4406.095155519676,1e-18
0xf76ae53e8decba4688b0a482b7e67d0a0eed8c55,0.00044047153737,0.6123765047075,194.24216597530034,0.3062
0x8d0cf15d459b98fcc84a56d86737f44ff2204751,0.001,0.61,442.7049180327869,1e-18
0xe52608ed87b064f299d2bf1fbd67d28598a293fe,0.01,0.61,4427.049180327869,1.445653489970774
0xbd934c8063225040e81714ec0218f60fd23046c6,0.00609999999999994,0.5999999999997,2745.5083333346793,1.443e-15
0x0b3492cb3ce07cd3d04ed6d41e40687b688b7a7b,0.001,0.599999999998,450.0833333348336,1e-18
0x9026a229b535ecf0162dfe48fdeb3c75f7b2a7ae,0.000529533853947923,0.593387529917,240.9902636117729,1e-18
0x8708d4e0d37402a89f8c5836878c86ae33543ba0,0.0007999999998,0.59,366.1694914338814,392.10994343813246
0x319a6fc1bd3086e7cbceb3cd4057a4521363adb8,0.0012,0.5883136417,550.8286346439143,1.1895501598626652
0xb96894d91f1986e0b515d950651991ade2a346ab,0.000703705745331,0.587825108759,323.28618443644694,0.5976851897571184
0xc6a4d5ae5d32ff24f5d0b0d8e939582d92f8d847,0.01,0.58,4656.0344827586205,1e-18
0x2c29421a6e2bf234893f39858e2fcfe21faca2ec,0.0072,0.56510190601988,3440.7245477094507,0.24847139168399035
0x37a530552ca9df0533d317a292dcc8a582776aa0,0.00100000000001,0.56,482.2321428619652,1e-18
0x57c60c81d59ce9cc4d286ef84ead918cea0c74b8,0.002,0.56,964.4642857142857,3.425431475782613
0xe1880b5348fc0bad7a4d81cfdd0140cff530b174,0.009999999999998,0.56,4822.321428570464,1e-18
0xada865e174e7b85535b458b1b5712023969739cf,0.0004161989533843,0.5551239510774052,202.46744379032958,0.008263950978163487
0xdf103f15318b9671d100208ed9056cb18662eea8,0.001000000000000001,0.5513909339,489.76140773648706,6.0789698642708
0xd2b2a8ab7a8c903501f4db4ee45c67522a4511ed,0.001,0.54999999998,491.0000000178545,1e-18
0x33cc1d8539436eacbd13d89edb2636966e33baec,0.000713034743855,0.5476457117357261,351.60511340032696,1e-18
0x2c4734dd0f23015ac05ad2992787905cd0fad350,0.06943195749999995,0.5468142026811069,34289.709431358235,2.4011373897828965
0x40eddee537aead16c2c7e3dacfdcc8e7db49c596,0.0100000000000001,0.5411087251295,4990.679090147241,1e-18
0x1ac88aea19ff7ca5683930db5434a06cb9c8897f,0.00723450224994,0.53036317799,3683.6594501157724,1.044757278330468
0xc9ac2940e99c00d4c188c3b446b08c03502ee568,0.005478,0.53,2791.196037735849,1e-18
0xc15e011b8e117fba8cc241c70950fc79f515ab3e,0.001,0.52842964619824,511.0424858689532,0.17657137403801382
0x6ee83d1dff95729e452248051200f2fd3a1b3b24,0.00045,0.525475455121,231.26199105154646,4.20992e-13
0x411872c076293eca7d7f98903d1a817e20ce2a52,0.01,0.52,5193.2692307692305,1e-18
0xda35fb31b343e790c1f6639ca5634e0d91ff8b7a,0.009033140603461104,0.5150489692008342,4736.247941141827,1e-18
0xbd354fa98bd6bdb132549a915fc3b61a3e614fb5,0.001,0.51,529.5098039215686,1e-18
0x3fd79e2e6eb2e0922b80e724a32fbf4d4a99ea18,0.00051,0.5001440000003,275.37169295226454,15.993014574172092
0xc0a1a8bbe9d8381b3d01757ebe85bddde2333f47,0.01,0.5,5401.0,1e-18
0x5ea5a55be3c8c199244141f904857b0a389c218f,0.0010010044881,0.492279999986,549.1209515298056,1e-18
0x390fdb0526242c3ec200ef1a6a65955e01a691d7,0.0101570061491,0.49,5597.754103192765,1e-18
0x396f0e55fa33513441d556f84a6ea5c6fd7d217b,0.0028,0.49,1543.142857142857,2.23e-16
0x0014e2665ace235e01fd21fd456acb8177129b37,0.0009,0.489999999999,496.0102040826449,1e-18
0x5bb967a3b3e2eb96487d23f3bf281c38f91abc8a,0.00102,0.485720371818,567.0978941422943,1e-18
0x41e420311ca4226d00157495ab014a262092aba3,0.001,0.48,562.6041666666666,1e-18
0x897e63a5639ad440b336e4e15f0ce5b71d20186f,0.000459901379771371,0.46528263732644,266.926718608937,1e-18
0xbcbcac60cb714926fd18d8f9ebf2df443149f4f4,0.001893492449988625,0.45540281466020416,1122.8249357680395,1e-18
0xc1273ac8ecc3e865c1973f7a4555c4fab399eb7c,0.06989136003866836,0.4488999999999,42045.35927477522,7.7619e-14
0x552ec35a662a1068969e72e17fcd971a34e8d11b,0.001,0.44720793794655,603.8577965319485,1e-18
0x3f39e425df7e59d64339130b3cd3d34caf1e6963,0.000613549999999998,0.4437967029,373.3447689387948,15.678462177962233
0xf039c7aa9cc9aae826938ff8c23fb7eeba084087,0.00172024979766,0.44,1055.803313313825,1e-18
0xd1e4dbe3f8856086e6432c23f25fa5273c3945ba,0.0006,0.437832898843886,370.0726930932925,6.345040727e-09
0x5be53d655d46277b0e737cbeadd7f94fb5421a44,0.00039,0.4347911590001,242.23008637573466,2.171835802156418
0x66b870ddf78c975af5cd8edc6de25eca81791de1,0.00065529409302138,0.431281120839967,410.3174501952939,1e-18
0xab02469559a8a4ac1131c99b018f4a9314f12c06,0.00041712,0.43,261.9610604651163,1e-18
0xea196e5baa23844ca5cbb5bf7b394c431931e22d,0.001,0.4289654861962,629.5378269115215,2.049076296594503
0xbdfa4f4492dd7b7cf211209c4791af8d52bf5c50,0.001366732468115,0.42267474,873.2154256827738,48.518435207771816
0x11bff58d8d89e5ad330b2c8d2222b5a9878735c4,0.0029,0.4200000000105,1864.6309523343366,1e-18
0x83a6851f146a272ff257afd7509f9747a87fb689,0.000692656035724,0.417938144128,447.55848461149003,1e-18
0x367a739ccc69940af740590a7d533ef8f96f282a,0.01,0.417,6476.019184652278,0.000497097328825165
0x8a2e45e5fab9fe426e1bfc0950a654a8dbb90534,0.00097999999999997,0.412787738,641.126117946827,1e-18
0xf32fc1113f4769f59984d615e91a8e94548f2790,0.001,0.410730340646,657.4873421215077,1e-18
0x8d945aca57cbe793507bccaba8cd77bfe117f255,0.0007808960159,0.410000000214,514.3438267895742,6.61145e-13
0x10ea740f5526d7e262beae81a4ec8d944824ef1a,0.001,0.4100000000001,658.6585365852052,1.8872306926616305
0x7a3ff17509d5448a608500cb1205abb403fc6f7c,0.001000000000000001,0.4100000000001,658.6585365852059,0.5867961900082466
0x3bec5a2012ad1a6e7a6868b023944e49087e9356,0.00580699999997,0.39,4020.9752563894835,1e-18
0xe50b72c5702ab09512b6262cbd1a2ea39e0cb6a6,0.001,0.3899999999999,692.435897436075,6.764047107320709
0x17dc940c9ec545fb48c6eaee11d450f160f2d9cd,0.001,0.3867,698.3449702611844,2.0367770945672943
0xb755885151df63f2d7d3431c66f48c69b83850cb,0.0004,0.383,282.03655352480416,1.3338116699354652
0xb0a0d70fd0c36d4bc5c7d7b7952c2647e6b0654c,0.05033,0.3800000000001,35767.41184209585,1e-18
0x2954778197d0f33be3bb0cd4099852e5e941059b,0.001,0.38,710.6578947368421,0.000198765683758683
0x941f35e1b65b02309dcdcaf00eb8c8e3fc6e175d,0.0062360497674054,0.38,4431.697999178496,1e-18
0xd2eda519196fb6baa1aa602820130ef3093f9c23,0.0005,0.37743873612,357.7401762946535,0.04539893242926288
0xaa7577a7a27aa7fcf6d0ec481b87df3ad0f6a88e,0.00826016745662,0.37591012202,5934.02010478864,1e-18
0x723341bde3b4b2cee113a2c414691a7daace97b1,0.010000000000002,0.37333469642,7233.455732607528,1.895447736572758
0x167c5d21ca19014687a43c6c6c73ee74cbad536b,0.000785442815108634,0.37300443310696,568.649628245206,0.06954364585144918
0x00201cfc48ae96bda7a778ee2b3377899931af77,0.0004,0.37,291.94594594594594,1e-18
0x023bec5e1ec1d47f9120a20023bf1200f78ad650,0.01,0.37,7298.648648648648,1e-18
0xb6cf63b8af00f20dcde39158ceb74dda6511fc6d,0.0007,0.37,510.9054054054054,1e-18
0xcc900e6eba152c917ca34856bcbcc60152e1ee76,0.001,0.3646524662113,740.5681437062267,1e-18
0x0d7d9acf85fa0bb5ee25bd8016b7c0f5a711c893,0.00044870963463,0.36,336.5945467550875,1e-18
0x14435bb061475ff6da3f378bdd81b243ff5fcb15,0.001,0.36,750.1388888888889,0.3719622790227522
0xb8b92767f681979fc1c1af75014adb51e4e4958b,0.001,0.36,750.1388888888889,1e-18
0x8262191ed5f2371e8bb1f39257a022ed1f1f6c79,0.001,0.3599999999999,750.1388888890973,19.935341612418622
0x67ba6abf3fd1b9668f1aae171ff450d054418ed7,0.0011629999998,0.35999999979,872.4115281366567,1e-18
0x2ea7cce60d849870aa21659190cc747ede2beba1,0.0007761198305,0.35,598.8318863615,1e-18
0x9793a6a3f0126ab0f937e0a56342a5fb5613fdba,0.0004,0.35,308.62857142857143,0.524260244373364
0x033c3cecd385aa7600ad0e33dbd76aea404e1e6d,0.000332011686348,0.3499999999998,256.1707311380818,1e-18
0xa3e128602b3e0e8bf351bad6a95ad1a11288878f,0.00096,0.341424,759.3139322367496,5.840006159213395
0xc44fd102415ff62769a4e37c70dea27033a5291f,0.000432383875543,0.32999999996,353.83413819557734,1e-18
0x9e629a752f730e4bddf006c03adcdf28d8026ae1,0.001000000000002001,0.3275466192349,824.4627913771079,4.069703471983417
0x0fbc0c1e58a21459e832e5ff4b66e149b7c3d2d3,0.001,0.322,838.664596273292,10.497790074303516
0x15742f8aea5b6e5c79a98420f8a18e77717a4bbc,0.01,0.31999999995,8439.062501318604,0.000963155880341261
0x2a33a2ebec9939893361698f52152a2e9abd1f5c,0.005318366578883312,0.3152853,4555.318293074362,1e-18
0x9bd69bae91efece48fc2c704bb8430d903ba7f5f,0.001049702103061,0.313545069199,904.0871019142378,1e-18
0x5e86f18d50597a0c75de91972fc8261b46749fad,0.00099999999999998,0.313145,862.380047581774,1e-18
0xbd310de6bd2983c4ee5ad3ad7ed90f923cd59039,0.0004000000001,0.31230611404032804,345.8785952972294,1e-18
0xee7c4aca7d64075550f1b119b4bb4a0aa889c340,0.000318,0.31,277.0190322580645,0.3157832609109961
0xfc91638ca207e9d5e0f30de447656358b300720a,0.0098229999999999,0.31,8557.100483870881,0.09490275094114789
0xb2d05f8eb37103dca29efc69e6a9fc6be8d02d97,0.000810306747914,0.3092809635055,707.5228128946395,1e-18
0x3ec6732676db7996c1b34e64b0503f941025cb63,0.00035387666152,0.3064829673,311.8097990415665,1e-18
0x7381f27ced3fc6c9d1876b1da7901f0c516c9b78,0.00039999999999956,0.3028849469939,356.63706985760723,1e-18
0x1914717974224765b85636159d48f46dbbdbde27,0.0005,0.3,450.0833333333333,1e-18
0x1e23e11923f9b7b9b50fdc43aa9c1f99ee218081,0.0003999999999,0.3,360.06666657665,1e-18
0x71f12a5b0e60d2ff8a87fd34e7dcff3c10c914b0,0.0005,0.3,450.0833333333333,1e-18
0x91ea2ab7813a90e2d707f5ead672524683c63fa3,0.00034,0.3,306.0566666666667,0.05033857058524805
0x9baf8e56dfa875e7cd4378b8838425913d367bef,0.0004549999999909,0.2992044689965316,410.6648219848845,1.520314003405282
0xacd1c0e1e0a4b4c1dc8c7536c19edba718e33c88,0.004615,0.294141,4237.018130760418,1e-18
0x9f905e1125552632208c06040978919259273b99,0.006,0.29,5587.241379310345,1e-18
0x66f1c92b29441bcba925c07abbba2e23676b79a4,0.001,0.289,934.4290657439446,1e-18
0xda59f59b92f582324a140a324772b39393a7dd84,0.0003,0.2852875,283.9766901809578,17.624995026799443
0xd545d60829374c25ff1e107da2b342d6ec1d88c1,0.0003,0.2824505952793,286.8289228418467,5.902971162633364
0x100b44a6fe66ff2d1bb3e3daaf2a8d262c36a0c2,0.0002960027979,0.277676,287.87347690435973,1.0240075275180744
0xaebb8fdbd5e52f99630cebb80d0a1c19892eb4c2,0.0223,0.27,22304.12962962963,1e-18
0xf87bb9a9014bbd27567203a226a9f3ff8aba01f5,0.00024869,0.27,248.7360537037037,1.927626312345701
0x4159e66a1df33a74bd6447ae6a42cbc5b89a85df,0.001,0.26,1038.6538461538462,1.2114614540538546
0x0574215b0a39119c84ca17f1ec83418eeb5ada8e,0.001048218669303,0.253776166968,1115.437493706685,1e-18
0x4ea16fff3a88ae0630c0bd65e05924513c54a7b1,0.008107488365379,0.25,8757.708932282396,1e-18
0x000d774f5fe948c3294f3c09c08e2c0d603374c8,0.000300000000004,0.248554000001,325.9452674298312,1e-18
0x1109297e392d92c1613fdbdf30579a0215c20da9,0.000213,0.246992508948,232.88418845168286,1.065889071152186
0x7c707ea96b204643689042ba0166108a5be84f05,0.000716837972692,0.24315197996,796.1362048432427,11.354070706505416
0x163e3979264871f2d65cf043b51290c8d4033087,0.0005,0.24151,559.0865802658275,1e-18
0x3ae9067b3c6001455ecd8e9bd194ed3c34271aa1,0.01,0.24,11252.083333333334,0.2481406206894285
0x8174b025f8ab32708a85d036ce9e74a5b21727f7,0.01,0.24,11252.083333333334,22.61073326827142
0x9cbf099ff424979439dfba03f00b5961784c06ce,0.00024999999994,0.23999999996,281.3020833127045,802.6890541480163
0x682b7a46af89e7447c894e24a4f1ee70b3bf6f83,0.001,0.2357934289233,1145.2821278062127,1.1486373274182153
0x11d67fa925877813b744abc0917900c2b1d6eb81,0.000471122569796,0.225111575344,565.1715145211472,1e-18
0x4199e6ae5528109ceb500adc67a2d8f6d3b255d2,0.0003,0.22312848558712,363.08676494990993,6.6415e-14
0x9776c82c8a4e9a388829cf4bd78d3cc7b25e09f3,0.0004,0.218178718165,495.09870123221054,1.91e-16
0xf71b335a1d9449c381d867f4172fc1bb3d2bfb7b,0.0003079946211,0.21766600001,382.11731471260475,1.020597752403931
0x80189be26bb1e233ccde0407706946173ea732cc,0.001767782289397156,0.20804744279427,2294.618962097861,1e-18
0x0dd222bcccb09f1d013c6086e7b8174da4beb4ab,0.001,0.2044427125,1320.9079291588835,1e-18
0xe890bbb728df9c5c92818d3f0787704ba7710a87,0.00697357884607,0.20000000001,9416.074836435213,1e-18
0xd51ab3249cb64daa72efa15aeb0248bd3a823368,0.0003,0.2,405.075,1e-18
0x59bae654c73f39f601ff2db5041bfe4e5aef73c7,0.00097932402786,0.199999999997,1322.3322686377999,1025.8672701802968
0x4bc4c9442cd36dbe965ce0f4e1b930f4e1cf996b,0.001,0.191060912148,1413.4235881320053,0.004228889058466022
0x31fdcd0cb5d698a6571432fcf32ca6b287ab3d30,0.000860369999999,0.190000000001,1222.8574657816164,1e-18
0x2e142d386019361f645f948797ed6924ff7a294d,0.00030000000001,0.189814739305,426.81090151025194,1e-18
0x92778b744c7ab65b3ccbc4fadba7c37b324bd091,0.001,0.185,1459.7297297297298,0.001691820552434906
0x7129857379ac8d36648e3e8c1278e6e10f8054cc,0.0100000000000097,0.182653076629,14784.8590882912,1e-18
0xa3609cf7872faa7804281c7c5edb8b2d33001089,0.0008783599999,0.18,1317.7839887388611,0.306282972249127
0xb48acda37ae46ec6e0de4b1913aa477c66530506,0.001,0.1700000000002,1588.529411762837,4e-18
0xe7702a4c1a3f8bd0cab0b0605dc58c785bd73c99,0.0030938781111,0.1565457717,5337.108596607052,1e-18
0x6c392f651c8a998c58ead73475d0cd2d35929552,0.006,0.1499999999999,10802.000000007201,1e-18
0xa6e72ccac7dcd1ed713ed49f7b3896cf1958a558,0.0500000000000025,0.149999999998,90016.6666678714,1e-18
0x8392c202d0fccd7f149748c59da28d2d1484dabd,0.001116278866391,0.14844950988,2030.6642178378981,6.31854e-13
0xf7fc9489290ef8efe8cdd6a3bbb778ae34ba7e1a,0.00015001003008,0.1450237317702063,279.3350310919693,1e-18
0x10f32ad771a8d0cf148f2970690137eae017462b,0.000148,0.1447054094405,276.198382317102,0.8660481979742374
0x474f18a13762de5f18e5400a026a19b68c35bcad,0.01000999999996,0.14000000004,19308.574994406106,1e-18
0x3f3429d28438cc14133966820b8a9ea61cf1d4f0,0.001,0.14,1928.9285714285713,1e-18
0xa89fd73f8f01f220939aacfe5e818a3e4070b8fb,0.0005,0.137,985.5839416058394,1e-18
0x2cce6ff4840fa09c2a63112725dc3d452395c022,0.0001639375522,0.1344434277223,329.293418961727,5.638361178461689
0x15402e52d860a1823c2942fcb78867a4481fbd8c,0.00019812701744,0.1303645286,410.41993273983275,8.23433448815039
0x60ff557b93add579a41fbdb18fdc20c064ac3d76,0.00018006,0.13,374.0400230769231,1e-18
0xe8aaf6af475da1c49ab123f7a3dd93e830089879,0.0001,0.13,207.73076923076923,0.13431971186932717
0xf7543ad1996e868b881196967508b46d8e738281,0.0002,0.12,450.0833333333333,52.10325895447928
0xcdb4b5f351974fd86106e2f2e02e09d17ea65476,0.01,0.10175182099,26540.065560747073,1e-18
0x9c0d1f4a029c46265831d120dee9cdc72f0ab3c3,8.5623138394e-05,0.101625235454,227.5274287926837,1e-18
0x551b30bc933e26e098bd2e68d436c24ed39b7312,9.268045621714e-05,0.1015247711813,246.52463541871708,5.617555074267009
0x37d11fad5fc57562eb12b7c575958c9a2bcf843c,0.0001,0.1,270.05,1e-18
0x5a477cf891d4603cd40679155d09b5d37c48cf2c,0.0001,0.1,270.05,1e-18
0x7ce1d23c63ea43a3a1c71da295f76851d1bbb9f7,0.0001,0.1,270.05,0.2933091694839833
0x21f6cc0063076b2619bc825c50fa399422aef9d5,0.0001361721165,0.0945408446,388.96712015226694,1e-18
0x4268560e1fd35f4006af49dbfb8db2edb218424f,0.001,0.0900000000002,3000.5555555488877,1e-18
0x1b851c9ef9fc7d175b4b4bb17b3af86e9d3816ff,0.0004,0.09,1200.2222222222222,1e-18
0x00d29fbc981d05edba69bc0909e391a132271357,0.0002,0.089999999999,600.111111117779,0.43365545671151734
0xe7eb077d77f09b469b2ea8548aa860b137039977,0.00239236436315,0.084342937297,7659.894437795886,1e-18
0xd4d95690aab06d869ab21dfdf7c2b5006612fbd7,9e-05,0.082401435175,294.9523870352905,0.07312156413989361
0xf731f4c74eae61dfa88e0b6a13f9d2624bf2b16f,9.55386417e-05,0.08,322.5026273885625,2.28034e-13
0x370a5275f69cb3c2e76cfe575cf7f846f906b34d,7.9414e-05,0.0761427293487,281.6519828411713,1e-18
0x5b4e28133aab99ee9fc77b649127a6cfacf28793,9.1622474407e-05,0.07215818116334864,342.89457986197,8.721e-15
0xb342e8a3cf83eb2b4ec6d31a547e76c39dd0eb11,0.00022217739652,0.07000000002,857.1286559011918,1e-18
0xc8e3c36a72b9aa4af0a057eb4a11e1afc16465bb,0.0001,0.060000000005,450.0833332958264,112.00335819244945
0x0d8abe2275c9224b5849b41e2a1a215f4ffafe36,0.0062359999999999,0.05999999999993,28067.19666669896,1e-18
0x8a341443d01b4ca7902fc2e3997381a5aeca9ac2,0.01,0.0588,45926.87074829932,1e-18
0x4eb62e5e90a2a7e3dd081ffc31ef6f4c4e5964b1,9.9999999998e-05,0.05431279069567663,497.21252864308326,1e-18
0x230c40ff3dd28910a959fe135342ce9e8250ed12,0.0010000000000003,0.0523605,5157.513774698122,1e-18
0x9316b8629957712e6ac794555095a3d8613eb7e6,0.01,0.05,54010.0,0.003406260486254304
0xef764bac8a438e7e498c2e5fccf0f174c3e3f8db,0.00165140070181351,0.0477147912784311,9346.38395298461,7.68383559241e-07
0x0c2cada3a7da14061999029051c4c9e861a8a098,0.0015,0.04,10126.875,0.16894698375291198
0xb1946a10b9189206340bf3c1cec266ec80fbacdb,4.300000006e-05,0.04,290.303750405075,1e-18
0x73152648e3c7fefebcde692af55d972702916623,4e-05,0.0361111857901166,299.13168907780477,1.4042280374062837
0xcd48996795e10903787a2f6bf8730f6368a8fd0a,0.002,0.033663959553,16043.864333596148,3.7536460203747497
0x6f94720d8ec1d5d96a2a85eb9ee1d313e753c6f9,0.0001,0.03,900.1666666666666,11.663735417516172
0x4e5a83140d2a69ee421f9b00b92df9ee27d7dffa,0.00062601309893,0.022260297353,7594.455486609353,1e-18
0x82bd1487843704d2fd846788b69e9a7e06060f8f,0.0001,0.0203666550299,1325.9418377909549,1e-18
0x321ab972cc73744e11c2f2ec1ec0102158659519,0.0027939833825745,0.018577611644,40614.22032728997,2.1180806545728026
0x3dc1bd05fbb944c4c61a1f4918b95ab7d57030f5,0.0001,0.01128356981156,2393.3028687723827,1e-18
0xe3813cf52f2cfae073bcd83728cd48469baeed08,0.0001,0.010000000012,2700.4999967594,0.010417101023786145
0x432045a10983690a7c08f8c264c4dc5e4bfdc29e,0.01,0.01,270050.0,0.010348720642396786
0x660519f4883224e68b900d9f1d0e4b170ae58c00,0.0005,0.01,13502.5,1.2808599274229542
0xbc2359618486eb2f6c2a23770f29120f281b9fe0,0.001,0.01,27005.0,1e-18
0xb2801900fb83990284f394ae48182602c3c7fc51,0.01,0.0099999999999,270050.0000027005,0.010413792083190295
0x2bb8ab3c2a9837de97a83c228a07e16928b4f07f,0.01,0.008311341625,324917.4587983562,9.444264773444e-06
0xedbe1bb21c2fc396c3d2df13ab0288c93729df60,0.001490172217624667,0.006286605107651405,64012.45194799275,0.06054717425484797
0x648ae6db8aa3ee6c238193623612798e74895685,1e-05,0.001,2700.5,0.8723243139155822
0xd1d7be2351f7d46aa5b8638836016fc492b09165,0.0001,0.001,27005.0,24.538680727260463
0x517d1b397ba4f9cf51495c3bc267ce55bbac1af3,1e-07,0.0001,270.05,1e-18
0x9261cf1baba2fc2e4bffa10fa28aef5bcd0d9741,1e-05,9.99999999e-05,27005.000027005,1e-18
0x2326d4fb2737666dda96bd6314e3d4418246cfe8,0.0026,4.072404e-05,17241167.62482308,1e-18
0x0fb962ccc485f701fb8a111e6e82621469f3fc56,1e-07,1.0000002e-06,27004.994599001082,1e-18
0x0b889c1a57c3b1683893e88d24189e4f4bdcbe17,1.0000000001e-06,9.999997e-07,270050.0810420293,0.44948070763578385
0x86d888c3fa8a7f67452ef2eccc1c5ee9751ec8d6,2e-15,2e-12,270.05,1e-18
0x023d398273a818783644433204994863e18e5f66,1.9e-17,0.0,,1.7542e-14
0x044a9c43e95aa9fd28eea25131a62b602d304f1f,3e-14,0.0,,1e-18
0x07e9aa40272429a4e2ee072208fdeb76407249a2,4e-15,0.0,,1e-18
0x0ae2fc8bc414e39dd62d7e2181c2547938905053,4e-13,0.0,,1e-18
0x12e1b13555d430f0be94e2f5d785dc320e886b46,0.0025,0.0,,2.8938958404528154
0x15fe8337a6e23629fa09dc6e0f8b041d681ec995,1.000001e-12,0.0,,1.000000000001e-06
0x1a8a7ae2508a2623789772e6eeaa084ac406d85f,0.01,0.0,,0.0
0x1aba06fc13fec87a29d95aea36504dc5183b3d60,3e-13,0.0,,1e-18
0x1eca9b0e09c9e68e1f7d01c73c496788e4354fb2,0.001,0.0,,1e-18
0x201b5abfd44a8f9b75f0fe1bae74cdac7675e54b,5.9999999999999e-05,0.0,,0.0
0x206ad63135ae6f46181ab270d5e4c3c000aa6009,5e-14,0.0,,3.312e-14
0x23511ebbe4072e35846459bba80c911d37ceeb0e,0.0005,0.0,,9.117626611942981
0x361042cb65a69efde49bf68ceca58e4f44d6ced1,5.16e-05,0.0,,1e-18
0x36c1625e5ee6fbfa9fadd4f75790275e5eab7107,1e-18,0.0,,0.0
0x36e2e988f6d25925eeca800c885c447ddcd097f9,0.000958,0.0,,8.758625042772007
0x376d13d5b99f8540059940edb77e3c331916d8a4,1.7e-13,0.0,,1e-18
0x392e15d56eb50e80376a8495394f23195bbb12bd,0.01,0.0,,0.0
0x3aac6b4f4d449a1cda2f17de71511ab323b84af6,1.0,0.0,,0.0
0x3b39669766fe815aa91834b3bd258dea3edbb6d5,1e-13,0.0,,1e-18
0x3c0cc60d557be18aedb9f5d9e2f9b0a715e62899,0.0001,0.0,,0.4975486169544454
0x3d045f52223a9595fb18377b6ca7ac8e220ab35a,2e-15,0.0,,1e-18
0x3f2708a3e4bc67f1053d5195201540994ef27776,0.01,0.0,,1.1824633356904757
0x4dcbb1fe5983ad5b44dc661273a4f11ca812f8b8,8e-14,0.0,,1e-18
0x4e516eed9931f0ec00bbd92a2441ca75e23d567b,1e-13,0.0,,2.399782810079e-06
0x4fe309b25836c1ba2daafbc5d2904be439a88654,6e-17,0.0,,0.936218488728121
0x56d7540077134ef74c308568c58d061a33825df9,0.0325,0.0,,0.006546181808580753
0x56efb7d60e6ccad3a938e65f5876e13c13fbc602,0.011787407965478754,0.0,,1e-18
0x57aa14fcfef7625fc0409c5e5579d4899ab1933c,8.333e-15,0.0,,0.000314856774740828
0x58aeebfb3646902db19580c1e45ed10f40272db6,1e-16,0.0,,2.4978006633835217
0x5add1cec842699d7d0eaea77632f92cf3f3ff8cf,6.02e-13,0.0,,1e-18
0x61cbacf41a7869aa57b62dc4a9708f9cb13f56f1,0.000237906351979401,0.0,,0.015441265541562494
0x6780ac060fdcba20ae02a6197c84bdc70cf8716b,0.001076965975007,0.0,,1e-18
0x7263198c709a456cfdb9d968c9ec56dfb111e5b2,0.01,0.0,,0.6642473590145465
0x789f92c8a77179231d3f227413020adbfc917083,7e-14,0.0,,0.02545801527108144
0x78bccd5d99c37c74e5b820a3a1627aaee7871567,2e-05,0.0,,1e-18
0x78e34feae8ffbbd51d6ef4949e99aebfc5ef5044,2e-15,0.0,,1e-18
0x80485c1015d21764ed8f204cc4d124cb7fd1940e,9.9999999998e-05,0.0,,10.645509454455551
0x805b01e7f3fe127769b249763250222630968b4d,1.6547480109823776,0.0,,1e-18
0x829314f72d39fca07112274a1d3b7a8117067c4c,5e-15,0.0,,1e-18
0x8376c688003a23472ebed4cb76b05fead6a145e6,8.997e-12,0.0,,0.9574916877745823
0x8ad09925806c9dda4b1ae98fe35b2761fe0df117,3e-13,0.0,,1e-18
0x8d17c1b895e9c85068fff7f9fa6d35cc3dd594c2,0.011441022549957556,0.0,,1e-18
0x8eb596f1dca53b2b92a994f96ef067e0af5e0756,0.0004,0.0,,0.0
0x94f9fdb43a2b98b2920bcd37848d2165f2007511,0.010365793700885,0.0,,1e-18
0xa626bd40a8c88f59a4cf9b1821a7bd71fad96285,8e-14,0.0,,1e-18
0xa967ba66fb284ec18bbe59f65bcf42dd11ba8128,0.6845764090199831,0.0,,1027.6409150634215
0xb1183f530a8c3e29cfd329a6fe75a5d17edf89a4,0.7996092884619258,0.0,,499.3931941183697
0xb166dd9d114c59774a13c3291e7d50ec74f23dfd,1e-15,0.0,,1e-18
0xb1db096de2a713dbb6950dff2eafb76521881863,1.3e-14,0.0,,1e-18
0xb2d0016d9baf8c053539871de0b302c5a6a15b09,0.000505,0.0,,1e-18
0xb4931fe7209bf466012506a97c50d364d7eca186,0.0005,0.0,,0.0
0xb5c4402ff7cbe97785dddc768c4e3a4f033474fb,1e-14,0.0,,0.0753635846252695
0xc31d7fd18b7a7e219df12f669012f9bc583a16c2,1e-17,0.0,,1e-18
0xc64185f1a9a59874bb659577199c5f8b52d81e80,1e-14,0.0,,1e-18
0xc7cf9b423e06a1cba4cfd7bba8785884f560db1f,4e-15,0.0,,1e-18
0xc83645968aafcadcd1b6b399124ef4d18cb43f3a,3e-14,0.0,,1e-18
0xcdc8bbc2c740e44e9231dc3a8842800aa2433d18,3e-14,0.0,,1e-18
0xcf7841fd47bf33004b07ede874e7afc714616231,6.24827168e-06,0.0,,1e-18
0xd027b4d10ba1e45e97854b190d14a5d892a6c787,1e-14,0.0,,0.4588111933222646
0xd5b12178161244cd1ac9ee4857b53f0b6e7c5a46,8e-05,0.0,,0.5391855371244545
0xd84e21f6b23d124e90e57faccf27927b4f4a8792,0.0001,0.0,,7.833711121492966
0xd87375620f9cc2face22f82ef27b966adfcf7250,0.000999999999999,0.0,,1e-18
0xdd9bf0a45452a4f22cfd2c963c15b191d97ce106,3.798e-12,0.0,,2.9584495244543128
0xde1bb24d04f400ed9ae869d7c329b93715be001f,4.5e-14,0.0,,1e-18
0xde1c2c15238b6ad9d8f55d5a9d987e63d907afa8,0.05,0.0,,0.0
0xe94ea34fb4551742ac755cc65624fb7e5975f18e,0.0001678086789466,0.0,,52.78199936934827
0xe9859486e8c8f1493c3056fd1d0c442a3375f074,4e-15,0.0,,1e-18
0xf7401728edd23290d8099ed73f155101dcf8cc0c,0.000160890000004,0.0,,2.0025e-14
0xfb78ccea5d64fbaa4e2736148e1f4281ded36dcc,6.3591509283e-05,0.0,,0.062347196772918695
