user,cr_pct,collateral_steth,debt_eusd,max_eth_repaid,gross_bonus_steth,eusd_deployed,rounds
0x2cc05782c77930c65d2450d3298f1d784a89bb00,103.20640899550973,21.113253084214257,55244.960568680624,19.19386644019478,1.9193866440194778,51833.036321745996,57
0x1309c007567a71b393094c21e70bd2647356a352,115.33504709413664,3.925435305378692,9191.168087461654,3.2433909210691443,0.3243390921069144,8758.777182347225,3
0x9874f9b05b073771c7b98e192543fa2684e61246,84.26035569252934,0.04646187003364912,148.9078452074394,0.04223806366695376,0.004223806366695376,114.06389093260863,49
0x3528942bf01874cb51a79ac32e3fc839ae2a1367,98.39167208848406,0.0336,92.22,0.030545454545454556,0.0030545454545454556,82.48800000000003,49
0xec7d08f5a982b213a8baf73b9e89df30656f5880,89.1165,0.033,100.0,0.030000000000000016,0.003000000000000002,81.01500000000004,49
0x84eca34e4a1732113883407e3666b014dcca0a16,37.603649826000925,0.028125953874057613,201.9860805755465,0.025569048976416032,0.002556904897641603,69.04921676081149,49
0x5789a38a3facfaa86ed950e88d79a9a2f6140052,50.401450494610536,0.02582704414474568,138.38080457693115,0.023479131040677913,0.0023479131040677914,63.4053933753507,48
0xf71d161fdc3895f21612d79f15aa819b7a3d296a,79.78139194328298,0.02392460452320122,80.98178402406835,0.021749640475637492,0.002174964047563749,58.73490410445905,48
0xae9db1ff69cfca2720ff2e5d81807d7383138a39,130.6749936642282,0.0285235,58.946022946,0.01426175,0.001426175,38.513855875,1
0x508d090e2a9e84cbe873c3bcc39c8f92e3cace80,22.904948085077585,0.0153545625,181.03073570493774,0.013958693181818199,0.00139586931818182,37.69545093750004,48
0x16fa6b8fcc2d5f459600713cf961e349067a278c,130.06010048143997,0.0243,50.45525088562,0.01215,0.001215,32.811075,1
0x8c42a956f99a621277cb36ea6facb4b9586ef842,121.62826370757269,0.0138000000000001,30.64,0.010005000000000073,0.0010005000000000072,27.018502500000196,2
0x34c49e4b376407e142ed183b80a42aed85a31519,138.5061084260468,0.0095,18.52246828066645,0.00475,0.000475,12.827375,1
0x6f471ecb704a38e653c839ddd7e3957e989a9d29,137.7255,0.0051,10.0,0.00255,0.000255,6.886275,1
0x4acf1f34041e9b3027dd1d7f7588761b1bd7bde3,135.025,0.0005,1.0,0.00025,2.5e-05,0.675125,1
0x9c57027b1eca93093a6f446422c59c85a5a3fa52,135.025,0.0005,1.0,0.00025,2.5e-05,0.675125,1
0x971740ed368934875f1890898d5ffc10ea99fa43,134.16496815286624,0.00039,0.785,0.000195,1.95e-05,0.5265975,1
