app_id,label,underlying,escrow_units,escrow_usd,total_deposits,redeemable_usd,stuck_units,stuck_usd,f_out,paused,price_usd
686498781,v1_pool_ALGO,ALGO,218453.009896,25232.0,83721.482536,9670.09,134731.52736,15561.91,231683.496973,1,0.11550310022914659
794055220,v1_pool_gALGO,gALGO,85558.709858,10036.01,85558.709858,10036.01,0.0,0.0,84816.709858,1,0.11729974279707309
686500029,v1_pool_USDC,USDC,32118.740504,32109.97,11912.266478,11909.02,20206.474026,20200.96,30459.514066,1,0.9997270524656884
686500844,v1_pool_USDt,USDt,8241.230896,8234.67,155.535652,155.41,8085.695244,8079.26,8334.132476,1,0.9992042788516757
686501760,v1_pool_goBTC,goBTC,0.046334,3803.17,0.028914,2373.3,0.01742,1429.86,0.046329,1,82081.71274544427
694405065,v1_pool_goETH,goETH,0.547151,1362.58,0.422134,1051.25,0.125017,311.33,0.554012,1,2490.3157953349773
694464549,v1_pool_gALGO3,gALGO3,42887.856915,None,42887.856915,None,0.0,None,42880.727446,1,None
805843312,v1_pool_TMP11_USDCgALGO,TMPOOL11,1090.520541,None,1090.520541,None,0.0,None,1090.520541,1,None
805846536,v1_pool_PLP_ALGOgALGO,PLP,1966.021356,None,1966.021356,None,0.0,None,1966.021356,1,None
743679535,v1_pool_TMP11_ALGOgALGO3,TMPOOL11,60.164352,None,60.164352,None,0.0,None,60.164352,1,None
743685742,v1_pool_PLP_ALGOgALGO3,PLP,62.361448,None,62.361448,None,0.0,None,61.861448,1,None
747237154,v1_pool_TMP11_ALGOUSDC,TMPOOL11,118.93068,None,118.93068,None,0.0,None,118.93068,1,None
747239433,v1_pool_PLP_ALGOUSDC,PLP,188.830666,None,188.830666,None,0.0,None,188.830666,1,None
776179559,v1_pool_TMP11_USDCUSDt,TMPOOL11,0.9882,None,0.9882,None,0.0,None,0.9882,1,None
776176449,v1_pool_PLP_USDCUSDt,PLP,0.06279,None,0.06279,None,0.0,None,0.06279,1,None
751285119,v1_pool_Planets,Planets,189641.937398,None,178226.031728,None,11415.90567,None,188873.85011,1,None
818026112,v1_pool_PLP_goBTCgALGO,PLP,0.0,None,0.0,None,0.0,None,,1,None
818028354,v1_pool_PLP_goETHgALGO,PLP,0.021179,None,0.021179,None,0.0,None,0.021179,1,None
