chain,pool,fee1e9,feeMultiplier,totalSupply,lastWithdrawTimestamp
linea,0x0b18829D24BBc46bb8057bC5D71F1D3688ED0184,0,275601068068380616390479 [2.756e23],0,1705755190 [1.705e9]
linea,0x18f36977996A9F6813787df922Ca8815800b3493,0,275601068068380616390479 [2.756e23],0,1705755280 [1.705e9]
linea,0x2BD146e7d95cea62C89fcCA8E529e06EEc1b053C,0,1005683693723799278 [1.005e18],370936746820589436331756749148 [3.709e29],1721377080 [1.721e9]
linea,0x0A27c69373fDB312cFaAb3455c038DC84a82DB29,0,0,1336999999999999988295 [1.336e21],0
linea,0x249EE4E1bbeAd062c22D28Df81a054665bd8401e,0,0,5916079783099657 [5.916e15],0
linea,0x1D12E25e5516e5aD32F97fE9Edc332Bf4683f487,0,1414213562 [1.414e9],19066054705908083973740853950 [1.906e28],1753285021 [1.753e9]
linea,0x2C84aE8694D4AC22066995eF01d796Fc8A29e5d7,0,750044502150002075126954 [7.5e23],813641341047377311589709491 [8.136e26],1717280489 [1.717e9]
linea,0x2F6B65F3d866BB145aE4EfD76434e945CcEe37aD,0,26612217622771687 [2.661e16],8663048351010098040099701436 [8.663e27],1718877296 [1.718e9]
linea,0x2f0AE8E4D47684Ff5C6a7db760E0179891678147,0,1000000497 [1e9],13216487063275794682684691 [1.321e25],1738105147 [1.738e9]
linea,0x3E3dA08eC79e01434e8Bdb90374FEAb28A4cbaF9,0,1046560116 [1.046e9],1046252359743337157862 [1.046e21],1731344910 [1.731e9]
linea,0x3f53BC128399AFD8a6457c173B153e9AA01C8aa7,0,1032427521 [1.032e9],2182394100108078398 [2.182e18],1717334237 [1.717e9]
linea,0x515Ac85eF7d21B5033a0aD71B194D4C52661b8Ca,0,1236432760 [1.236e9],140402337003047 [1.404e14],1717309022 [1.717e9]
linea,0x5262e6e56D95fb9191F1b2127fD670e9B5e73200,0,2449489742 [2.449e9],409529229010429311882524487244 [4.095e29],1756363822 [1.756e9]
linea,0x746cD2B4DF3dEd5fa171Fa759985AA72cBEC8043,0,0,70710678118654821 [7.071e16],0
linea,0x6A1ff5f05DDAf8b61F1734DAA6f9a42F16e3368e,0,1110821696 [1.11e9],810812963200498477 [8.108e17],1715976365 [1.715e9]
linea,0x7573F3284c91858450EB57C1F46C7354D901228d,0,11618950038 [1.161e10],278936772916546789569943570362 [2.789e29],1727584479 [1.727e9]
linea,0x7863Ef0812963F74F039799D45C7fa6899F41771,0,1007189174 [1.007e9],169703974230368511 [1.697e17],1717721819 [1.717e9]
linea,0x78c35C9eA77d20F31DF2bD345Dde986E33cc1CCb,0,0,0,0
linea,0x794105a9D8D230afa051aD3a129b5f00d3C7cC8d,0,1319554128 [1.319e9],96003144781627 [9.6e13],1719511506 [1.719e9]
linea,0x79F9db00F825F41543e82aFD9ed43596b2612628,0,1024248188 [1.024e9],430875743672465510 [4.308e17],1712584424 [1.712e9]
linea,0x820AaFf56fa2F6Ea552e86B7C2Da541d67195d07,0,13076696830 [1.307e10],11209263334683627149442403395991 [1.12e31],1756579829 [1.756e9]
linea,0x8303293327EE4BE8fbd4DCbaC885E17F73614061,0,359183701779137968292045 [3.591e23],22479348864180011962252334627847 [2.247e31],1717280489 [1.717e9]
linea,0x8529D12a6164c9d35E1746711bE84f3a9FB2819A,0,1031830728 [1.031e9],3413593950547147 [3.413e15],1717309190 [1.717e9]
linea,0x860B933C1E6B4e558bEb80a63467023ff8188344,0,1414213562 [1.414e9],189133539515262411496821143231668 [1.891e32],1756903384 [1.756e9]
linea,0x93Dbd667Ae5aCe0d055A3f1Df57282c8dF32FeaB,0,125982723925342900553862 [1.259e23],0,1705751938 [1.705e9]
linea,0x99eF33c7b533A7a8AD929BceF40e09AAc0F2aA1c,0,1517670940008 [1.517e12],169,1719912720 [1.719e9]
linea,0x99ee7251a051e5265c55A7bf9FfDF58d0FCacC2D,0,666157639001 [6.661e11],3352700566228256398120049187822 [3.352e30],1723342421 [1.723e9]
linea,0x9f6e4eCD96F3A21bbF64ACEEdf7b9e6d3c76F10f,0,1018837387 [1.018e9],2495746726586 [2.495e12],1712584424 [1.712e9]
linea,0x9b38adE95F5cf9c5294B1Ee455D5416A8575ae3b,0,240201047175 [2.402e11],907503660587 [9.075e11],1718140704 [1.718e9]
linea,0xA2Ff89e88bFe313Bd24aDFBcf254466860C5BeA2,0,0,816766186055850254 [8.167e17],0
linea,0xAe1e8720A88Dd4F6d4101B4B20E270821FFDceAA,0,1143799809 [1.143e9],4295681050472927975 [4.295e18],1716551327 [1.716e9]
linea,0xCCc0DEbe57EF046f9Fa32208184fcB67e2bd9ae3,0,1000091262 [1e9],2368640137178273692827028 [2.368e24],1787881263 [1.787e9]
linea,0xCb767451914FFC8cAd49C597B64D8738C0B78d1b,0,275601068068380616390479 [2.756e23],0,1705754470 [1.705e9]
linea,0xD5622Eb5601e3139A29eb7044BC0c98BF457679e,0,0,31622776601683807 [3.162e16],0
linea,0xE5fE1421e90927E191EdD02B35bcb46dc050FF20,0,593000844370518316 [5.93e17],14045916586777930612746990839 [1.404e28],1724227658 [1.724e9]
linea,0xbD4B27Dd15bc467d5285c0D7435663935B4b6f7F,0,68216517074029537338 [6.821e19],23399587659403732015886546971983 [2.339e31],1717864458 [1.717e9]
linea,0xbF820C71b9dfE09743cC8134Ab3b224D6Bc333C7,0,2802665926049029884 [2.802e18],0,1702344342 [1.702e9]
linea,0xc8AcDa739ff1d6223E6036c6aE45a81b6b73eb92,0,1874418251430 [1.874e12],0,1705750600 [1.705e9]
linea,0xc3041885A6E17796F4DeE54C24867Ea36aDc6C90,0,125982723925342900553862 [1.259e23],0,1705752796 [1.705e9]
linea,0xd017982aE4aA07d301AC62D558Ed95880affe931,0,67881681620 [6.788e10],0,1712510977 [1.712e9]
linea,0xcf5d0dA448DaA5E274131EcFcA458beDdcD45284,0,754019749697935863950704 [7.54e23],25841717798012808162354697438983 [2.584e31],1717280489 [1.717e9]
linea,0xd0E67CE5E72beBA9D0986479Ea4E4021120cf794,0,1414213562 [1.414e9],160625510426247177083390582681289 [1.606e32],1760450928 [1.76e9]
linea,0xd4e9b2e8d6B360980A3a75a3C69B3C3040a89008,0,321373202926286383861 [3.213e20],6664123006732504584690491386686 [6.664e30],1718441869 [1.718e9]
linea,0xe2c67A9B15e9E7FF8A9Cb0dFb8feE5609923E5DB,0,1545595564 [1.545e9],26136074922783449832937138723613 [2.613e31],1729026676 [1.729e9]
linea,0xf3E3Ec2861850dfa6Ba3F52A271f499AFffb8087,0,1414213562 [1.414e9],11780440566614287854996010687626 [1.178e31],1756266859 [1.756e9]
linea,0xeE63656DC27213Ce9A19EA3e0D541d9A7649Baa7,0,548506558690320743 [5.485e17],186648282431883460640582601106 [1.866e29],1717962200 [1.717e9]
