chain,pool,token,balance
telos,0x0117A9094c29e5A3D24ae608264Ce63B15b631d9,0x21da62e7fc67421dc84cee97ffe83cd6fadddb81,1000000000000000000 [1e18]
telos,0x0117A9094c29e5A3D24ae608264Ce63B15b631d9,0x4772b29d349885ce956b4b67d89e5dba71229a06,1414213562373193049110682 [1.414e24]
telos,0x0117A9094c29e5A3D24ae608264Ce63B15b631d9,0x568524da340579887db50ecf602cd1ba8451b243,30079294522182999970 [3.007e19]
telos,0x0117A9094c29e5A3D24ae608264Ce63B15b631d9,0x5eeae8ceb0e23738da2913adff5e685cc31bc37a,1000000000000000000 [1e18]
telos,0x0117A9094c29e5A3D24ae608264Ce63B15b631d9,0x68b1e7efee0b4ffec938dd131458567157b4d45d,1316091836889285165552214 [1.316e24]
telos,0x0117A9094c29e5A3D24ae608264Ce63B15b631d9,0x7d637d806b750b9c9f5d8e4e3634aa6639246924,763880671936308730794409 [7.638e23]
telos,0x0117A9094c29e5A3D24ae608264Ce63B15b631d9,0x8d97cea50351fb4329d591682b148d43a0c3611b,340328807 [3.403e8]
telos,0x0117A9094c29e5A3D24ae608264Ce63B15b631d9,0x8e4d231bb9eb5f40bb55788906ae791f03521f8f,2000000000000000000000000 [2e24]
telos,0x0117A9094c29e5A3D24ae608264Ce63B15b631d9,0x975ed13fa16857e83e7c493c7741d556eaad4a3f,108532456 [1.085e8]
telos,0x0117A9094c29e5A3D24ae608264Ce63B15b631d9,0xa0c0c7a9bbff66f5f19d29546f66ced0341b036c,0
telos,0x0117A9094c29e5A3D24ae608264Ce63B15b631d9,0xa0fb8cd450c8fd3a11901876cd5f17eb47c6bc50,165629360601702272 [1.656e17]
telos,0x0117A9094c29e5A3D24ae608264Ce63B15b631d9,0xab838500d6033f2a49119632d4a47b516ee80e5b,2000000000000000000000000 [2e24]
telos,0x0117A9094c29e5A3D24ae608264Ce63B15b631d9,0xb243bc66f5c78f007e3eea545499645b080769a4,2000000000000000000000000 [2e24]
telos,0x0117A9094c29e5A3D24ae608264Ce63B15b631d9,0xb392842db7b9590880f18c4913cdc375e072883c,2000000000000000000000000 [2e24]
telos,0x0117A9094c29e5A3D24ae608264Ce63B15b631d9,0xb4b01216a5bc8f1c8a33cd990a1239030e60c905,454715655367277871105 [4.547e20]
telos,0x0117A9094c29e5A3D24ae608264Ce63B15b631d9,0xb99c43d3bce4c8ad9b95a4a178b04a7391b2a6eb,72925375030685186262148 [7.292e22]
telos,0x0117A9094c29e5A3D24ae608264Ce63B15b631d9,0xcb61bc4ae1613abf8662b7003bad0e2aa3f7d746,1759741401761852234761234 [1.759e24]
telos,0x0117A9094c29e5A3D24ae608264Ce63B15b631d9,0xe65b77f52d8645ecad3edfdf4d3e5b1a9d31f988,3629078590019504989832376 [3.629e24]
telos,0x0117A9094c29e5A3D24ae608264Ce63B15b631d9,NATIVE,25116210529671667229294
