chain,pool,balances
telos,0x04B5f68D5155c5504bDF7185376b6bbA8E2c1519;0xa0fb8cd450c8fd3a11901876cd5f17eb47c6bc50:0;ETH:0
telos,0x317d6b6733985b0D025B637f8a43De42e14C5b29;0xe65b77f52d8645ecad3edfdf4d3e5b1a9d31f988:0;ETH:0
telos,0x592bf1faAf2F2c21D4f9f805969b302F3FA6758B;0x568524da340579887db50ecf602cd1ba8451b243:0;0xb4b01216a5bc8f1c8a33cd990a1239030e60c905:0
telos,0x60d75C5b32B6fb2dcA70094E9C7656d473434229;0x975ed13fa16857e83e7c493c7741d556eaad4a3f:0;ETH:0
telos,0x13Aea9ab700778B7472d8968a74a2179a62331eC;0x8d97cea50351fb4329d591682b148d43a0c3611b:0;ETH:0
telos,0x664BBE4D764c7E9c2f53Fc3c916444DCa2057DDD;0xb243bc66f5c78f007e3eea545499645b080769a4:0;ETH:0
telos,0x76aC9a1FC8947f382cdcd9617eb8C0eD12d50E99;0xb4b01216a5bc8f1c8a33cd990a1239030e60c905:0;ETH:0
telos,0x6ED02329D38F4ADC41DCAB1a7F08ea5FaEc4be26;0x8d97cea50351fb4329d591682b148d43a0c3611b:0;0xa0fb8cd450c8fd3a11901876cd5f17eb47c6bc50:0
telos,0x68C5C3b16Ce777F1F0208Cf16BDB84790d0A0E28;0xb99c43d3bce4c8ad9b95a4a178b04a7391b2a6eb:0;ETH:0
telos,0x7518B3f7f4718CF73d47a9F3596C803B949dE560;0x8d97cea50351fb4329d591682b148d43a0c3611b:0;0xe65b77f52d8645ecad3edfdf4d3e5b1a9d31f988:0
telos,0x7ebAFbeB68B5F54939205eC23010588be002630B;0x68b1e7efee0b4ffec938dd131458567157b4d45d:0;0xe65b77f52d8645ecad3edfdf4d3e5b1a9d31f988:0
telos,0x88211c4BE948a4F9e6dC9fB306B6dA9537A5e2B9;0x568524da340579887db50ecf602cd1ba8451b243:0;ETH:0
telos,0x899c3a0c02e727cCe5F4105CEb6f3D7fED0f61e0;0x4772b29d349885ce956b4b67d89e5dba71229a06:0;ETH:0
telos,0x87004FA63a7430cC9EEbFc867988472c1be1B9dD;0x7d637d806b750b9c9f5d8e4e3634aa6639246924:0;0x8d97cea50351fb4329d591682b148d43a0c3611b:0
telos,0x95A53BbFaBB6146821222E99E8Be6011475e12Fb;0x8d97cea50351fb4329d591682b148d43a0c3611b:0;0xcb61bc4ae1613abf8662b7003bad0e2aa3f7d746:0
telos,0xa4d1098cB4799960dA717EBF8448d03a2071E1e8;0x8e4d231bb9eb5f40bb55788906ae791f03521f8f:0;ETH:0
telos,0xb583897dEAB92749c210991294Bcdf9FddCe98e7;0xa0c0c7a9bbff66f5f19d29546f66ced0341b036c:0;ETH:0
telos,0xe27347CBd5b84AF15AFac5d0814Fb80F30928658;0xb392842db7b9590880f18c4913cdc375e072883c:0;ETH:0
telos,0xae494663b63662Bb72828A8B7f19526289eAF0B6;0x21da62e7fc67421dc84cee97ffe83cd6fadddb81:0;0x5eeae8ceb0e23738da2913adff5e685cc31bc37a:0
telos,0xfaAbA7a2F75716e2b12c741aF5F8176073eC38aF;0xab838500d6033f2a49119632d4a47b516ee80e5b:0;ETH:0
