safe,module_enabled,delegates_with_module_permission,permissions,eth_wei,eth_usd,tokens_usd,total_usd,notes
0x54Ff035038A23f64E2537E3Cd324A7d5C31F57Ed,True,1,*,360000000000000,0.9647,0.0,0.9647,
0x63e35c1A4745B566e9D07574544E39B96A3473B6,True,2,*,78796249024117,0.2112,0.2569,0.468,unpriced KING; unpriced CAT; unpriced BIT; unpriced DOGE; unpriced BEAR; unpriced DOG; unpriced DOG
0x469295ECaEFDC66224A8081d34598C4c6EE2CB75,True,2,*,0,0.0,0.3812,0.3812,unpriced CAT; unpriced DOG
0x214C7dA3612Da38460db84460713A382Db7375Ad,True,2,*,0,0.0,0.2867,0.2867,unpriced DOG; unpriced DOG; unpriced KING; unpriced DOG; unpriced CAT; unpriced DOG; unpriced UNI-V3-POS
0x9A2E343621f45A5bc7913b3DDD169Cde67C6a59E,True,2,*,0,0.0,0.001,0.001,
0x0432A53B9874b1B5816948e30bbA8A5c4aCE2B9c,True,2,*,0,0.0,0.0,0.0,unpriced CAT
0x0D5970b9Ea6A115AEA9837e0199778D53cd58F4C,True,2,*,0,0.0,0.0,0.0,unpriced CAT
0x0fD0A03dEc8Daa869c90bC7fa8ad1B4D0769fc7D,True,2,*,0,0.0,0.0,0.0,unpriced CAT
0x28fb31f2e0B30D12e0444ab4f0A94F8dd98e676a,True,2,*,0,0.0,0.0,0.0,
0x347923a69BA82B9c76368d760eD7515171D0B631,True,2,*,0,0.0,0.0,0.0,
0x39e81120249F8cbd4353F0996a48c44144cFA072,True,2,*,0,0.0,0.0,0.0,
0x40eaF4f78144Ae81d9ba1a4358D9d4bf3b998D22,True,2,*,0,0.0,0.0,0.0,
0x4b37b51196e20057D8D768661cf06193080315Ee,True,2,*,0,0.0,0.0,0.0,
0x535110a45fb4a6f8Df70E89F70Ca23db85694f00,True,2,*,0,0.0,0.0,0.0,
0x5533092961458d696A4e62f8E6FD2fC2E85E8eE6,True,2,*,0,0.0,0.0,0.0,unpriced DOG
0x562172CF262304C6B763A119e7129eCCdf0E1dE0,True,2,*,0,0.0,0.0,0.0,unpriced CAT
0x6158b0115b80B7c405cEffF5629bea56601B87a0,True,2,*,0,0.0,0.0,0.0,unpriced CAT
0x616CF11518226AC8d4763210ea45bCd2B6F00Cdb,True,2,*,0,0.0,0.0,0.0,
0x6B5bEB98fA21316f8B4E9819b9040e97Ed7c256C,True,2,*,0,0.0,0.0,0.0,
0x6BFC791EC215D4f8feb0E79BB613D760dED12bAC,True,2,*,0,0.0,0.0,0.0,
0x759B8279558d04a70937392fD331138AE1E180C1,True,2,*,0,0.0,0.0,0.0,unpriced CAT
0x8175d8Ec144457c112eABBdF872C11Cd00797878,True,2,*,0,0.0,0.0,0.0,unpriced CAT
0x8D6bEfF6E06572079F43867837C86374d014864b,True,2,*,0,0.0,0.0,0.0,unpriced CAT
0x907842198CB1D9426DBA3BD83f027fa77f646b7F,True,2,*,0,0.0,0.0,0.0,unpriced CAT
0x969C418fA038F98091aA3040A8aC065899fd46Eb,True,2,*,0,0.0,0.0,0.0,
0x9c51142E60e3b7eAC9E20309A86DeD003D6bF4BE,True,1,*,0,0.0,0.0,0.0,unpriced DOG
0xaC3E29D948c07725b7Af6f4524FeBD0aC27b6030,True,2,*,0,0.0,0.0,0.0,unpriced CAT
0xb7C5b6a9C3d9dFe3F7085119d108c790D48d19Dc,True,2,*,0,0.0,0.0,0.0,
0xC1e61B6F353a78FE5B1b67688dED3582e166b0CD,True,2,*,0,0.0,0.0,0.0,unpriced CAT
0xC3599d3506560c3D02815f32B5622640D074F26f,True,2,*,0,0.0,0.0,0.0,unpriced CAT
0xE6C7F52DbA6e686A2F6e09B5Cb76657CA311F850,True,2,*,0,0.0,0.0,0.0,unpriced CAT
0xEABFe4b0028dC5139766F8aA76E63709946687a8,True,2,*,0,0.0,0.0,0.0,unpriced CAT
0xECc48F01E10afCA7d785145F25Ce4707Bd32c32d,True,2,*,0,0.0,0.0,0.0,unpriced DOG
0xf5a7cD2b86E3C867d5968D15cd87E9b1CCCB2f14,True,2,*,0,0.0,0.0,0.0,unpriced DOG
