latest_block_start.json	https://dydx-dao-api.polkachu.com	/cosmos/base/tendermint/v1beta1/blocks/latest	2026-10-09T07:00:48Z
node_info.json	https://dydx-dao-api.polkachu.com	/cosmos/base/tendermint/v1beta1/node_info	2026-10-09T07:00:49Z
gov_params_tallying.json	https://dydx-dao-api.polkachu.com	/cosmos/gov/v1/params/tallying	2026-10-09T07:00:50Z
gov_params_voting.json	https://dydx-dao-api.polkachu.com	/cosmos/gov/v1/params/voting	2026-10-09T07:00:51Z
gov_params_deposit.json	https://dydx-dao-api.polkachu.com	/cosmos/gov/v1/params/deposit	2026-10-09T07:00:52Z
gov_proposals_voting.json	https://dydx-dao-api.polkachu.com	/cosmos/gov/v1/proposals?proposal_status=PROPOSAL_STATUS_VOTING_PERIOD&pagination.limit=50	2026-10-09T07:00:53Z
staking_pool.json	https://dydx-dao-api.polkachu.com	/cosmos/staking/v1beta1/pool	2026-10-09T07:00:54Z
staking_params.json	https://dydx-dao-api.polkachu.com	/cosmos/staking/v1beta1/params	2026-10-09T07:00:54Z
validators_bonded.json	https://dydx-dao-api.polkachu.com	/cosmos/staking/v1beta1/validators?status=BOND_STATUS_BONDED&pagination.limit=100	2026-10-09T07:00:55Z
supply_adydx.json	https://dydx-dao-api.polkachu.com	/cosmos/bank/v1beta1/supply/by_denom?denom=adydx	2026-10-09T07:00:56Z
supply_all.json	https://dydx-dao-api.polkachu.com	/cosmos/bank/v1beta1/supply?pagination.limit=1000	2026-10-09T07:00:57Z
community_pool.json	https://dydx-dao-api.polkachu.com	/cosmos/distribution/v1beta1/community_pool	2026-10-09T07:00:58Z
module_accounts.json	https://dydx-dao-api.polkachu.com	/cosmos/auth/v1beta1/module_accounts?pagination.limit=200	2026-10-09T07:00:58Z
denom_traces_all.json	https://dydx-dao-api.polkachu.com	/ibc/apps/transfer/v1/denom_traces?pagination.limit=1000	2026-10-09T07:00:59Z
denom_trace_8E27BA2D.json	https://dydx-dao-api.polkachu.com	/ibc/apps/transfer/v1/denom_traces/8E27BA2D5493AF5636760E354E46004562C46AB7EC0CC4C1CA14E9E20E2545B5	2026-10-09T07:01:01Z
denom_trace_15781DDD.json	https://dydx-dao-api.polkachu.com	/ibc/apps/transfer/v1/denom_traces/15781DDDCD499274C978F31A0DBD6DA93D8EE0F7200891898549AFC7C5B5948A	2026-10-09T07:01:09Z
denom_trace_AD9B9B57.json	https://dydx-dao-api.polkachu.com	/ibc/apps/transfer/v1/denom_traces/AD9B9B572C8099DF19DC6233FAC79C0AFD20972864F258439C2A96ED7FC1B903	2026-10-09T07:01:33Z
denom_trace_E5DA7F80.json	https://dydx-dao-api.polkachu.com	/ibc/apps/transfer/v1/denom_traces/E5DA7F807E9588AA76C33C1E0A91B5D34076F7D6FA170297DFD076EB14D36C0A	2026-10-09T07:01:36Z
balances_dydx10d07y265gmmuvt4z0w9aw880jnsr700jnmapky.json	https://dydx-dao-api.polkachu.com	/cosmos/bank/v1beta1/balances/dydx10d07y265gmmuvt4z0w9aw880jnsr700jnmapky?pagination.limit=1000	2026-10-09T07:01:37Z
balances_dydx15ztc7xy42tn2ukkc0qjthkucw9ac63pgp70urn.json	https://dydx-dao-api.polkachu.com	/cosmos/bank/v1beta1/balances/dydx15ztc7xy42tn2ukkc0qjthkucw9ac63pgp70urn?pagination.limit=1000	2026-10-09T07:01:38Z
balances_dydx16j3d86dww8p2rzdlqsv7wle98cxzjxw6gjjyzn.json	https://dydx-dao-api.polkachu.com	/cosmos/bank/v1beta1/balances/dydx16j3d86dww8p2rzdlqsv7wle98cxzjxw6gjjyzn?pagination.limit=1000	2026-10-09T07:01:39Z
balances_dydx16wrau2x4tsg033xfrrdpae6kxfn9kyuerr5jjp.json	https://dydx-dao-api.polkachu.com	/cosmos/bank/v1beta1/balances/dydx16wrau2x4tsg033xfrrdpae6kxfn9kyuerr5jjp?pagination.limit=1000	2026-10-09T07:01:40Z
balances_dydx17xpfvakm2amg962yls6f84z3kell8c5leqdyt2.json	https://dydx-dao-api.polkachu.com	/cosmos/bank/v1beta1/balances/dydx17xpfvakm2amg962yls6f84z3kell8c5leqdyt2?pagination.limit=1000	2026-10-09T07:01:41Z
balances_dydx18tkxrnrkqc2t0lr3zxr5g6a4hdvqksylxqje4r.json	https://dydx-dao-api.polkachu.com	/cosmos/bank/v1beta1/balances/dydx18tkxrnrkqc2t0lr3zxr5g6a4hdvqksylxqje4r?pagination.limit=1000	2026-10-09T07:01:42Z
balances_dydx1c7ptc87hkd54e3r7zjy92q29xkq7t79w64slrq.json	https://dydx-dao-api.polkachu.com	/cosmos/bank/v1beta1/balances/dydx1c7ptc87hkd54e3r7zjy92q29xkq7t79w64slrq?pagination.limit=1000	2026-10-09T07:01:43Z
balances_dydx1fl48vsnmsdzcv85q5d2q4z5ajdha8yu3uz8teq.json	https://dydx-dao-api.polkachu.com	/cosmos/bank/v1beta1/balances/dydx1fl48vsnmsdzcv85q5d2q4z5ajdha8yu3uz8teq?pagination.limit=1000	2026-10-09T07:01:45Z
balances_dydx1jv65s3grqf6v6jl3dp4t6c9t9rk99cd8wx2cfg.json	https://dydx-dao-api.polkachu.com	/cosmos/bank/v1beta1/balances/dydx1jv65s3grqf6v6jl3dp4t6c9t9rk99cd8wx2cfg?pagination.limit=1000	2026-10-09T07:01:45Z
balances_dydx1ltyc6y4skclzafvpznpt2qjwmfwgsndp458rmp.json	https://dydx-dao-api.polkachu.com	/cosmos/bank/v1beta1/balances/dydx1ltyc6y4skclzafvpznpt2qjwmfwgsndp458rmp?pagination.limit=1000	2026-10-09T07:01:46Z
balances_dydx1tygms3xhhs3yv487phx3dw4a95jn7t7lgzm605.json	https://dydx-dao-api.polkachu.com	/cosmos/bank/v1beta1/balances/dydx1tygms3xhhs3yv487phx3dw4a95jn7t7lgzm605?pagination.limit=1000	2026-10-09T07:01:48Z
balances_dydx1v88c3xv9xyv3eetdx0tvcmq7ung3dywp5upwc6.json	https://dydx-dao-api.polkachu.com	/cosmos/bank/v1beta1/balances/dydx1v88c3xv9xyv3eetdx0tvcmq7ung3dywp5upwc6?pagination.limit=1000	2026-10-09T07:01:49Z
balances_dydx1vlthgax23ca9syk7xgaz347xmf4nunefw3cnv8.json	https://dydx-dao-api.polkachu.com	/cosmos/bank/v1beta1/balances/dydx1vlthgax23ca9syk7xgaz347xmf4nunefw3cnv8?pagination.limit=1000	2026-10-09T07:01:50Z
balances_dydx1wxje320an3karyc6mjw4zghs300dmrjkwn7xtk.json	https://dydx-dao-api.polkachu.com	/cosmos/bank/v1beta1/balances/dydx1wxje320an3karyc6mjw4zghs300dmrjkwn7xtk?pagination.limit=1000	2026-10-09T07:01:51Z
balances_dydx1yl6hdjhmkf37639730gffanpzndzdpmh8xcdh5.json	https://dydx-dao-api.polkachu.com	/cosmos/bank/v1beta1/balances/dydx1yl6hdjhmkf37639730gffanpzndzdpmh8xcdh5?pagination.limit=1000	2026-10-09T07:01:52Z
balances_dydx1zlefkpe3g0vvm9a4h0jf9000lmqutlh9jwjnsv.json	https://dydx-dao-api.polkachu.com	/cosmos/bank/v1beta1/balances/dydx1zlefkpe3g0vvm9a4h0jf9000lmqutlh9jwjnsv?pagination.limit=1000	2026-10-09T07:01:53Z
latest_block_end.json	https://dydx-dao-api.polkachu.com	/cosmos/base/tendermint/v1beta1/blocks/latest	2026-10-09T07:01:54Z
