router,routerGeneration,txHash,blockNumber,txFrom,routerCaller,victim,victimToken,attackerToken,rawAmount,traceAddress
0x8CCB1ffD5C2aa6Bd926473425Dea4c8c15DE60fd,V2,0x770bc9a1f7c32cb63a5002b9ceb5c7994cd3af0fc6b2309cb32d3c46f629daa0,25030409,0xA911Ff351B143634Dbc5aF3E204EA074583A83e3,0x61b0dAD9628D3e644eB560a5c9B0F960430E3A75,0x765DECF4Fa157756e850C1079F60801b9219Edd1,0x2260FAC5E5542a773Aa44fBCfeDf7C193bc2C599,0x2260FAC5E5542a773Aa44fBCfeDf7C193bc2C599,20000000,0
0x8CCB1ffD5C2aa6Bd926473425Dea4c8c15DE60fd,V2,0x770bc9a1f7c32cb63a5002b9ceb5c7994cd3af0fc6b2309cb32d3c46f629daa0,25030409,0xA911Ff351B143634Dbc5aF3E204EA074583A83e3,0x61b0dAD9628D3e644eB560a5c9B0F960430E3A75,0x765DECF4Fa157756e850C1079F60801b9219Edd1,0x2260FAC5E5542a773Aa44fBCfeDf7C193bc2C599,0x2260FAC5E5542a773Aa44fBCfeDf7C193bc2C599,20000000,1
0x8CCB1ffD5C2aa6Bd926473425Dea4c8c15DE60fd,V2,0x770bc9a1f7c32cb63a5002b9ceb5c7994cd3af0fc6b2309cb32d3c46f629daa0,25030409,0xA911Ff351B143634Dbc5aF3E204EA074583A83e3,0x61b0dAD9628D3e644eB560a5c9B0F960430E3A75,0x765DECF4Fa157756e850C1079F60801b9219Edd1,0x2260FAC5E5542a773Aa44fBCfeDf7C193bc2C599,0x2260FAC5E5542a773Aa44fBCfeDf7C193bc2C599,20000000,10
0x8CCB1ffD5C2aa6Bd926473425Dea4c8c15DE60fd,V2,0x770bc9a1f7c32cb63a5002b9ceb5c7994cd3af0fc6b2309cb32d3c46f629daa0,25030409,0xA911Ff351B143634Dbc5aF3E204EA074583A83e3,0x61b0dAD9628D3e644eB560a5c9B0F960430E3A75,0x765DECF4Fa157756e850C1079F60801b9219Edd1,0x2260FAC5E5542a773Aa44fBCfeDf7C193bc2C599,0x2260FAC5E5542a773Aa44fBCfeDf7C193bc2C599,20000000,11
0x8CCB1ffD5C2aa6Bd926473425Dea4c8c15DE60fd,V2,0x770bc9a1f7c32cb63a5002b9ceb5c7994cd3af0fc6b2309cb32d3c46f629daa0,25030409,0xA911Ff351B143634Dbc5aF3E204EA074583A83e3,0x61b0dAD9628D3e644eB560a5c9B0F960430E3A75,0x765DECF4Fa157756e850C1079F60801b9219Edd1,0x2260FAC5E5542a773Aa44fBCfeDf7C193bc2C599,0x2260FAC5E5542a773Aa44fBCfeDf7C193bc2C599,20000000,12
0x8CCB1ffD5C2aa6Bd926473425Dea4c8c15DE60fd,V2,0x770bc9a1f7c32cb63a5002b9ceb5c7994cd3af0fc6b2309cb32d3c46f629daa0,25030409,0xA911Ff351B143634Dbc5aF3E204EA074583A83e3,0x61b0dAD9628D3e644eB560a5c9B0F960430E3A75,0x765DECF4Fa157756e850C1079F60801b9219Edd1,0x2260FAC5E5542a773Aa44fBCfeDf7C193bc2C599,0x2260FAC5E5542a773Aa44fBCfeDf7C193bc2C599,20000000,13
0x8CCB1ffD5C2aa6Bd926473425Dea4c8c15DE60fd,V2,0x770bc9a1f7c32cb63a5002b9ceb5c7994cd3af0fc6b2309cb32d3c46f629daa0,25030409,0xA911Ff351B143634Dbc5aF3E204EA074583A83e3,0x61b0dAD9628D3e644eB560a5c9B0F960430E3A75,0x765DECF4Fa157756e850C1079F60801b9219Edd1,0x2260FAC5E5542a773Aa44fBCfeDf7C193bc2C599,0x2260FAC5E5542a773Aa44fBCfeDf7C193bc2C599,20000000,14
0x8CCB1ffD5C2aa6Bd926473425Dea4c8c15DE60fd,V2,0x770bc9a1f7c32cb63a5002b9ceb5c7994cd3af0fc6b2309cb32d3c46f629daa0,25030409,0xA911Ff351B143634Dbc5aF3E204EA074583A83e3,0x61b0dAD9628D3e644eB560a5c9B0F960430E3A75,0x765DECF4Fa157756e850C1079F60801b9219Edd1,0x2260FAC5E5542a773Aa44fBCfeDf7C193bc2C599,0x2260FAC5E5542a773Aa44fBCfeDf7C193bc2C599,20000000,15
0x8CCB1ffD5C2aa6Bd926473425Dea4c8c15DE60fd,V2,0x770bc9a1f7c32cb63a5002b9ceb5c7994cd3af0fc6b2309cb32d3c46f629daa0,25030409,0xA911Ff351B143634Dbc5aF3E204EA074583A83e3,0x61b0dAD9628D3e644eB560a5c9B0F960430E3A75,0x765DECF4Fa157756e850C1079F60801b9219Edd1,0x2260FAC5E5542a773Aa44fBCfeDf7C193bc2C599,0x2260FAC5E5542a773Aa44fBCfeDf7C193bc2C599,20000000,16
0x8CCB1ffD5C2aa6Bd926473425Dea4c8c15DE60fd,V2,0x770bc9a1f7c32cb63a5002b9ceb5c7994cd3af0fc6b2309cb32d3c46f629daa0,25030409,0xA911Ff351B143634Dbc5aF3E204EA074583A83e3,0x61b0dAD9628D3e644eB560a5c9B0F960430E3A75,0x765DECF4Fa157756e850C1079F60801b9219Edd1,0x2260FAC5E5542a773Aa44fBCfeDf7C193bc2C599,0x2260FAC5E5542a773Aa44fBCfeDf7C193bc2C599,20000000,17
0x8CCB1ffD5C2aa6Bd926473425Dea4c8c15DE60fd,V2,0x770bc9a1f7c32cb63a5002b9ceb5c7994cd3af0fc6b2309cb32d3c46f629daa0,25030409,0xA911Ff351B143634Dbc5aF3E204EA074583A83e3,0x61b0dAD9628D3e644eB560a5c9B0F960430E3A75,0x765DECF4Fa157756e850C1079F60801b9219Edd1,0x2260FAC5E5542a773Aa44fBCfeDf7C193bc2C599,0x2260FAC5E5542a773Aa44fBCfeDf7C193bc2C599,20000000,18
0x8CCB1ffD5C2aa6Bd926473425Dea4c8c15DE60fd,V2,0x770bc9a1f7c32cb63a5002b9ceb5c7994cd3af0fc6b2309cb32d3c46f629daa0,25030409,0xA911Ff351B143634Dbc5aF3E204EA074583A83e3,0x61b0dAD9628D3e644eB560a5c9B0F960430E3A75,0x765DECF4Fa157756e850C1079F60801b9219Edd1,0x2260FAC5E5542a773Aa44fBCfeDf7C193bc2C599,0x2260FAC5E5542a773Aa44fBCfeDf7C193bc2C599,20000000,19
0x8CCB1ffD5C2aa6Bd926473425Dea4c8c15DE60fd,V2,0x770bc9a1f7c32cb63a5002b9ceb5c7994cd3af0fc6b2309cb32d3c46f629daa0,25030409,0xA911Ff351B143634Dbc5aF3E204EA074583A83e3,0x61b0dAD9628D3e644eB560a5c9B0F960430E3A75,0x765DECF4Fa157756e850C1079F60801b9219Edd1,0x2260FAC5E5542a773Aa44fBCfeDf7C193bc2C599,0x2260FAC5E5542a773Aa44fBCfeDf7C193bc2C599,20000000,2
0x8CCB1ffD5C2aa6Bd926473425Dea4c8c15DE60fd,V2,0x770bc9a1f7c32cb63a5002b9ceb5c7994cd3af0fc6b2309cb32d3c46f629daa0,25030409,0xA911Ff351B143634Dbc5aF3E204EA074583A83e3,0x61b0dAD9628D3e644eB560a5c9B0F960430E3A75,0x765DECF4Fa157756e850C1079F60801b9219Edd1,0x2260FAC5E5542a773Aa44fBCfeDf7C193bc2C599,0x2260FAC5E5542a773Aa44fBCfeDf7C193bc2C599,20000000,20
0x8CCB1ffD5C2aa6Bd926473425Dea4c8c15DE60fd,V2,0x770bc9a1f7c32cb63a5002b9ceb5c7994cd3af0fc6b2309cb32d3c46f629daa0,25030409,0xA911Ff351B143634Dbc5aF3E204EA074583A83e3,0x61b0dAD9628D3e644eB560a5c9B0F960430E3A75,0x765DECF4Fa157756e850C1079F60801b9219Edd1,0x2260FAC5E5542a773Aa44fBCfeDf7C193bc2C599,0x2260FAC5E5542a773Aa44fBCfeDf7C193bc2C599,20000000,21
0x8CCB1ffD5C2aa6Bd926473425Dea4c8c15DE60fd,V2,0x770bc9a1f7c32cb63a5002b9ceb5c7994cd3af0fc6b2309cb32d3c46f629daa0,25030409,0xA911Ff351B143634Dbc5aF3E204EA074583A83e3,0x61b0dAD9628D3e644eB560a5c9B0F960430E3A75,0x765DECF4Fa157756e850C1079F60801b9219Edd1,0x2260FAC5E5542a773Aa44fBCfeDf7C193bc2C599,0x2260FAC5E5542a773Aa44fBCfeDf7C193bc2C599,20000000,22
0x8CCB1ffD5C2aa6Bd926473425Dea4c8c15DE60fd,V2,0x770bc9a1f7c32cb63a5002b9ceb5c7994cd3af0fc6b2309cb32d3c46f629daa0,25030409,0xA911Ff351B143634Dbc5aF3E204EA074583A83e3,0x61b0dAD9628D3e644eB560a5c9B0F960430E3A75,0x765DECF4Fa157756e850C1079F60801b9219Edd1,0x2260FAC5E5542a773Aa44fBCfeDf7C193bc2C599,0x2260FAC5E5542a773Aa44fBCfeDf7C193bc2C599,20000000,23
0x8CCB1ffD5C2aa6Bd926473425Dea4c8c15DE60fd,V2,0x770bc9a1f7c32cb63a5002b9ceb5c7994cd3af0fc6b2309cb32d3c46f629daa0,25030409,0xA911Ff351B143634Dbc5aF3E204EA074583A83e3,0x61b0dAD9628D3e644eB560a5c9B0F960430E3A75,0x765DECF4Fa157756e850C1079F60801b9219Edd1,0x2260FAC5E5542a773Aa44fBCfeDf7C193bc2C599,0x2260FAC5E5542a773Aa44fBCfeDf7C193bc2C599,20000000,24
0x8CCB1ffD5C2aa6Bd926473425Dea4c8c15DE60fd,V2,0x770bc9a1f7c32cb63a5002b9ceb5c7994cd3af0fc6b2309cb32d3c46f629daa0,25030409,0xA911Ff351B143634Dbc5aF3E204EA074583A83e3,0x61b0dAD9628D3e644eB560a5c9B0F960430E3A75,0x765DECF4Fa157756e850C1079F60801b9219Edd1,0x2260FAC5E5542a773Aa44fBCfeDf7C193bc2C599,0x2260FAC5E5542a773Aa44fBCfeDf7C193bc2C599,20000000,25
0x8CCB1ffD5C2aa6Bd926473425Dea4c8c15DE60fd,V2,0x770bc9a1f7c32cb63a5002b9ceb5c7994cd3af0fc6b2309cb32d3c46f629daa0,25030409,0xA911Ff351B143634Dbc5aF3E204EA074583A83e3,0x61b0dAD9628D3e644eB560a5c9B0F960430E3A75,0x765DECF4Fa157756e850C1079F60801b9219Edd1,0x2260FAC5E5542a773Aa44fBCfeDf7C193bc2C599,0x2260FAC5E5542a773Aa44fBCfeDf7C193bc2C599,20000000,26
0x8CCB1ffD5C2aa6Bd926473425Dea4c8c15DE60fd,V2,0x770bc9a1f7c32cb63a5002b9ceb5c7994cd3af0fc6b2309cb32d3c46f629daa0,25030409,0xA911Ff351B143634Dbc5aF3E204EA074583A83e3,0x61b0dAD9628D3e644eB560a5c9B0F960430E3A75,0x765DECF4Fa157756e850C1079F60801b9219Edd1,0x2260FAC5E5542a773Aa44fBCfeDf7C193bc2C599,0x2260FAC5E5542a773Aa44fBCfeDf7C193bc2C599,20000000,27
0x8CCB1ffD5C2aa6Bd926473425Dea4c8c15DE60fd,V2,0x770bc9a1f7c32cb63a5002b9ceb5c7994cd3af0fc6b2309cb32d3c46f629daa0,25030409,0xA911Ff351B143634Dbc5aF3E204EA074583A83e3,0x61b0dAD9628D3e644eB560a5c9B0F960430E3A75,0x765DECF4Fa157756e850C1079F60801b9219Edd1,0x2260FAC5E5542a773Aa44fBCfeDf7C193bc2C599,0x2260FAC5E5542a773Aa44fBCfeDf7C193bc2C599,20000000,28
0x8CCB1ffD5C2aa6Bd926473425Dea4c8c15DE60fd,V2,0x770bc9a1f7c32cb63a5002b9ceb5c7994cd3af0fc6b2309cb32d3c46f629daa0,25030409,0xA911Ff351B143634Dbc5aF3E204EA074583A83e3,0x61b0dAD9628D3e644eB560a5c9B0F960430E3A75,0x765DECF4Fa157756e850C1079F60801b9219Edd1,0x2260FAC5E5542a773Aa44fBCfeDf7C193bc2C599,0x2260FAC5E5542a773Aa44fBCfeDf7C193bc2C599,20000000,29
0x8CCB1ffD5C2aa6Bd926473425Dea4c8c15DE60fd,V2,0x770bc9a1f7c32cb63a5002b9ceb5c7994cd3af0fc6b2309cb32d3c46f629daa0,25030409,0xA911Ff351B143634Dbc5aF3E204EA074583A83e3,0x61b0dAD9628D3e644eB560a5c9B0F960430E3A75,0x765DECF4Fa157756e850C1079F60801b9219Edd1,0x2260FAC5E5542a773Aa44fBCfeDf7C193bc2C599,0x2260FAC5E5542a773Aa44fBCfeDf7C193bc2C599,20000000,3
0x8CCB1ffD5C2aa6Bd926473425Dea4c8c15DE60fd,V2,0x770bc9a1f7c32cb63a5002b9ceb5c7994cd3af0fc6b2309cb32d3c46f629daa0,25030409,0xA911Ff351B143634Dbc5aF3E204EA074583A83e3,0x61b0dAD9628D3e644eB560a5c9B0F960430E3A75,0x765DECF4Fa157756e850C1079F60801b9219Edd1,0x2260FAC5E5542a773Aa44fBCfeDf7C193bc2C599,0x2260FAC5E5542a773Aa44fBCfeDf7C193bc2C599,20000000,30
0x8CCB1ffD5C2aa6Bd926473425Dea4c8c15DE60fd,V2,0x770bc9a1f7c32cb63a5002b9ceb5c7994cd3af0fc6b2309cb32d3c46f629daa0,25030409,0xA911Ff351B143634Dbc5aF3E204EA074583A83e3,0x61b0dAD9628D3e644eB560a5c9B0F960430E3A75,0x765DECF4Fa157756e850C1079F60801b9219Edd1,0x2260FAC5E5542a773Aa44fBCfeDf7C193bc2C599,0x2260FAC5E5542a773Aa44fBCfeDf7C193bc2C599,20000000,31
0x8CCB1ffD5C2aa6Bd926473425Dea4c8c15DE60fd,V2,0x770bc9a1f7c32cb63a5002b9ceb5c7994cd3af0fc6b2309cb32d3c46f629daa0,25030409,0xA911Ff351B143634Dbc5aF3E204EA074583A83e3,0x61b0dAD9628D3e644eB560a5c9B0F960430E3A75,0x765DECF4Fa157756e850C1079F60801b9219Edd1,0x2260FAC5E5542a773Aa44fBCfeDf7C193bc2C599,0x2260FAC5E5542a773Aa44fBCfeDf7C193bc2C599,20000000,32
0x8CCB1ffD5C2aa6Bd926473425Dea4c8c15DE60fd,V2,0x770bc9a1f7c32cb63a5002b9ceb5c7994cd3af0fc6b2309cb32d3c46f629daa0,25030409,0xA911Ff351B143634Dbc5aF3E204EA074583A83e3,0x61b0dAD9628D3e644eB560a5c9B0F960430E3A75,0x765DECF4Fa157756e850C1079F60801b9219Edd1,0x2260FAC5E5542a773Aa44fBCfeDf7C193bc2C599,0x2260FAC5E5542a773Aa44fBCfeDf7C193bc2C599,20000000,33
0x8CCB1ffD5C2aa6Bd926473425Dea4c8c15DE60fd,V2,0x770bc9a1f7c32cb63a5002b9ceb5c7994cd3af0fc6b2309cb32d3c46f629daa0,25030409,0xA911Ff351B143634Dbc5aF3E204EA074583A83e3,0x61b0dAD9628D3e644eB560a5c9B0F960430E3A75,0x765DECF4Fa157756e850C1079F60801b9219Edd1,0x2260FAC5E5542a773Aa44fBCfeDf7C193bc2C599,0x2260FAC5E5542a773Aa44fBCfeDf7C193bc2C599,20000000,34
0x8CCB1ffD5C2aa6Bd926473425Dea4c8c15DE60fd,V2,0x770bc9a1f7c32cb63a5002b9ceb5c7994cd3af0fc6b2309cb32d3c46f629daa0,25030409,0xA911Ff351B143634Dbc5aF3E204EA074583A83e3,0x61b0dAD9628D3e644eB560a5c9B0F960430E3A75,0x765DECF4Fa157756e850C1079F60801b9219Edd1,0x2260FAC5E5542a773Aa44fBCfeDf7C193bc2C599,0x2260FAC5E5542a773Aa44fBCfeDf7C193bc2C599,20000000,35
0x8CCB1ffD5C2aa6Bd926473425Dea4c8c15DE60fd,V2,0x770bc9a1f7c32cb63a5002b9ceb5c7994cd3af0fc6b2309cb32d3c46f629daa0,25030409,0xA911Ff351B143634Dbc5aF3E204EA074583A83e3,0x61b0dAD9628D3e644eB560a5c9B0F960430E3A75,0x765DECF4Fa157756e850C1079F60801b9219Edd1,0x2260FAC5E5542a773Aa44fBCfeDf7C193bc2C599,0x2260FAC5E5542a773Aa44fBCfeDf7C193bc2C599,20000000,36
0x8CCB1ffD5C2aa6Bd926473425Dea4c8c15DE60fd,V2,0x770bc9a1f7c32cb63a5002b9ceb5c7994cd3af0fc6b2309cb32d3c46f629daa0,25030409,0xA911Ff351B143634Dbc5aF3E204EA074583A83e3,0x61b0dAD9628D3e644eB560a5c9B0F960430E3A75,0x765DECF4Fa157756e850C1079F60801b9219Edd1,0x2260FAC5E5542a773Aa44fBCfeDf7C193bc2C599,0x2260FAC5E5542a773Aa44fBCfeDf7C193bc2C599,20000000,37
0x8CCB1ffD5C2aa6Bd926473425Dea4c8c15DE60fd,V2,0x770bc9a1f7c32cb63a5002b9ceb5c7994cd3af0fc6b2309cb32d3c46f629daa0,25030409,0xA911Ff351B143634Dbc5aF3E204EA074583A83e3,0x61b0dAD9628D3e644eB560a5c9B0F960430E3A75,0x765DECF4Fa157756e850C1079F60801b9219Edd1,0x2260FAC5E5542a773Aa44fBCfeDf7C193bc2C599,0x2260FAC5E5542a773Aa44fBCfeDf7C193bc2C599,20000000,38
0x8CCB1ffD5C2aa6Bd926473425Dea4c8c15DE60fd,V2,0x770bc9a1f7c32cb63a5002b9ceb5c7994cd3af0fc6b2309cb32d3c46f629daa0,25030409,0xA911Ff351B143634Dbc5aF3E204EA074583A83e3,0x61b0dAD9628D3e644eB560a5c9B0F960430E3A75,0x765DECF4Fa157756e850C1079F60801b9219Edd1,0x2260FAC5E5542a773Aa44fBCfeDf7C193bc2C599,0x2260FAC5E5542a773Aa44fBCfeDf7C193bc2C599,20000000,39
0x8CCB1ffD5C2aa6Bd926473425Dea4c8c15DE60fd,V2,0x770bc9a1f7c32cb63a5002b9ceb5c7994cd3af0fc6b2309cb32d3c46f629daa0,25030409,0xA911Ff351B143634Dbc5aF3E204EA074583A83e3,0x61b0dAD9628D3e644eB560a5c9B0F960430E3A75,0x765DECF4Fa157756e850C1079F60801b9219Edd1,0x2260FAC5E5542a773Aa44fBCfeDf7C193bc2C599,0x2260FAC5E5542a773Aa44fBCfeDf7C193bc2C599,20000000,4
0x8CCB1ffD5C2aa6Bd926473425Dea4c8c15DE60fd,V2,0x770bc9a1f7c32cb63a5002b9ceb5c7994cd3af0fc6b2309cb32d3c46f629daa0,25030409,0xA911Ff351B143634Dbc5aF3E204EA074583A83e3,0x61b0dAD9628D3e644eB560a5c9B0F960430E3A75,0x765DECF4Fa157756e850C1079F60801b9219Edd1,0x2260FAC5E5542a773Aa44fBCfeDf7C193bc2C599,0x2260FAC5E5542a773Aa44fBCfeDf7C193bc2C599,20000000,40
0x8CCB1ffD5C2aa6Bd926473425Dea4c8c15DE60fd,V2,0x770bc9a1f7c32cb63a5002b9ceb5c7994cd3af0fc6b2309cb32d3c46f629daa0,25030409,0xA911Ff351B143634Dbc5aF3E204EA074583A83e3,0x61b0dAD9628D3e644eB560a5c9B0F960430E3A75,0x765DECF4Fa157756e850C1079F60801b9219Edd1,0x2260FAC5E5542a773Aa44fBCfeDf7C193bc2C599,0x2260FAC5E5542a773Aa44fBCfeDf7C193bc2C599,20000000,41
0x8CCB1ffD5C2aa6Bd926473425Dea4c8c15DE60fd,V2,0x770bc9a1f7c32cb63a5002b9ceb5c7994cd3af0fc6b2309cb32d3c46f629daa0,25030409,0xA911Ff351B143634Dbc5aF3E204EA074583A83e3,0x61b0dAD9628D3e644eB560a5c9B0F960430E3A75,0x765DECF4Fa157756e850C1079F60801b9219Edd1,0x2260FAC5E5542a773Aa44fBCfeDf7C193bc2C599,0x2260FAC5E5542a773Aa44fBCfeDf7C193bc2C599,20000000,42
0x8CCB1ffD5C2aa6Bd926473425Dea4c8c15DE60fd,V2,0x770bc9a1f7c32cb63a5002b9ceb5c7994cd3af0fc6b2309cb32d3c46f629daa0,25030409,0xA911Ff351B143634Dbc5aF3E204EA074583A83e3,0x61b0dAD9628D3e644eB560a5c9B0F960430E3A75,0x765DECF4Fa157756e850C1079F60801b9219Edd1,0x2260FAC5E5542a773Aa44fBCfeDf7C193bc2C599,0x2260FAC5E5542a773Aa44fBCfeDf7C193bc2C599,20000000,43
0x8CCB1ffD5C2aa6Bd926473425Dea4c8c15DE60fd,V2,0x770bc9a1f7c32cb63a5002b9ceb5c7994cd3af0fc6b2309cb32d3c46f629daa0,25030409,0xA911Ff351B143634Dbc5aF3E204EA074583A83e3,0x61b0dAD9628D3e644eB560a5c9B0F960430E3A75,0x765DECF4Fa157756e850C1079F60801b9219Edd1,0x2260FAC5E5542a773Aa44fBCfeDf7C193bc2C599,0x2260FAC5E5542a773Aa44fBCfeDf7C193bc2C599,20000000,44
0x8CCB1ffD5C2aa6Bd926473425Dea4c8c15DE60fd,V2,0x770bc9a1f7c32cb63a5002b9ceb5c7994cd3af0fc6b2309cb32d3c46f629daa0,25030409,0xA911Ff351B143634Dbc5aF3E204EA074583A83e3,0x61b0dAD9628D3e644eB560a5c9B0F960430E3A75,0x765DECF4Fa157756e850C1079F60801b9219Edd1,0x2260FAC5E5542a773Aa44fBCfeDf7C193bc2C599,0x2260FAC5E5542a773Aa44fBCfeDf7C193bc2C599,20000000,45
0x8CCB1ffD5C2aa6Bd926473425Dea4c8c15DE60fd,V2,0x770bc9a1f7c32cb63a5002b9ceb5c7994cd3af0fc6b2309cb32d3c46f629daa0,25030409,0xA911Ff351B143634Dbc5aF3E204EA074583A83e3,0x61b0dAD9628D3e644eB560a5c9B0F960430E3A75,0x765DECF4Fa157756e850C1079F60801b9219Edd1,0x2260FAC5E5542a773Aa44fBCfeDf7C193bc2C599,0x2260FAC5E5542a773Aa44fBCfeDf7C193bc2C599,20000000,46
0x8CCB1ffD5C2aa6Bd926473425Dea4c8c15DE60fd,V2,0x770bc9a1f7c32cb63a5002b9ceb5c7994cd3af0fc6b2309cb32d3c46f629daa0,25030409,0xA911Ff351B143634Dbc5aF3E204EA074583A83e3,0x61b0dAD9628D3e644eB560a5c9B0F960430E3A75,0x765DECF4Fa157756e850C1079F60801b9219Edd1,0x2260FAC5E5542a773Aa44fBCfeDf7C193bc2C599,0x2260FAC5E5542a773Aa44fBCfeDf7C193bc2C599,20000000,47
0x8CCB1ffD5C2aa6Bd926473425Dea4c8c15DE60fd,V2,0x770bc9a1f7c32cb63a5002b9ceb5c7994cd3af0fc6b2309cb32d3c46f629daa0,25030409,0xA911Ff351B143634Dbc5aF3E204EA074583A83e3,0x61b0dAD9628D3e644eB560a5c9B0F960430E3A75,0x765DECF4Fa157756e850C1079F60801b9219Edd1,0x2260FAC5E5542a773Aa44fBCfeDf7C193bc2C599,0x2260FAC5E5542a773Aa44fBCfeDf7C193bc2C599,20000000,48
0x8CCB1ffD5C2aa6Bd926473425Dea4c8c15DE60fd,V2,0x770bc9a1f7c32cb63a5002b9ceb5c7994cd3af0fc6b2309cb32d3c46f629daa0,25030409,0xA911Ff351B143634Dbc5aF3E204EA074583A83e3,0x61b0dAD9628D3e644eB560a5c9B0F960430E3A75,0x765DECF4Fa157756e850C1079F60801b9219Edd1,0x2260FAC5E5542a773Aa44fBCfeDf7C193bc2C599,0x2260FAC5E5542a773Aa44fBCfeDf7C193bc2C599,20000000,49
0x8CCB1ffD5C2aa6Bd926473425Dea4c8c15DE60fd,V2,0x770bc9a1f7c32cb63a5002b9ceb5c7994cd3af0fc6b2309cb32d3c46f629daa0,25030409,0xA911Ff351B143634Dbc5aF3E204EA074583A83e3,0x61b0dAD9628D3e644eB560a5c9B0F960430E3A75,0x765DECF4Fa157756e850C1079F60801b9219Edd1,0x2260FAC5E5542a773Aa44fBCfeDf7C193bc2C599,0x2260FAC5E5542a773Aa44fBCfeDf7C193bc2C599,20000000,5
0x8CCB1ffD5C2aa6Bd926473425Dea4c8c15DE60fd,V2,0x770bc9a1f7c32cb63a5002b9ceb5c7994cd3af0fc6b2309cb32d3c46f629daa0,25030409,0xA911Ff351B143634Dbc5aF3E204EA074583A83e3,0x61b0dAD9628D3e644eB560a5c9B0F960430E3A75,0x765DECF4Fa157756e850C1079F60801b9219Edd1,0x2260FAC5E5542a773Aa44fBCfeDf7C193bc2C599,0x2260FAC5E5542a773Aa44fBCfeDf7C193bc2C599,20000000,50
0x8CCB1ffD5C2aa6Bd926473425Dea4c8c15DE60fd,V2,0x770bc9a1f7c32cb63a5002b9ceb5c7994cd3af0fc6b2309cb32d3c46f629daa0,25030409,0xA911Ff351B143634Dbc5aF3E204EA074583A83e3,0x61b0dAD9628D3e644eB560a5c9B0F960430E3A75,0x765DECF4Fa157756e850C1079F60801b9219Edd1,0x2260FAC5E5542a773Aa44fBCfeDf7C193bc2C599,0x2260FAC5E5542a773Aa44fBCfeDf7C193bc2C599,20000000,51
0x8CCB1ffD5C2aa6Bd926473425Dea4c8c15DE60fd,V2,0x770bc9a1f7c32cb63a5002b9ceb5c7994cd3af0fc6b2309cb32d3c46f629daa0,25030409,0xA911Ff351B143634Dbc5aF3E204EA074583A83e3,0x61b0dAD9628D3e644eB560a5c9B0F960430E3A75,0x765DECF4Fa157756e850C1079F60801b9219Edd1,0x2260FAC5E5542a773Aa44fBCfeDf7C193bc2C599,0x2260FAC5E5542a773Aa44fBCfeDf7C193bc2C599,20000000,52
0x8CCB1ffD5C2aa6Bd926473425Dea4c8c15DE60fd,V2,0x770bc9a1f7c32cb63a5002b9ceb5c7994cd3af0fc6b2309cb32d3c46f629daa0,25030409,0xA911Ff351B143634Dbc5aF3E204EA074583A83e3,0x61b0dAD9628D3e644eB560a5c9B0F960430E3A75,0x765DECF4Fa157756e850C1079F60801b9219Edd1,0x2260FAC5E5542a773Aa44fBCfeDf7C193bc2C599,0x2260FAC5E5542a773Aa44fBCfeDf7C193bc2C599,20000000,53
0x8CCB1ffD5C2aa6Bd926473425Dea4c8c15DE60fd,V2,0x770bc9a1f7c32cb63a5002b9ceb5c7994cd3af0fc6b2309cb32d3c46f629daa0,25030409,0xA911Ff351B143634Dbc5aF3E204EA074583A83e3,0x61b0dAD9628D3e644eB560a5c9B0F960430E3A75,0x765DECF4Fa157756e850C1079F60801b9219Edd1,0x2260FAC5E5542a773Aa44fBCfeDf7C193bc2C599,0x2260FAC5E5542a773Aa44fBCfeDf7C193bc2C599,20000000,54
0x8CCB1ffD5C2aa6Bd926473425Dea4c8c15DE60fd,V2,0x770bc9a1f7c32cb63a5002b9ceb5c7994cd3af0fc6b2309cb32d3c46f629daa0,25030409,0xA911Ff351B143634Dbc5aF3E204EA074583A83e3,0x61b0dAD9628D3e644eB560a5c9B0F960430E3A75,0x765DECF4Fa157756e850C1079F60801b9219Edd1,0x2260FAC5E5542a773Aa44fBCfeDf7C193bc2C599,0x2260FAC5E5542a773Aa44fBCfeDf7C193bc2C599,20000000,55
0x8CCB1ffD5C2aa6Bd926473425Dea4c8c15DE60fd,V2,0x770bc9a1f7c32cb63a5002b9ceb5c7994cd3af0fc6b2309cb32d3c46f629daa0,25030409,0xA911Ff351B143634Dbc5aF3E204EA074583A83e3,0x61b0dAD9628D3e644eB560a5c9B0F960430E3A75,0x765DECF4Fa157756e850C1079F60801b9219Edd1,0x2260FAC5E5542a773Aa44fBCfeDf7C193bc2C599,0x2260FAC5E5542a773Aa44fBCfeDf7C193bc2C599,20000000,56
0x8CCB1ffD5C2aa6Bd926473425Dea4c8c15DE60fd,V2,0x770bc9a1f7c32cb63a5002b9ceb5c7994cd3af0fc6b2309cb32d3c46f629daa0,25030409,0xA911Ff351B143634Dbc5aF3E204EA074583A83e3,0x61b0dAD9628D3e644eB560a5c9B0F960430E3A75,0x765DECF4Fa157756e850C1079F60801b9219Edd1,0x2260FAC5E5542a773Aa44fBCfeDf7C193bc2C599,0x2260FAC5E5542a773Aa44fBCfeDf7C193bc2C599,20000000,57
0x8CCB1ffD5C2aa6Bd926473425Dea4c8c15DE60fd,V2,0x770bc9a1f7c32cb63a5002b9ceb5c7994cd3af0fc6b2309cb32d3c46f629daa0,25030409,0xA911Ff351B143634Dbc5aF3E204EA074583A83e3,0x61b0dAD9628D3e644eB560a5c9B0F960430E3A75,0x765DECF4Fa157756e850C1079F60801b9219Edd1,0x2260FAC5E5542a773Aa44fBCfeDf7C193bc2C599,0x2260FAC5E5542a773Aa44fBCfeDf7C193bc2C599,20000000,58
0x8CCB1ffD5C2aa6Bd926473425Dea4c8c15DE60fd,V2,0x770bc9a1f7c32cb63a5002b9ceb5c7994cd3af0fc6b2309cb32d3c46f629daa0,25030409,0xA911Ff351B143634Dbc5aF3E204EA074583A83e3,0x61b0dAD9628D3e644eB560a5c9B0F960430E3A75,0x765DECF4Fa157756e850C1079F60801b9219Edd1,0x2260FAC5E5542a773Aa44fBCfeDf7C193bc2C599,0x2260FAC5E5542a773Aa44fBCfeDf7C193bc2C599,20000000,59
0x8CCB1ffD5C2aa6Bd926473425Dea4c8c15DE60fd,V2,0x770bc9a1f7c32cb63a5002b9ceb5c7994cd3af0fc6b2309cb32d3c46f629daa0,25030409,0xA911Ff351B143634Dbc5aF3E204EA074583A83e3,0x61b0dAD9628D3e644eB560a5c9B0F960430E3A75,0x765DECF4Fa157756e850C1079F60801b9219Edd1,0x2260FAC5E5542a773Aa44fBCfeDf7C193bc2C599,0x2260FAC5E5542a773Aa44fBCfeDf7C193bc2C599,20000000,6
0x8CCB1ffD5C2aa6Bd926473425Dea4c8c15DE60fd,V2,0x770bc9a1f7c32cb63a5002b9ceb5c7994cd3af0fc6b2309cb32d3c46f629daa0,25030409,0xA911Ff351B143634Dbc5aF3E204EA074583A83e3,0x61b0dAD9628D3e644eB560a5c9B0F960430E3A75,0x765DECF4Fa157756e850C1079F60801b9219Edd1,0x2260FAC5E5542a773Aa44fBCfeDf7C193bc2C599,0x2260FAC5E5542a773Aa44fBCfeDf7C193bc2C599,20000000,60
0x8CCB1ffD5C2aa6Bd926473425Dea4c8c15DE60fd,V2,0x770bc9a1f7c32cb63a5002b9ceb5c7994cd3af0fc6b2309cb32d3c46f629daa0,25030409,0xA911Ff351B143634Dbc5aF3E204EA074583A83e3,0x61b0dAD9628D3e644eB560a5c9B0F960430E3A75,0x765DECF4Fa157756e850C1079F60801b9219Edd1,0x2260FAC5E5542a773Aa44fBCfeDf7C193bc2C599,0x2260FAC5E5542a773Aa44fBCfeDf7C193bc2C599,20000000,61
0x8CCB1ffD5C2aa6Bd926473425Dea4c8c15DE60fd,V2,0x770bc9a1f7c32cb63a5002b9ceb5c7994cd3af0fc6b2309cb32d3c46f629daa0,25030409,0xA911Ff351B143634Dbc5aF3E204EA074583A83e3,0x61b0dAD9628D3e644eB560a5c9B0F960430E3A75,0x765DECF4Fa157756e850C1079F60801b9219Edd1,0x2260FAC5E5542a773Aa44fBCfeDf7C193bc2C599,0x2260FAC5E5542a773Aa44fBCfeDf7C193bc2C599,20000000,62
0x8CCB1ffD5C2aa6Bd926473425Dea4c8c15DE60fd,V2,0x770bc9a1f7c32cb63a5002b9ceb5c7994cd3af0fc6b2309cb32d3c46f629daa0,25030409,0xA911Ff351B143634Dbc5aF3E204EA074583A83e3,0x61b0dAD9628D3e644eB560a5c9B0F960430E3A75,0x765DECF4Fa157756e850C1079F60801b9219Edd1,0x2260FAC5E5542a773Aa44fBCfeDf7C193bc2C599,0x2260FAC5E5542a773Aa44fBCfeDf7C193bc2C599,20000000,63
0x8CCB1ffD5C2aa6Bd926473425Dea4c8c15DE60fd,V2,0x770bc9a1f7c32cb63a5002b9ceb5c7994cd3af0fc6b2309cb32d3c46f629daa0,25030409,0xA911Ff351B143634Dbc5aF3E204EA074583A83e3,0x61b0dAD9628D3e644eB560a5c9B0F960430E3A75,0x765DECF4Fa157756e850C1079F60801b9219Edd1,0x2260FAC5E5542a773Aa44fBCfeDf7C193bc2C599,0x2260FAC5E5542a773Aa44fBCfeDf7C193bc2C599,20000000,64
0x8CCB1ffD5C2aa6Bd926473425Dea4c8c15DE60fd,V2,0x770bc9a1f7c32cb63a5002b9ceb5c7994cd3af0fc6b2309cb32d3c46f629daa0,25030409,0xA911Ff351B143634Dbc5aF3E204EA074583A83e3,0x61b0dAD9628D3e644eB560a5c9B0F960430E3A75,0x765DECF4Fa157756e850C1079F60801b9219Edd1,0x2260FAC5E5542a773Aa44fBCfeDf7C193bc2C599,0x2260FAC5E5542a773Aa44fBCfeDf7C193bc2C599,20000000,65
0x8CCB1ffD5C2aa6Bd926473425Dea4c8c15DE60fd,V2,0x770bc9a1f7c32cb63a5002b9ceb5c7994cd3af0fc6b2309cb32d3c46f629daa0,25030409,0xA911Ff351B143634Dbc5aF3E204EA074583A83e3,0x61b0dAD9628D3e644eB560a5c9B0F960430E3A75,0x765DECF4Fa157756e850C1079F60801b9219Edd1,0x2260FAC5E5542a773Aa44fBCfeDf7C193bc2C599,0x2260FAC5E5542a773Aa44fBCfeDf7C193bc2C599,20000000,66
0x8CCB1ffD5C2aa6Bd926473425Dea4c8c15DE60fd,V2,0x770bc9a1f7c32cb63a5002b9ceb5c7994cd3af0fc6b2309cb32d3c46f629daa0,25030409,0xA911Ff351B143634Dbc5aF3E204EA074583A83e3,0x61b0dAD9628D3e644eB560a5c9B0F960430E3A75,0x765DECF4Fa157756e850C1079F60801b9219Edd1,0x2260FAC5E5542a773Aa44fBCfeDf7C193bc2C599,0x2260FAC5E5542a773Aa44fBCfeDf7C193bc2C599,20000000,67
0x8CCB1ffD5C2aa6Bd926473425Dea4c8c15DE60fd,V2,0x770bc9a1f7c32cb63a5002b9ceb5c7994cd3af0fc6b2309cb32d3c46f629daa0,25030409,0xA911Ff351B143634Dbc5aF3E204EA074583A83e3,0x61b0dAD9628D3e644eB560a5c9B0F960430E3A75,0x765DECF4Fa157756e850C1079F60801b9219Edd1,0x2260FAC5E5542a773Aa44fBCfeDf7C193bc2C599,0x2260FAC5E5542a773Aa44fBCfeDf7C193bc2C599,20000000,68
0x8CCB1ffD5C2aa6Bd926473425Dea4c8c15DE60fd,V2,0x770bc9a1f7c32cb63a5002b9ceb5c7994cd3af0fc6b2309cb32d3c46f629daa0,25030409,0xA911Ff351B143634Dbc5aF3E204EA074583A83e3,0x61b0dAD9628D3e644eB560a5c9B0F960430E3A75,0x765DECF4Fa157756e850C1079F60801b9219Edd1,0x2260FAC5E5542a773Aa44fBCfeDf7C193bc2C599,0x2260FAC5E5542a773Aa44fBCfeDf7C193bc2C599,20000000,69
0x8CCB1ffD5C2aa6Bd926473425Dea4c8c15DE60fd,V2,0x770bc9a1f7c32cb63a5002b9ceb5c7994cd3af0fc6b2309cb32d3c46f629daa0,25030409,0xA911Ff351B143634Dbc5aF3E204EA074583A83e3,0x61b0dAD9628D3e644eB560a5c9B0F960430E3A75,0x765DECF4Fa157756e850C1079F60801b9219Edd1,0x2260FAC5E5542a773Aa44fBCfeDf7C193bc2C599,0x2260FAC5E5542a773Aa44fBCfeDf7C193bc2C599,20000000,7
0x8CCB1ffD5C2aa6Bd926473425Dea4c8c15DE60fd,V2,0x770bc9a1f7c32cb63a5002b9ceb5c7994cd3af0fc6b2309cb32d3c46f629daa0,25030409,0xA911Ff351B143634Dbc5aF3E204EA074583A83e3,0x61b0dAD9628D3e644eB560a5c9B0F960430E3A75,0x765DECF4Fa157756e850C1079F60801b9219Edd1,0x2260FAC5E5542a773Aa44fBCfeDf7C193bc2C599,0x2260FAC5E5542a773Aa44fBCfeDf7C193bc2C599,20000000,70
0x8CCB1ffD5C2aa6Bd926473425Dea4c8c15DE60fd,V2,0x770bc9a1f7c32cb63a5002b9ceb5c7994cd3af0fc6b2309cb32d3c46f629daa0,25030409,0xA911Ff351B143634Dbc5aF3E204EA074583A83e3,0x61b0dAD9628D3e644eB560a5c9B0F960430E3A75,0x765DECF4Fa157756e850C1079F60801b9219Edd1,0x2260FAC5E5542a773Aa44fBCfeDf7C193bc2C599,0x2260FAC5E5542a773Aa44fBCfeDf7C193bc2C599,20000000,71
0x8CCB1ffD5C2aa6Bd926473425Dea4c8c15DE60fd,V2,0x770bc9a1f7c32cb63a5002b9ceb5c7994cd3af0fc6b2309cb32d3c46f629daa0,25030409,0xA911Ff351B143634Dbc5aF3E204EA074583A83e3,0x61b0dAD9628D3e644eB560a5c9B0F960430E3A75,0x765DECF4Fa157756e850C1079F60801b9219Edd1,0x2260FAC5E5542a773Aa44fBCfeDf7C193bc2C599,0x2260FAC5E5542a773Aa44fBCfeDf7C193bc2C599,20000000,72
0x8CCB1ffD5C2aa6Bd926473425Dea4c8c15DE60fd,V2,0x770bc9a1f7c32cb63a5002b9ceb5c7994cd3af0fc6b2309cb32d3c46f629daa0,25030409,0xA911Ff351B143634Dbc5aF3E204EA074583A83e3,0x61b0dAD9628D3e644eB560a5c9B0F960430E3A75,0x765DECF4Fa157756e850C1079F60801b9219Edd1,0x2260FAC5E5542a773Aa44fBCfeDf7C193bc2C599,0x2260FAC5E5542a773Aa44fBCfeDf7C193bc2C599,20000000,73
0x8CCB1ffD5C2aa6Bd926473425Dea4c8c15DE60fd,V2,0x770bc9a1f7c32cb63a5002b9ceb5c7994cd3af0fc6b2309cb32d3c46f629daa0,25030409,0xA911Ff351B143634Dbc5aF3E204EA074583A83e3,0x61b0dAD9628D3e644eB560a5c9B0F960430E3A75,0x765DECF4Fa157756e850C1079F60801b9219Edd1,0x2260FAC5E5542a773Aa44fBCfeDf7C193bc2C599,0x2260FAC5E5542a773Aa44fBCfeDf7C193bc2C599,20000000,74
0x8CCB1ffD5C2aa6Bd926473425Dea4c8c15DE60fd,V2,0x770bc9a1f7c32cb63a5002b9ceb5c7994cd3af0fc6b2309cb32d3c46f629daa0,25030409,0xA911Ff351B143634Dbc5aF3E204EA074583A83e3,0x61b0dAD9628D3e644eB560a5c9B0F960430E3A75,0x765DECF4Fa157756e850C1079F60801b9219Edd1,0x2260FAC5E5542a773Aa44fBCfeDf7C193bc2C599,0x2260FAC5E5542a773Aa44fBCfeDf7C193bc2C599,20000000,75
0x8CCB1ffD5C2aa6Bd926473425Dea4c8c15DE60fd,V2,0x770bc9a1f7c32cb63a5002b9ceb5c7994cd3af0fc6b2309cb32d3c46f629daa0,25030409,0xA911Ff351B143634Dbc5aF3E204EA074583A83e3,0x61b0dAD9628D3e644eB560a5c9B0F960430E3A75,0x765DECF4Fa157756e850C1079F60801b9219Edd1,0x2260FAC5E5542a773Aa44fBCfeDf7C193bc2C599,0x2260FAC5E5542a773Aa44fBCfeDf7C193bc2C599,20000000,76
0x8CCB1ffD5C2aa6Bd926473425Dea4c8c15DE60fd,V2,0x770bc9a1f7c32cb63a5002b9ceb5c7994cd3af0fc6b2309cb32d3c46f629daa0,25030409,0xA911Ff351B143634Dbc5aF3E204EA074583A83e3,0x61b0dAD9628D3e644eB560a5c9B0F960430E3A75,0x765DECF4Fa157756e850C1079F60801b9219Edd1,0x2260FAC5E5542a773Aa44fBCfeDf7C193bc2C599,0x2260FAC5E5542a773Aa44fBCfeDf7C193bc2C599,20000000,77
0x8CCB1ffD5C2aa6Bd926473425Dea4c8c15DE60fd,V2,0x770bc9a1f7c32cb63a5002b9ceb5c7994cd3af0fc6b2309cb32d3c46f629daa0,25030409,0xA911Ff351B143634Dbc5aF3E204EA074583A83e3,0x61b0dAD9628D3e644eB560a5c9B0F960430E3A75,0x765DECF4Fa157756e850C1079F60801b9219Edd1,0x2260FAC5E5542a773Aa44fBCfeDf7C193bc2C599,0x2260FAC5E5542a773Aa44fBCfeDf7C193bc2C599,20000000,78
0x8CCB1ffD5C2aa6Bd926473425Dea4c8c15DE60fd,V2,0x770bc9a1f7c32cb63a5002b9ceb5c7994cd3af0fc6b2309cb32d3c46f629daa0,25030409,0xA911Ff351B143634Dbc5aF3E204EA074583A83e3,0x61b0dAD9628D3e644eB560a5c9B0F960430E3A75,0x765DECF4Fa157756e850C1079F60801b9219Edd1,0x2260FAC5E5542a773Aa44fBCfeDf7C193bc2C599,0x2260FAC5E5542a773Aa44fBCfeDf7C193bc2C599,20000000,79
0x8CCB1ffD5C2aa6Bd926473425Dea4c8c15DE60fd,V2,0x770bc9a1f7c32cb63a5002b9ceb5c7994cd3af0fc6b2309cb32d3c46f629daa0,25030409,0xA911Ff351B143634Dbc5aF3E204EA074583A83e3,0x61b0dAD9628D3e644eB560a5c9B0F960430E3A75,0x765DECF4Fa157756e850C1079F60801b9219Edd1,0x2260FAC5E5542a773Aa44fBCfeDf7C193bc2C599,0x2260FAC5E5542a773Aa44fBCfeDf7C193bc2C599,20000000,8
0x8CCB1ffD5C2aa6Bd926473425Dea4c8c15DE60fd,V2,0x770bc9a1f7c32cb63a5002b9ceb5c7994cd3af0fc6b2309cb32d3c46f629daa0,25030409,0xA911Ff351B143634Dbc5aF3E204EA074583A83e3,0x61b0dAD9628D3e644eB560a5c9B0F960430E3A75,0x765DECF4Fa157756e850C1079F60801b9219Edd1,0x2260FAC5E5542a773Aa44fBCfeDf7C193bc2C599,0x2260FAC5E5542a773Aa44fBCfeDf7C193bc2C599,20000000,80
0x8CCB1ffD5C2aa6Bd926473425Dea4c8c15DE60fd,V2,0x770bc9a1f7c32cb63a5002b9ceb5c7994cd3af0fc6b2309cb32d3c46f629daa0,25030409,0xA911Ff351B143634Dbc5aF3E204EA074583A83e3,0x61b0dAD9628D3e644eB560a5c9B0F960430E3A75,0x765DECF4Fa157756e850C1079F60801b9219Edd1,0x2260FAC5E5542a773Aa44fBCfeDf7C193bc2C599,0x2260FAC5E5542a773Aa44fBCfeDf7C193bc2C599,20000000,81
0x8CCB1ffD5C2aa6Bd926473425Dea4c8c15DE60fd,V2,0x770bc9a1f7c32cb63a5002b9ceb5c7994cd3af0fc6b2309cb32d3c46f629daa0,25030409,0xA911Ff351B143634Dbc5aF3E204EA074583A83e3,0x61b0dAD9628D3e644eB560a5c9B0F960430E3A75,0x765DECF4Fa157756e850C1079F60801b9219Edd1,0x2260FAC5E5542a773Aa44fBCfeDf7C193bc2C599,0x2260FAC5E5542a773Aa44fBCfeDf7C193bc2C599,20000000,82
0x8CCB1ffD5C2aa6Bd926473425Dea4c8c15DE60fd,V2,0x770bc9a1f7c32cb63a5002b9ceb5c7994cd3af0fc6b2309cb32d3c46f629daa0,25030409,0xA911Ff351B143634Dbc5aF3E204EA074583A83e3,0x61b0dAD9628D3e644eB560a5c9B0F960430E3A75,0x765DECF4Fa157756e850C1079F60801b9219Edd1,0x2260FAC5E5542a773Aa44fBCfeDf7C193bc2C599,0x2260FAC5E5542a773Aa44fBCfeDf7C193bc2C599,20000000,83
0x8CCB1ffD5C2aa6Bd926473425Dea4c8c15DE60fd,V2,0x770bc9a1f7c32cb63a5002b9ceb5c7994cd3af0fc6b2309cb32d3c46f629daa0,25030409,0xA911Ff351B143634Dbc5aF3E204EA074583A83e3,0x61b0dAD9628D3e644eB560a5c9B0F960430E3A75,0x765DECF4Fa157756e850C1079F60801b9219Edd1,0x2260FAC5E5542a773Aa44fBCfeDf7C193bc2C599,0x2260FAC5E5542a773Aa44fBCfeDf7C193bc2C599,20000000,84
0x8CCB1ffD5C2aa6Bd926473425Dea4c8c15DE60fd,V2,0x770bc9a1f7c32cb63a5002b9ceb5c7994cd3af0fc6b2309cb32d3c46f629daa0,25030409,0xA911Ff351B143634Dbc5aF3E204EA074583A83e3,0x61b0dAD9628D3e644eB560a5c9B0F960430E3A75,0x765DECF4Fa157756e850C1079F60801b9219Edd1,0x2260FAC5E5542a773Aa44fBCfeDf7C193bc2C599,0x2260FAC5E5542a773Aa44fBCfeDf7C193bc2C599,20000000,9
0x8CCB1ffD5C2aa6Bd926473425Dea4c8c15DE60fd,V2,0x6be1a4ef00b12357671fd7806aa734d7601678255cfc6c91dae1dec3e179496a,25030600,0xC0ffeEBABE5D496B2DDE509f9fa189C25cF29671,0x50f02612EA1F79a84ef72d6912A5452F40a88eDd,0x765DECF4Fa157756e850C1079F60801b9219Edd1,0x2260FAC5E5542a773Aa44fBCfeDf7C193bc2C599,0x2260FAC5E5542a773Aa44fBCfeDf7C193bc2C599,1484735,1/0/0/1/1
0x8CCB1ffD5C2aa6Bd926473425Dea4c8c15DE60fd,V2,0xd19dd1e3cb102cb41fdc585ee9089db5d05a701ba94e1de64b9421c0854d8167,25030710,0x56b8fb494fD2ac6DaEaf808980Cc2470Ae95F319,0x56b8fb494fD2ac6DaEaf808980Cc2470Ae95F319,0x9D5C702Ef93211090524497670F5782B09623f0d,0xA0b86991c6218b36c1d19D4a2e9Eb0cE3606eB48,0xA0b86991c6218b36c1d19D4a2e9Eb0cE3606eB48,7405000000,
0x8CCB1ffD5C2aa6Bd926473425Dea4c8c15DE60fd,V2,0xb3fce1d029f6ebe1564f22953a390e49d1d5078c4f4e808b99e6e94ecd083520,25030712,0x56b8fb494fD2ac6DaEaf808980Cc2470Ae95F319,0x56b8fb494fD2ac6DaEaf808980Cc2470Ae95F319,0x4192F6865c2bd788fE725a49c757D7dCd64Fc85E,0xA0b86991c6218b36c1d19D4a2e9Eb0cE3606eB48,0xA0b86991c6218b36c1d19D4a2e9Eb0cE3606eB48,970000000,
0x8CCB1ffD5C2aa6Bd926473425Dea4c8c15DE60fd,V2,0xd3b5944fc405521e75bdaebdba24746d9b4a757cbbeedc9ebe725dd042230ee1,25030714,0x56b8fb494fD2ac6DaEaf808980Cc2470Ae95F319,0x56b8fb494fD2ac6DaEaf808980Cc2470Ae95F319,0xdC9629AF31cA26516910D31b0C843FC6FdC8F0b7,0xA0b86991c6218b36c1d19D4a2e9Eb0cE3606eB48,0xA0b86991c6218b36c1d19D4a2e9Eb0cE3606eB48,930000000,
0x8CCB1ffD5C2aa6Bd926473425Dea4c8c15DE60fd,V2,0xe4a082b1b0baed15ec4cd4524be142aa1520ad89237232869066f1a6f9cc9ee7,25030791,0x56b8fb494fD2ac6DaEaf808980Cc2470Ae95F319,0x56b8fb494fD2ac6DaEaf808980Cc2470Ae95F319,0x6229F7195550D13Fd5B8781aa3B21C6b78Ff0F9A,0xA0b86991c6218b36c1d19D4a2e9Eb0cE3606eB48,0xA0b86991c6218b36c1d19D4a2e9Eb0cE3606eB48,264000000,
0x8CCB1ffD5C2aa6Bd926473425Dea4c8c15DE60fd,V2,0x1cb06207b21844246d5d5023f0b34f0883b858cb9260e7a585610fc8ebe0b09c,25030793,0x56b8fb494fD2ac6DaEaf808980Cc2470Ae95F319,0x56b8fb494fD2ac6DaEaf808980Cc2470Ae95F319,0xadd179224B9895BD773e9550D84505E1365427Ea,0xA0b86991c6218b36c1d19D4a2e9Eb0cE3606eB48,0xA0b86991c6218b36c1d19D4a2e9Eb0cE3606eB48,53000000,
0x8CCB1ffD5C2aa6Bd926473425Dea4c8c15DE60fd,V2,0x74d73fbffafcecbd27514043ed9e6ec10252daaa5a040698c80c2c52bccb54cd,25030801,0x56b8fb494fD2ac6DaEaf808980Cc2470Ae95F319,0x56b8fb494fD2ac6DaEaf808980Cc2470Ae95F319,0xf6Ae934ddBEC4184f924BE503c366473797F44ee,0xA0b86991c6218b36c1d19D4a2e9Eb0cE3606eB48,0xA0b86991c6218b36c1d19D4a2e9Eb0cE3606eB48,63000000,
0x8CCB1ffD5C2aa6Bd926473425Dea4c8c15DE60fd,V2,0xb99e082074d861b366032a52f0753c53bf9580887ecd8a81be92903e2ccebde1,25030847,0x1e7Bd709fb53ef70F6B6f9C04b1bd2e77d0dE29A,0xD82366E672D437f095a7277e5Ae136A8e0c2e333,0x300afbE08EE4619EC93524f9255CE59a013a5b63,0xA0b86991c6218b36c1d19D4a2e9Eb0cE3606eB48,0xA0b86991c6218b36c1d19D4a2e9Eb0cE3606eB48,51527625,1/2
0x8CCB1ffD5C2aa6Bd926473425Dea4c8c15DE60fd,V2,0xb99e082074d861b366032a52f0753c53bf9580887ecd8a81be92903e2ccebde1,25030847,0x1e7Bd709fb53ef70F6B6f9C04b1bd2e77d0dE29A,0xD82366E672D437f095a7277e5Ae136A8e0c2e333,0x8B3997e0a91DDF63585aBbC032C406F47ad45633,0xA0b86991c6218b36c1d19D4a2e9Eb0cE3606eB48,0xA0b86991c6218b36c1d19D4a2e9Eb0cE3606eB48,29658979,1/5
0x8CCB1ffD5C2aa6Bd926473425Dea4c8c15DE60fd,V2,0xb99e082074d861b366032a52f0753c53bf9580887ecd8a81be92903e2ccebde1,25030847,0x1e7Bd709fb53ef70F6B6f9C04b1bd2e77d0dE29A,0xD82366E672D437f095a7277e5Ae136A8e0c2e333,0x0DE3f84782427380c6588A9dCA8675A5c40893Cb,0xA0b86991c6218b36c1d19D4a2e9Eb0cE3606eB48,0xA0b86991c6218b36c1d19D4a2e9Eb0cE3606eB48,22000000,1/8
0x8CCB1ffD5C2aa6Bd926473425Dea4c8c15DE60fd,V2,0xf4431b44643642049678e6db7aadcd1d219201c1da43e0aac528f2a585b95bc7,25030902,0x43dEbe92A7A32DCa999593fAd617dBD2e6b080a5,0x5B5A0580bcfd3673820Bb249514234aFAD33e209,0x765DECF4Fa157756e850C1079F60801b9219Edd1,0xcbB7C0000aB88B473b1f5aFd9ef808440eed33Bf,0xcbB7C0000aB88B473b1f5aFd9ef808440eed33Bf,14757120,1/1/2
0x8CCB1ffD5C2aa6Bd926473425Dea4c8c15DE60fd,V2,0xf4431b44643642049678e6db7aadcd1d219201c1da43e0aac528f2a585b95bc7,25030902,0x43dEbe92A7A32DCa999593fAd617dBD2e6b080a5,0x5B5A0580bcfd3673820Bb249514234aFAD33e209,0x765DECF4Fa157756e850C1079F60801b9219Edd1,0xcbB7C0000aB88B473b1f5aFd9ef808440eed33Bf,0xcbB7C0000aB88B473b1f5aFd9ef808440eed33Bf,14757120,1/1/3
0x8CCB1ffD5C2aa6Bd926473425Dea4c8c15DE60fd,V2,0x6c62cfbdbedde1decd1642b9636ec5aefe9d4e5ae6cf9dcaaf90703cdd91ae4b,25031012,0xdfAc7733c205C3A2a5E202293ebB37E4633BC286,0xdfAc7733c205C3A2a5E202293ebB37E4633BC286,0x765DECF4Fa157756e850C1079F60801b9219Edd1,0xcbB7C0000aB88B473b1f5aFd9ef808440eed33Bf,0xcbB7C0000aB88B473b1f5aFd9ef808440eed33Bf,4872234,
0x4F168f17923435c999f5C8565ACAb52C2218EdF2,V3,0x3fa262c8c97362a91f5c5f779bcafcb08310b7162c2d12ba5d213a1026f715e8,25031034,0xcccc640018f8c2b00fa45F456017AD2378Eb3447,0xcccc640018f8c2b00fa45F456017AD2378Eb3447,0x67D2c5E0c19AfdCBa7E3AAd3D10A07F82C167106,0xA0b86991c6218b36c1d19D4a2e9Eb0cE3606eB48,0xA0b86991c6218b36c1d19D4a2e9Eb0cE3606eB48,2000000000,
0x4F168f17923435c999f5C8565ACAb52C2218EdF2,V3,0xa4c4086112620dc53c12346d47b07b691524378afe5a7d7e0832f858955fab0c,25031047,0xcccc640018f8c2b00fa45F456017AD2378Eb3447,0xcccc640018f8c2b00fa45F456017AD2378Eb3447,0x3f9564E5F644e1B485B3Bc95ffbB255291eeb2df,0xA0b86991c6218b36c1d19D4a2e9Eb0cE3606eB48,0xA0b86991c6218b36c1d19D4a2e9Eb0cE3606eB48,2758000000,
0x4F168f17923435c999f5C8565ACAb52C2218EdF2,V3,0x6a96ebea701da9c9dd23ae8d8d2c3653d680398552ac2fd8f00187baeea86d9e,25031061,0xcccc640018f8c2b00fa45F456017AD2378Eb3447,0xcccc640018f8c2b00fa45F456017AD2378Eb3447,0x9D5C702Ef93211090524497670F5782B09623f0d,0xA0b86991c6218b36c1d19D4a2e9Eb0cE3606eB48,0xA0b86991c6218b36c1d19D4a2e9Eb0cE3606eB48,2671000000,
0x4F168f17923435c999f5C8565ACAb52C2218EdF2,V3,0x71efc8be3c1c0a4dd68fc91539f7995db548f01db07dd6b78db2cedda9171a43,25031069,0xcccc640018f8c2b00fa45F456017AD2378Eb3447,0xcccc640018f8c2b00fa45F456017AD2378Eb3447,0xb9c967Aa41292Ff7aFE2AdCD0eE04D302A88e8dD,0xA0b86991c6218b36c1d19D4a2e9Eb0cE3606eB48,0xA0b86991c6218b36c1d19D4a2e9Eb0cE3606eB48,1000000000,
0x4F168f17923435c999f5C8565ACAb52C2218EdF2,V3,0xe8c3328d7d996c4c9c2803ad33cf6128c0f6a27afd7c732fd34e55da94f80389,25031081,0xcccc640018f8c2b00fa45F456017AD2378Eb3447,0xcccc640018f8c2b00fa45F456017AD2378Eb3447,0x9A80E3B4EAa6a0cdce51D3548CfB27F06De43819,0xA0b86991c6218b36c1d19D4a2e9Eb0cE3606eB48,0xA0b86991c6218b36c1d19D4a2e9Eb0cE3606eB48,910000000,
0x4F168f17923435c999f5C8565ACAb52C2218EdF2,V3,0xa3a6c5dd9120e6641c8462217b1584952f6c63b07d07f27a34870d3da9a8df71,25031083,0xcccc640018f8c2b00fa45F456017AD2378Eb3447,0xcccc640018f8c2b00fa45F456017AD2378Eb3447,0x1D088bd797234564633f30cCD44A6A1518C5B533,0xA0b86991c6218b36c1d19D4a2e9Eb0cE3606eB48,0xA0b86991c6218b36c1d19D4a2e9Eb0cE3606eB48,996000000,
0x8CCB1ffD5C2aa6Bd926473425Dea4c8c15DE60fd,V2,0xfa5737e2dfd5fc24da8b98270b841470d57cdda5ad6652908016d37b93e15c8e,25031114,0x0000000000004F3D8AAf9175fD824CB00aD4bf80,0x000000000000Bb1B11e5Ac8099E92e366B64c133,0xa3C1C91403F0026b9dd086882aDbC8Cdbc3b3cfB,0x514910771AF9Ca656af840dff83E8264EcF986CA,0x514910771AF9Ca656af840dff83E8264EcF986CA,550329927867664502,1/0/4
0x8CCB1ffD5C2aa6Bd926473425Dea4c8c15DE60fd,V2,0x439ef7f5cee4a37a3ac33928edf7c918ea3617a2b0eaa09a1df4bd24ab8ea402,25031135,0x0000000000004F3D8AAf9175fD824CB00aD4bf80,0x000000000000Bb1B11e5Ac8099E92e366B64c133,0x9D5C702Ef93211090524497670F5782B09623f0d,0x04C46E830Bb56ce22735d5d8Fc9CB90309317d0f,0x04C46E830Bb56ce22735d5d8Fc9CB90309317d0f,758596396128683675309,1
0x4F168f17923435c999f5C8565ACAb52C2218EdF2,V3,0x7ae6d23732614e881f0c85440366edc2d05f3f58721e473df0b72b28fe06dc20,25031193,0x0000000000004F3D8AAf9175fD824CB00aD4bf80,0x000000000000Bb1B11e5Ac8099E92e366B64c133,0x6954ba40D5787041D7D1DBc091E0197C6566E910,0x04C46E830Bb56ce22735d5d8Fc9CB90309317d0f,0x04C46E830Bb56ce22735d5d8Fc9CB90309317d0f,1034011554046493115182,1
0x4F168f17923435c999f5C8565ACAb52C2218EdF2,V3,0x7ae6d23732614e881f0c85440366edc2d05f3f58721e473df0b72b28fe06dc20,25031193,0x0000000000004F3D8AAf9175fD824CB00aD4bf80,0x000000000000Bb1B11e5Ac8099E92e366B64c133,0x6954ba40D5787041D7D1DBc091E0197C6566E910,0x04C46E830Bb56ce22735d5d8Fc9CB90309317d0f,0x04C46E830Bb56ce22735d5d8Fc9CB90309317d0f,1034011554046493115182,2
0x4F168f17923435c999f5C8565ACAb52C2218EdF2,V3,0x7ae6d23732614e881f0c85440366edc2d05f3f58721e473df0b72b28fe06dc20,25031193,0x0000000000004F3D8AAf9175fD824CB00aD4bf80,0x000000000000Bb1B11e5Ac8099E92e366B64c133,0x6954ba40D5787041D7D1DBc091E0197C6566E910,0x04C46E830Bb56ce22735d5d8Fc9CB90309317d0f,0x04C46E830Bb56ce22735d5d8Fc9CB90309317d0f,1034011554046493115182,3
0x4F168f17923435c999f5C8565ACAb52C2218EdF2,V3,0xc9696fae124c0a2df20fd9b475153ac166851b5a244b1e41c7ffc1aea3ad2863,25031195,0x0000000000004F3D8AAf9175fD824CB00aD4bf80,0x000000000000Bb1B11e5Ac8099E92e366B64c133,0x282c8d5CAD767a93e1E042E33E7A15877A8E6A1b,0x04C46E830Bb56ce22735d5d8Fc9CB90309317d0f,0x04C46E830Bb56ce22735d5d8Fc9CB90309317d0f,539972233043839505691,1
0x4F168f17923435c999f5C8565ACAb52C2218EdF2,V3,0xc9696fae124c0a2df20fd9b475153ac166851b5a244b1e41c7ffc1aea3ad2863,25031195,0x0000000000004F3D8AAf9175fD824CB00aD4bf80,0x000000000000Bb1B11e5Ac8099E92e366B64c133,0x282c8d5CAD767a93e1E042E33E7A15877A8E6A1b,0x04C46E830Bb56ce22735d5d8Fc9CB90309317d0f,0x04C46E830Bb56ce22735d5d8Fc9CB90309317d0f,539972233043839505691,2
0x4F168f17923435c999f5C8565ACAb52C2218EdF2,V3,0xc9696fae124c0a2df20fd9b475153ac166851b5a244b1e41c7ffc1aea3ad2863,25031195,0x0000000000004F3D8AAf9175fD824CB00aD4bf80,0x000000000000Bb1B11e5Ac8099E92e366B64c133,0x282c8d5CAD767a93e1E042E33E7A15877A8E6A1b,0x04C46E830Bb56ce22735d5d8Fc9CB90309317d0f,0x04C46E830Bb56ce22735d5d8Fc9CB90309317d0f,539972233043839505691,3
0x4F168f17923435c999f5C8565ACAb52C2218EdF2,V3,0x987ce917d1a3e26e6f9bf42950afde34b3ac828dcf0b1954f945e3fb08dcf6f7,25031202,0x0000000000004F3D8AAf9175fD824CB00aD4bf80,0x000000000000Bb1B11e5Ac8099E92e366B64c133,0x59653fd9713a30C54237A6FD21fD97BA141aBbe0,0x04C46E830Bb56ce22735d5d8Fc9CB90309317d0f,0x04C46E830Bb56ce22735d5d8Fc9CB90309317d0f,110999999247542061537,1
0x4F168f17923435c999f5C8565ACAb52C2218EdF2,V3,0x987ce917d1a3e26e6f9bf42950afde34b3ac828dcf0b1954f945e3fb08dcf6f7,25031202,0x0000000000004F3D8AAf9175fD824CB00aD4bf80,0x000000000000Bb1B11e5Ac8099E92e366B64c133,0x59653fd9713a30C54237A6FD21fD97BA141aBbe0,0x04C46E830Bb56ce22735d5d8Fc9CB90309317d0f,0x04C46E830Bb56ce22735d5d8Fc9CB90309317d0f,110999999247542061537,2
0x4F168f17923435c999f5C8565ACAb52C2218EdF2,V3,0x987ce917d1a3e26e6f9bf42950afde34b3ac828dcf0b1954f945e3fb08dcf6f7,25031202,0x0000000000004F3D8AAf9175fD824CB00aD4bf80,0x000000000000Bb1B11e5Ac8099E92e366B64c133,0x59653fd9713a30C54237A6FD21fD97BA141aBbe0,0x04C46E830Bb56ce22735d5d8Fc9CB90309317d0f,0x04C46E830Bb56ce22735d5d8Fc9CB90309317d0f,110999999247542061537,3
0x4F168f17923435c999f5C8565ACAb52C2218EdF2,V3,0xd88b3378d535fbe218d7899112d6bc6c9f0c99cf8d7913704374e700c1cc7bd2,25031390,0x0000000000004F3D8AAf9175fD824CB00aD4bf80,0x000000000000Bb1B11e5Ac8099E92e366B64c133,0xb0d3ad8bb824b124d5BD9d0d56ca2298C2172e8f,0xdAC17F958D2ee523a2206206994597C13D831ec7,0xdAC17F958D2ee523a2206206994597C13D831ec7,88999986,1/0/4
0x8CCB1ffD5C2aa6Bd926473425Dea4c8c15DE60fd,V2,0x905f79bba572b7b740c03c88256125951d82707d8318a83133a273f6344ec110,25032345,0xE7E7CA0E19F023d09542bFebE4Fe0b8Ae8ea5D03,0x00000F91109c4d0007e90000D9facAD5298A0CAc,0xa3C1C91403F0026b9dd086882aDbC8Cdbc3b3cfB,0xA0b86991c6218b36c1d19D4a2e9Eb0cE3606eB48,0xA0b86991c6218b36c1d19D4a2e9Eb0cE3606eB48,12000000,0
0x8CCB1ffD5C2aa6Bd926473425Dea4c8c15DE60fd,V2,0xbc149360d351bb141821f901b3dc7277085710f729fcd021bfe9a5da94b3c3f8,25032388,0x000040D6c85A13a1AA74565FDe87e499dC023C6f,0x000040D6c85A13a1AA74565FDe87e499dC023C6f,0xdC9629AF31cA26516910D31b0C843FC6FdC8F0b7,0xA0b86991c6218b36c1d19D4a2e9Eb0cE3606eB48,0xA0b86991c6218b36c1d19D4a2e9Eb0cE3606eB48,6000000,
0x8CCB1ffD5C2aa6Bd926473425Dea4c8c15DE60fd,V2,0x09644d0d5f19a520aedcfe16c3a4a11e4caa191a13612b7a32da2027d574f2e8,25032390,0x000040D6c85A13a1AA74565FDe87e499dC023C6f,0x000040D6c85A13a1AA74565FDe87e499dC023C6f,0x9a40cc1bf43d2A70913E2bF5eE599C82006a2482,0xA0b86991c6218b36c1d19D4a2e9Eb0cE3606eB48,0xA0b86991c6218b36c1d19D4a2e9Eb0cE3606eB48,4000000,
0x8CCB1ffD5C2aa6Bd926473425Dea4c8c15DE60fd,V2,0x45df4a840ad3daf70c8bcb2b77efa9ed3de20af7aefb723de1ff3f58765986a1,25032410,0x000040D6c85A13a1AA74565FDe87e499dC023C6f,0x000040D6c85A13a1AA74565FDe87e499dC023C6f,0x37e6F903fa568BD3e8f49106A6912ae177de531F,0xdAC17F958D2ee523a2206206994597C13D831ec7,0xdAC17F958D2ee523a2206206994597C13D831ec7,1569968,
0x8CCB1ffD5C2aa6Bd926473425Dea4c8c15DE60fd,V2,0xdfdcf9f39bb4c00fe3db1d2a686b2131ed150c0552e586174d6b6b27d8cc699d,25032669,0x000040D6c85A13a1AA74565FDe87e499dC023C6f,0x000040D6c85A13a1AA74565FDe87e499dC023C6f,0x99935B671af8fFc9A9eD042E4663a135dA477b6c,0xdAC17F958D2ee523a2206206994597C13D831ec7,0xdAC17F958D2ee523a2206206994597C13D831ec7,1000000,
0x4F168f17923435c999f5C8565ACAb52C2218EdF2,V3,0x296f94958b7bfa938930dffc78ea5ac03497d29c21dac7be5a09a1e7d567fe8e,25033001,0x000040D6c85A13a1AA74565FDe87e499dC023C6f,0x000040D6c85A13a1AA74565FDe87e499dC023C6f,0xa3653544812105B666a11b2D98c64CAbF8cBAEec,0xA0b86991c6218b36c1d19D4a2e9Eb0cE3606eB48,0xA0b86991c6218b36c1d19D4a2e9Eb0cE3606eB48,8870000,
0x4F168f17923435c999f5C8565ACAb52C2218EdF2,V3,0x750b2bb2fdacbcd5d88f9aada9883f98322d8e3dbf41443064acc72d808c7d88,25033009,0x000040D6c85A13a1AA74565FDe87e499dC023C6f,0x000040D6c85A13a1AA74565FDe87e499dC023C6f,0x765Ccb397c36d5767BAfddB7865497EC7AA1367d,0xA0b86991c6218b36c1d19D4a2e9Eb0cE3606eB48,0xA0b86991c6218b36c1d19D4a2e9Eb0cE3606eB48,2370000,
0x4F168f17923435c999f5C8565ACAb52C2218EdF2,V3,0x536d65d957dfdd9e5368462714fc06233d54150de1034dfa469ec36b3ca1fb84,25033230,0x000040D6c85A13a1AA74565FDe87e499dC023C6f,0x000040D6c85A13a1AA74565FDe87e499dC023C6f,0xfC011860c9E4B840AB97c2c3936611c88fcE3673,0x2260FAC5E5542a773Aa44fBCfeDf7C193bc2C599,0x2260FAC5E5542a773Aa44fBCfeDf7C193bc2C599,99000,
0x4F168f17923435c999f5C8565ACAb52C2218EdF2,V3,0xb43e1c92bf63f786788b117b89cddcc4665ed5ef1f9ba657494a8b1610edcbe6,25034984,0xc5eE93380C39D281BA731025D047Ca1c3Dacc495,0xc5eE93380C39D281BA731025D047Ca1c3Dacc495,0x1C3949EF079A741974a8EaB0779F8F6A1D1C1001,0x7C5097b11B7Bc856f603Fb60287833cf9a829fe3,0x04C46E830Bb56ce22735d5d8Fc9CB90309317d0f,5417488498305846470,
0x4F168f17923435c999f5C8565ACAb52C2218EdF2,V3,0x61bc7e36df11dca3a3bda602e6867d612d6694b529607fb1b4ae232e212fb8aa,25034984,0xc5eE93380C39D281BA731025D047Ca1c3Dacc495,0xc5eE93380C39D281BA731025D047Ca1c3Dacc495,0x95a3afd9B4548B05b78913c840BAe714007f7696,0x7C5097b11B7Bc856f603Fb60287833cf9a829fe3,0x04C46E830Bb56ce22735d5d8Fc9CB90309317d0f,10388749244921397061,
0x8CCB1ffD5C2aa6Bd926473425Dea4c8c15DE60fd,V2,0xbbc19cb3dbf3676841368a31955df2877991b2ee453a8f597a7d61c326644d2a,25036512,0x843709c07e8970d2113Eb51F6458fd6d0490e075,0xcC677aabB6A6b4CA99B66878649F85AD0b35Bb0B,0x93C10b5B55ACA304086De9D0de20461bCE998cBB,0xA0b86991c6218b36c1d19D4a2e9Eb0cE3606eB48,0xA0b86991c6218b36c1d19D4a2e9Eb0cE3606eB48,106,2
0x8F52903D17E2D8d6c77D1A1DE0Cc975b6b5a0D15,V2,0x974fd0fa282254b3c6a28cac99463ada2dc25494d42e20725abbc03f1b44c3e9,25036861,0xA0aA9C1ebbD12018F0f14481a1852BC7BD944B61,0xA0aA9C1ebbD12018F0f14481a1852BC7BD944B61,0xd36581554Fe70B946bC2708B772CfA30C8A6AddA,0xA0b86991c6218b36c1d19D4a2e9Eb0cE3606eB48,0x0000000000000000000000000000000000000000,392780760,
0x8CCB1ffD5C2aa6Bd926473425Dea4c8c15DE60fd,V2,0x757209923b916cdc88836cc422534ecd3221b1a9a53030779f33ae9f68b2524d,25038022,0x843709c07e8970d2113Eb51F6458fd6d0490e075,0xcC677aabB6A6b4CA99B66878649F85AD0b35Bb0B,0x93C10b5B55ACA304086De9D0de20461bCE998cBB,0xA0b86991c6218b36c1d19D4a2e9Eb0cE3606eB48,0xA0b86991c6218b36c1d19D4a2e9Eb0cE3606eB48,106,2
0x8CCB1ffD5C2aa6Bd926473425Dea4c8c15DE60fd,V2,0xcc66462e643a1ca855fac781ef3114b1dab5c9abc87da4169682558979d0a47d,25038216,0x843709c07e8970d2113Eb51F6458fd6d0490e075,0xcC677aabB6A6b4CA99B66878649F85AD0b35Bb0B,0xa8b560111194192194c344F859d1C0A248747A6C,0xdAC17F958D2ee523a2206206994597C13D831ec7,0xdAC17F958D2ee523a2206206994597C13D831ec7,407008,2
0x8CCB1ffD5C2aa6Bd926473425Dea4c8c15DE60fd,V2,0x5cdf0eea5a3b8906d3edd26e6bbbbdef3200d5f301b855932e70ca2842bf44d5,25038241,0x681878dc5aBaa70D182B3E1c4D6A3Fd1e16922c0,0x681878dc5aBaa70D182B3E1c4D6A3Fd1e16922c0,0xa8b560111194192194c344F859d1C0A248747A6C,0xdAC17F958D2ee523a2206206994597C13D831ec7,0xdAC17F958D2ee523a2206206994597C13D831ec7,407008,0
0x8CCB1ffD5C2aa6Bd926473425Dea4c8c15DE60fd,V2,0x38f4e05a8778feb227432eeb230ffc440260da2b8aac31538bb4d20b19018fb0,25038290,0x843709c07e8970d2113Eb51F6458fd6d0490e075,0xcC677aabB6A6b4CA99B66878649F85AD0b35Bb0B,0x93C10b5B55ACA304086De9D0de20461bCE998cBB,0xA0b86991c6218b36c1d19D4a2e9Eb0cE3606eB48,0xA0b86991c6218b36c1d19D4a2e9Eb0cE3606eB48,106,2
0x8CCB1ffD5C2aa6Bd926473425Dea4c8c15DE60fd,V2,0x6ae0c358ad7eefbe616f46a1b0603b0a7351cf75e8bd3699659c549d0ea7d5b7,25038302,0x843709c07e8970d2113Eb51F6458fd6d0490e075,0xcC677aabB6A6b4CA99B66878649F85AD0b35Bb0B,0x93C10b5B55ACA304086De9D0de20461bCE998cBB,0xA0b86991c6218b36c1d19D4a2e9Eb0cE3606eB48,0xA0b86991c6218b36c1d19D4a2e9Eb0cE3606eB48,106,2
0x8CCB1ffD5C2aa6Bd926473425Dea4c8c15DE60fd,V2,0x925f61dd7e1f6c399f467d83fd3ba82b26c0c01cbc608b32075abbecc452e864,25039045,0x000040D6c85A13a1AA74565FDe87e499dC023C6f,0x000040D6c85A13a1AA74565FDe87e499dC023C6f,0x9a40cc1bf43d2A70913E2bF5eE599C82006a2482,0xA0b86991c6218b36c1d19D4a2e9Eb0cE3606eB48,0xA0b86991c6218b36c1d19D4a2e9Eb0cE3606eB48,800000,
