addr,label,admin,usd,class,top
archway1n7th4uled3kedq5el4jdna6g7wldzs5w04jz2t57h4xrkuxjhu6sdsp6jx,Eco Grants 2,,24796.62,arch,aarch:24797
archway14yvueckgszstlywthn85cmacpsnggatfhr72t00rtsew2adu32lqmqtgvv,Eco Grants 4,,24796.62,arch,aarch:24797
archway1m9qnt8hc4yda7kyf4epucvvygaejryxhy09kr4fcm5rqwgt678qqt7nh2m,Eco Grants 3,,24796.62,arch,aarch:24797
archway1qxggkw5v33yefppsckd0ttentdhwuqwn2gppnw5dwldtekytvm3szhqvez,genesis-airdrop,archway1kc469yvxas245rh2r02vu5r39l9z6xcn2x4qxmr5lt49v5z7rkkqn7eq3g,12004.26,arch,aarch:12004
archway1veyhlw3fhmkeq42fkauq94ztqplyr9v06c0x84npygcqftk6tfjsmhdag0,Eco Grants 1,,9236.83,arch,aarch:9237
archway1e6tkud3yk0h68726qnqz8l8lx3dfghtvkdsupq09jgr79xnztvese9hpsy,vesting,archway1wug8sewp6cedgkmrmvhl3lf3tulagm9hnvy8p0rppz9yjw0g4wtqukxvuk,8448.83,arch,aarch:8449
archway102gh7tqaeptt88nckg73mfx8j8du64hw4qqm53zwwykcchwar86sza46ge,astrovault-stable-pool,archway1d78gwz77n2yywvqyyekrhajzly66skuq06j3j6ptcctl5xh2e4gqa994k3,6299.75,"arch,hard-usd",ibc/43897B9739BD63E3A08A88191999C632E052724AB96BD4C74AE31375C991F48D:6300;aarch:0
archway1jny4cyteuqvhgnjplcaeuj6uvvppwzjzm9trxeurw6ry58gdlk8svx6mwl,astrovault-standard-pool,archway1d78gwz77n2yywvqyyekrhajzly66skuq06j3j6ptcctl5xh2e4gqa994k3,4923.74,"arch,hard-usd",ibc/43897B9739BD63E3A08A88191999C632E052724AB96BD4C74AE31375C991F48D:4924;aarch:0
archway1f9sxjn0qu8xylcpzlvnhrefnatndqxnrajfrnr5h97hegnmsdqhss7w6g8,Archway Growth 4,,4722.82,arch,aarch:4723
archway18ucqrylqwrcm4s82c6cymf5d3g5funhwjzyrjgehyuvmqpu5kcjsh6c4rw,vesting,archway1wug8sewp6cedgkmrmvhl3lf3tulagm9hnvy8p0rppz9yjw0g4wtqukxvuk,4261.35,arch,aarch:4261
archway1tvw007g3wradf99vdpy3e2mudxgk909mxuya63w4l739ss9nn2xse75hps,Triomf,,3395.45,arch,aarch:3395
archway1kc469yvxas245rh2r02vu5r39l9z6xcn2x4qxmr5lt49v5z7rkkqn7eq3g,Drops,,2915.03,arch,aarch:2915
archway153sv2qq5ytw2c9hhavf33gu069u8cp42t32vu8qtvgfjndra72mss465kj,vesting,archway1wug8sewp6cedgkmrmvhl3lf3tulagm9hnvy8p0rppz9yjw0g4wtqukxvuk,2241.19,arch,aarch:2241
archway1ntzkltgwdh6aj9m4jy0lpllf7w7v6nw2k9ddx84jv9a7cdclshys3f6jgt,A multisig for the Archway Liquidity Council,archway1zktcj75t42xks6m8kwn96962wpq06aq8srjzec,1925.35,arch,aarch:1925
archway1chejx4qqtvwxy6684yrsmf6pylancxqhk3vsmtleg5ta3zrffljqw5ywhk,Archway Growth 3,,1630.73,arch,aarch:1631
archway1lym737d6zvckgw56pu85j2jachd7e6y2e67ydc9sky9rl6a6kpgs2la2f3,astrovault-stable-pool,archway1d78gwz77n2yywvqyyekrhajzly66skuq06j3j6ptcctl5xh2e4gqa994k3,1368.45,"arch,major",ibc/C2CFB1C37C146CF95B0784FD518F8030FEFC76C5800105B1742FB65FFE65F873:1368;aarch:0
archway1arwkdksmjgwu2l2lm4pqmef9wsrahxlt42j89f8j5as0yj4gyt7qt7kvlk,Investor Reserve 4,,1306.44,arch,aarch:1306
archway1u760x9pqg8r26lwea6wen6ltavwdncxt936aq4hcsqgtcdq5279s6acsmv,vesting,archway1wug8sewp6cedgkmrmvhl3lf3tulagm9hnvy8p0rppz9yjw0g4wtqukxvuk,1159.44,arch,aarch:1159
archway1nhk6dl6cmvk88q3nc6egnytaxm7gsywpqxkvtsg2hkt4ea8rpn0qxnlprp,bolt-market-ibc/27394FB092D2ECCD56123C74F36E4C1F926001CEADA9CA97EA622B25F41E5EB2,archway1vu2ctevyav3wlka9yn7hmcm0xnlltklnnceqaanpuh0eete80xgsymc3ln,1070.48,"arch,hard-usd,major",ibc/43897B9739BD63E3A08A88191999C632E052724AB96BD4C74AE31375C991F48D:1070;ibc/27394FB092D2ECCD56123C74F36E4C1F926001CEADA9CA97EA622B25F41E5EB2:0;aarch:0
archway1y8ccjaz6c6sv6yarqrd96cufj4rd2plkz6manwh05rd4q57nlf8qa07mcg,vesting,archway1wug8sewp6cedgkmrmvhl3lf3tulagm9hnvy8p0rppz9yjw0g4wtqukxvuk,996.9,arch,aarch:997
archway1z424j4jhjf92dsg56qt9ws2q5znhxpakfdkzesfe2xx7qyn26v8qy37c2g,astrovault-ratio-pool,archway1d78gwz77n2yywvqyyekrhajzly66skuq06j3j6ptcctl5xh2e4gqa994k3,830.46,"arch,hard-usd",ibc/43897B9739BD63E3A08A88191999C632E052724AB96BD4C74AE31375C991F48D:830;aarch:0
archway1vq9jza8kuz80f7ypyvm3pttvpcwlsa5fvum9hxhew5u95mffknxsjy297r,astrovault-stable-pool,archway1d78gwz77n2yywvqyyekrhajzly66skuq06j3j6ptcctl5xh2e4gqa994k3,723.19,arch,aarch:723
archway172heuj2lx9d5elnr5cmkmda7g9w69f4qy7mgu97rrfk6qefmfz8qskh4rc,vesting,archway1wug8sewp6cedgkmrmvhl3lf3tulagm9hnvy8p0rppz9yjw0g4wtqukxvuk,654.9,arch,aarch:655
archway1dpdyy64efx95ckuvfnev4sd4qhnxehjjxu3fv4ppksak3cz5yg4qlxrjyc,Testnets,,652.99,arch,aarch:653
archway1l89e93mdx6f2t8z4gjlgxqmry6mhfkt2qsu3e4tjwpaqudr4sz4qj270pd,vesting,archway1wug8sewp6cedgkmrmvhl3lf3tulagm9hnvy8p0rppz9yjw0g4wtqukxvuk,646.54,arch,aarch:647
archway1g6u7zm0gykqk7aklasatgtrld5heyfqmydvvu5ne6h2lq9zx69wsyy6kfv,vesting,archway1wug8sewp6cedgkmrmvhl3lf3tulagm9hnvy8p0rppz9yjw0g4wtqukxvuk,561.87,arch,aarch:562
archway1fnw37ae9rqs9alu0z9x6jxmd3tnyvnccugks3t28gg5yuv2me4rsxs7gtl,astrovault-standard-pool,archway1d78gwz77n2yywvqyyekrhajzly66skuq06j3j6ptcctl5xh2e4gqa994k3,501.5,"arch,hard-usd",ibc/43897B9739BD63E3A08A88191999C632E052724AB96BD4C74AE31375C991F48D:501;aarch:0
archway1k680p3jgxrw3pr5as8lzryj6j3xt8tl2uq5rznrt7s0kaxwwe0xs9w6d47,vesting,archway1wug8sewp6cedgkmrmvhl3lf3tulagm9hnvy8p0rppz9yjw0g4wtqukxvuk,488.53,arch,aarch:489
archway1sasqur8fhk4y7jxzfq8xa9lphepa8nhnsqz2z3f2u5ns6ylmt3mquf84ps,astrovault-cw3-fixed-multisig-archway,,428.69,"arch,hard-usd,major",ibc/43897B9739BD63E3A08A88191999C632E052724AB96BD4C74AE31375C991F48D:135;ibc/C2CFB1C37C146CF95B0784FD518F8030FEFC76C5800105B1742FB65FFE65F873:96;aarch:80;ibc/0471F1C4E7AFD3F07702BEF6DC365268D64570F7C1FDC98EA6098DD6DE59817B:78
archway1hdm6nvy2fzl8sr52tfp6qz7590vr2jzxcmn4vxw0ze4v3yusx8gqk53d2m,TriomfB,,425.5,arch,aarch:426
archway1e6l4sh2cqpwvdgp6h99nzv9tn0ga0jvt4qlarxlqsrtfmgpdy84qt8nq32,astrovault-standard-pool,archway1d78gwz77n2yywvqyyekrhajzly66skuq06j3j6ptcctl5xh2e4gqa994k3,417.41,"arch,hard-usd",ibc/43897B9739BD63E3A08A88191999C632E052724AB96BD4C74AE31375C991F48D:417;aarch:0
archway13s2wjcgx4pxwq3kw66669jt8l4jm840hhhxk7ktpj7r98wc5hvnqraj6w3,Ambur Marketplace,archway1ast52tk2h3tcn6yhg64cj404c7hrkq4vgklntg,368.84,"arch,hard-usd",ibc/43897B9739BD63E3A08A88191999C632E052724AB96BD4C74AE31375C991F48D:367;aarch:2
archway1ypmf9324d8tmqpdyppuqlq4m07758etf740wv9y8yxcxrnyerftszftdha,vesting,archway1wug8sewp6cedgkmrmvhl3lf3tulagm9hnvy8p0rppz9yjw0g4wtqukxvuk,367.36,arch,aarch:367
archway1m7yxjq4749s9ryg8r98xwvg006dkr9wmkn8682jl2rfrtehyqewsj6zuk6,astrovault-staking-derivative,archway1d78gwz77n2yywvqyyekrhajzly66skuq06j3j6ptcctl5xh2e4gqa994k3,340.74,"arch,major",ibc/C2CFB1C37C146CF95B0784FD518F8030FEFC76C5800105B1742FB65FFE65F873:341;aarch:0
archway1p3wrpsrxldc6laecc8r3ck52cmg3chu06mmm3thqvt6exy36f79q575rsq,liquid.finance.staking,archway1fepswjwdt3heatn7nh8h88r363ay3px7xz0y5re47vfte6h49qqsvrzq5g,331.16,arch,aarch:331
archway1d8rl4za4mz4g5mgdjjtwtqxgrh6s23mprpjv4nndp2crurmc4xhqqr8mqm,vesting_archway1sknykpzvr9zq56n8597uxlclw30nzmup9447av,archway1wug8sewp6cedgkmrmvhl3lf3tulagm9hnvy8p0rppz9yjw0g4wtqukxvuk,330.62,arch,aarch:331
archway1rvwvzdg7hzlnhd0mj3fw0r0p3w2hx8ha53za6q6h9jnucun4tfwqz2m7n2,vesting,archway1wug8sewp6cedgkmrmvhl3lf3tulagm9hnvy8p0rppz9yjw0g4wtqukxvuk,271.27,arch,aarch:271
archway1gaf9nw7n8v5lpjz9caxjpps006kxfcrzcuc8y5qp4clslhven2ns2g0ule,Wrapped Noble USDC,,266.99,"arch,hard-usd",ibc/43897B9739BD63E3A08A88191999C632E052724AB96BD4C74AE31375C991F48D:267;aarch:0
archway17r3faruez552kdxy0lsjydmj0nu22mxax33azx326039hfe7pnhq4wd9cr,Archway Growth 1,,265.04,arch,aarch:265
archway10qt8wg0n7z740ssvf3urmvgtjhxpyp74hxqvqt7z226gykuus7eqzla6h5,Archway Growth 2,,264.02,arch,aarch:264
archway1fu8uvscn2907tg4nkzjh2nvwdxu8aadqymmezjk2pfkxz8ut5myq2v2n2j,vesting,archway1wug8sewp6cedgkmrmvhl3lf3tulagm9hnvy8p0rppz9yjw0g4wtqukxvuk,193.12,arch,aarch:193
archway1ugwrqc8ahw504hqjj0evr5f5antdu7ary927y66y7hness2dd0ks0y0fvn,vesting_archway1lg8ukq2ehc9k0wgjfk0afm7uea8750ypx35k4q,archway1wug8sewp6cedgkmrmvhl3lf3tulagm9hnvy8p0rppz9yjw0g4wtqukxvuk,183.84,arch,aarch:184
archway19vxp8vq8qm368dr026qxh8v82satwaf79y235lfv6wmgpwxx8dtsj56t59,vesting,archway1wug8sewp6cedgkmrmvhl3lf3tulagm9hnvy8p0rppz9yjw0g4wtqukxvuk,183.68,arch,aarch:184
archway12sdfnwj0rhmmng885959wjclawexg7cpgeye4xuk9af7k9p6aw0qmc0cue,bolt-market-ibc/43897B9739BD63E3A08A88191999C632E052724AB96BD4C74AE31375C991F48D,archway1vu2ctevyav3wlka9yn7hmcm0xnlltklnnceqaanpuh0eete80xgsymc3ln,173.82,"arch,hard-usd,major",ibc/27394FB092D2ECCD56123C74F36E4C1F926001CEADA9CA97EA622B25F41E5EB2:99;ibc/0471F1C4E7AFD3F07702BEF6DC365268D64570F7C1FDC98EA6098DD6DE59817B:27;ibc/C2CFB1C37C146CF95B0784FD518F8030FEFC76C5800105B1742FB65FFE65F873:19;ibc/9428981CEA5DA704D99DD51AAB2EC62359178392B667138CD4480B3F6585E71C:17
archway1exfwrk0t57hn8ffcwjdnh6rkp7mq0n39duhaugttf69znaeq3w3s086se7,vesting,archway1wug8sewp6cedgkmrmvhl3lf3tulagm9hnvy8p0rppz9yjw0g4wtqukxvuk,153.63,arch,aarch:154
archway19erqhx6pu6tea3k7szaqg08nv2xhrmp7aqu7j9jm54v54qcunt0q5jqtu2,Wellington,,141.25,arch,aarch:141
archway1w4dff5myjyzymk8tkpjrzj6gnv352hcdpt2dszweqnff927a9xmqlfjxjt,vesting,archway1wug8sewp6cedgkmrmvhl3lf3tulagm9hnvy8p0rppz9yjw0g4wtqukxvuk,130.3,arch,aarch:130
archway1slxnd24x8tt42m5rp2frqg5aq706sww0hj2neqkke4u0e68qz22qwh92u9,archway1yrtcld60rvzfdw89w9y5uylnkwfy2v9p5plv7f-10899954,archway1slxnd24x8tt42m5rp2frqg5aq706sww0hj2neqkke4u0e68qz22qwh92u9,121.14,"arch,hard-usd,major",ibc/43897B9739BD63E3A08A88191999C632E052724AB96BD4C74AE31375C991F48D:102;ibc/27394FB092D2ECCD56123C74F36E4C1F926001CEADA9CA97EA622B25F41E5EB2:9;ibc/0471F1C4E7AFD3F07702BEF6DC365268D64570F7C1FDC98EA6098DD6DE59817B:5;ibc/B68560022FB3CAD599224B16AAEB62FB85848A7674E40B68A0F1982F270B356E:4
archway16304knwamkhefu4y8j707htllu85ecla4re25xcyx9ctpq0puvxqpu8yf2,bolt-market-aarch,archway1vu2ctevyav3wlka9yn7hmcm0xnlltklnnceqaanpuh0eete80xgsymc3ln,115.77,"arch,hard-usd",ibc/43897B9739BD63E3A08A88191999C632E052724AB96BD4C74AE31375C991F48D:116;aarch:0
archway1rau3c2366r8laqanhx3l9hgtwumd6z43mtdj6rk859zdlpl54hlqwyzlqa,vesting,archway1wug8sewp6cedgkmrmvhl3lf3tulagm9hnvy8p0rppz9yjw0g4wtqukxvuk,113.62,arch,aarch:114
archway1qwslqcfm65ewuhfwd2zc627p67m2ra4l59n60d2lecjz3yjqn9xs8fudwx,vesting_archway1vfh5pgskq8m2zfqc0hfh2clvewj3r7dhtp26zw,archway1wug8sewp6cedgkmrmvhl3lf3tulagm9hnvy8p0rppz9yjw0g4wtqukxvuk,110.37,arch,aarch:110
archway1dp8gg24hhrpflnxyyd2wmvr00qeh25e0vm06azw0mezqgvswpagq2v6xcf,astrovault-lp-staking,archway1d78gwz77n2yywvqyyekrhajzly66skuq06j3j6ptcctl5xh2e4gqa994k3,107.37,arch,aarch:107
archway15907pq6kzpqvrgxsp2l695l9t2aepdtyu9nr0xezlj4ntwtfz7gs2gdx69,astrovault-staking-derivative,archway1d78gwz77n2yywvqyyekrhajzly66skuq06j3j6ptcctl5xh2e4gqa994k3,105.88,arch,aarch:106
archway14f8dckch7c476c89dvx9a3ytwdttqp5t2zlzw5a28fp00fn0222skt5hyc,vesting_archway17f7hasygga4llzpptadawzujwapgz55ervlmqw,archway1wug8sewp6cedgkmrmvhl3lf3tulagm9hnvy8p0rppz9yjw0g4wtqukxvuk,99.81,arch,aarch:100
archway13dhq9h9myaej7xey5xy8zv49cplh5cche4u7hs8fulmj0d8uansqj92qrv,archway1yrtcld60rvzfdw89w9y5uylnkwfy2v9p5plv7f-11332954,archway13dhq9h9myaej7xey5xy8zv49cplh5cche4u7hs8fulmj0d8uansqj92qrv,95.88,"arch,hard-usd,major",ibc/9428981CEA5DA704D99DD51AAB2EC62359178392B667138CD4480B3F6585E71C:78;aarch:9;ibc/C2CFB1C37C146CF95B0784FD518F8030FEFC76C5800105B1742FB65FFE65F873:6;ibc/27394FB092D2ECCD56123C74F36E4C1F926001CEADA9CA97EA622B25F41E5EB2:2
archway16v9et8644mhs4jwkkkhuvejjzzpuw3tnsw7x7l63sv4rx8ttq4csxeha7m,vesting,archway1wug8sewp6cedgkmrmvhl3lf3tulagm9hnvy8p0rppz9yjw0g4wtqukxvuk,93.02,arch,aarch:93
archway1zs3rndsjc8un9c4savwrmsyqnmsnmlfcqskw9v203dxp9mwsz5fqlz2cvj,vesting,archway1wug8sewp6cedgkmrmvhl3lf3tulagm9hnvy8p0rppz9yjw0g4wtqukxvuk,92.82,arch,aarch:93
archway1dzkjd4nn0fqqkua3leyaz96yfsf3aqyhu3wlxrzryzewp02j90ts4d284h,vesting,archway1wug8sewp6cedgkmrmvhl3lf3tulagm9hnvy8p0rppz9yjw0g4wtqukxvuk,87.59,arch,aarch:88
archway1ym6txahyeevfcnm0thqhwp7xuj875gnxxv4f8l093555zu6ftl4sge8p2g,vesting,archway1wug8sewp6cedgkmrmvhl3lf3tulagm9hnvy8p0rppz9yjw0g4wtqukxvuk,84.68,arch,aarch:85
archway1altxmkujjundnc4vwy489zeteqpl7sw8hzz4m0462mtk7v7kq2aqm4yymj,vesting,archway1wug8sewp6cedgkmrmvhl3lf3tulagm9hnvy8p0rppz9yjw0g4wtqukxvuk,82.82,arch,aarch:83
archway10juvx9f33necd95uwsqee360d2ppemts8cqaewnj35ya59h3fu4sph76ce,vesting,archway1wug8sewp6cedgkmrmvhl3lf3tulagm9hnvy8p0rppz9yjw0g4wtqukxvuk,82.77,arch,aarch:83
archway12k3aacdygvjuran5hz60067pgu2uuuscz3styw2zk3q4aedj0v2spz7xl4,vesting,archway1wug8sewp6cedgkmrmvhl3lf3tulagm9hnvy8p0rppz9yjw0g4wtqukxvuk,81.49,arch,aarch:81
archway1kc0q9jtky6lkpggzpdv3cp05df5lejrdn4rftke9nra3hw0nagnssdttg4,vesting,archway1wug8sewp6cedgkmrmvhl3lf3tulagm9hnvy8p0rppz9yjw0g4wtqukxvuk,71.29,arch,aarch:71
archway1t4k7mfh2gjrj8ntvqzv8x278a5nx4wfxgq6k8t4e8ptz67x7fqks5jg8gf,bolt-market-ibc/C2CFB1C37C146CF95B0784FD518F8030FEFC76C5800105B1742FB65FFE65F873,archway1vu2ctevyav3wlka9yn7hmcm0xnlltklnnceqaanpuh0eete80xgsymc3ln,70.57,"arch,hard-usd,major",ibc/43897B9739BD63E3A08A88191999C632E052724AB96BD4C74AE31375C991F48D:71;ibc/C2CFB1C37C146CF95B0784FD518F8030FEFC76C5800105B1742FB65FFE65F873:0;aarch:0
archway1kcsg2cl0x6jrf52ndng9dv6zuxev63yl3f8t8jp5ftycl7n7c93s9dcpth,vesting_archway1k532ktr374cdrpnf8afzv0uzd9j5w4qp4pa658,archway1wug8sewp6cedgkmrmvhl3lf3tulagm9hnvy8p0rppz9yjw0g4wtqukxvuk,68.46,arch,aarch:68
archway1yr9tdqe6gjyd5rfwwsx2jjcp5szygzzrenpkl0g4xy8unmwv4u0sds3jh0,vesting,archway1wug8sewp6cedgkmrmvhl3lf3tulagm9hnvy8p0rppz9yjw0g4wtqukxvuk,68.2,arch,aarch:68
archway12237299f0zfntn7mqjz665l0fjq9ad2ksyn7ud9c4jsly9phr3xqupaevw,vesting,archway1wug8sewp6cedgkmrmvhl3lf3tulagm9hnvy8p0rppz9yjw0g4wtqukxvuk,68.2,arch,aarch:68
archway14s5myt0x09unqgkn5jqcu4evg82xr6q57dw0xu2dhnjuk0q3lazss547k4,vesting,archway1wug8sewp6cedgkmrmvhl3lf3tulagm9hnvy8p0rppz9yjw0g4wtqukxvuk,68.2,arch,aarch:68
archway1hlt3ekvlfrn07p38kt3rf9kkr7dl4uf7zrlvxaj6jz5nyelr34dqnrsqpq,vesting,archway1wug8sewp6cedgkmrmvhl3lf3tulagm9hnvy8p0rppz9yjw0g4wtqukxvuk,67.83,arch,aarch:68
archway1he85n9h0mcnzhpegj76wwcyjv626tced0zkp58wakjc7d3fm50xqhaydd3,vesting,archway1wug8sewp6cedgkmrmvhl3lf3tulagm9hnvy8p0rppz9yjw0g4wtqukxvuk,67.81,arch,aarch:68
archway1k08ndhyna7krqaex9ejlkxczhf3d6fu7j0cdnh7ajdw3rhwmqutqgescl0,astrovault-staking-derivative,archway1d78gwz77n2yywvqyyekrhajzly66skuq06j3j6ptcctl5xh2e4gqa994k3,67.45,"arch,major",ibc/27394FB092D2ECCD56123C74F36E4C1F926001CEADA9CA97EA622B25F41E5EB2:67;aarch:0
archway1nwm9pjmfgmxgc4euyfps05p9pfde8vd4sm8pavy93eu9xquz27dszd8rhg,vesting,archway1wug8sewp6cedgkmrmvhl3lf3tulagm9hnvy8p0rppz9yjw0g4wtqukxvuk,66.56,arch,aarch:67
archway1c0ruv0l8krz7k0e9ll23grdhkg0cc38cq6yfejck6cfzlqyn434sz74ghc,vesting_archway1c2qdv0pfxv86egxaqhull0rgm3udqp8zja32d2,archway1wug8sewp6cedgkmrmvhl3lf3tulagm9hnvy8p0rppz9yjw0g4wtqukxvuk,65.89,arch,aarch:66
archway1fvw54y5r0l065zn20372sfdtmx0wzygjhlwqz87y3lg6epaqfcfq4gsx6r,vesting,archway1wug8sewp6cedgkmrmvhl3lf3tulagm9hnvy8p0rppz9yjw0g4wtqukxvuk,60.4,arch,aarch:60
archway18a5s28femwggrt9g8kfnf84zyxq6zrgd0q58mvaxa7rpj2fp6htq974cgz,vesting,archway1wug8sewp6cedgkmrmvhl3lf3tulagm9hnvy8p0rppz9yjw0g4wtqukxvuk,58.16,arch,aarch:58
archway1rkwdu9kskn97dn6ahmm5gsra2jluzd53muqfth9ly0upu0wa2exq2ey99j,vesting,archway1wug8sewp6cedgkmrmvhl3lf3tulagm9hnvy8p0rppz9yjw0g4wtqukxvuk,55.1,arch,aarch:55
archway1jpdjyc3c973frxkjkmvgr5ececzf9qslzrunxd2xkstem8zr338s2x2kg9,vesting,archway1wug8sewp6cedgkmrmvhl3lf3tulagm9hnvy8p0rppz9yjw0g4wtqukxvuk,55.1,arch,aarch:55
archway17ptevgk0rr06mctweh66mq54ywq62yjllwh5sg0e0f3mr5sta0zquvhxca,vesting,archway1wug8sewp6cedgkmrmvhl3lf3tulagm9hnvy8p0rppz9yjw0g4wtqukxvuk,55.1,arch,aarch:55
archway1lgprt38gkp4nvggjl0dm0e7k5lgd80e525f8rjg60tc6fk2xexcq95f8jq,vesting,archway1wug8sewp6cedgkmrmvhl3lf3tulagm9hnvy8p0rppz9yjw0g4wtqukxvuk,55.1,arch,aarch:55
archway183u9p7k37mfwgprfj88jswehjmcl3tunrw8njdtfup6kxecf3mfs4hymyc,vesting,archway1wug8sewp6cedgkmrmvhl3lf3tulagm9hnvy8p0rppz9yjw0g4wtqukxvuk,53.87,arch,aarch:54
archway1d78gwz77n2yywvqyyekrhajzly66skuq06j3j6ptcctl5xh2e4gqa994k3,astrovault-cw3-fixed-multisig-archway,,52.39,arch,aarch:52
archway1jeh4eqlsge0w8kcmjlt82rzzwe4vr5yxe69nvqt2jcgg4q4e8ypqadk2uj,vesting,archway1wug8sewp6cedgkmrmvhl3lf3tulagm9hnvy8p0rppz9yjw0g4wtqukxvuk,50.35,arch,aarch:50
archway1m6s6l9uhstdnhnetcs29da4enf8qj0nk4rdvl8gxhl0m8pudtfjsp4mkzh,vesting,archway1wug8sewp6cedgkmrmvhl3lf3tulagm9hnvy8p0rppz9yjw0g4wtqukxvuk,50.35,arch,aarch:50
archway1z3ml7wlxq6xvuq2mu5km46hzl9l3y7cmvd4ns8nctzs0tk77j4nsxgf8p7,Double_O,,48.27,arch,aarch:48
archway1erpmtyyknysnwv2sm7hesjeuxclhafs3u8pusewkyy77rvrd358set2nqk,vesting_archway1p4fgf8jg60rpr0pt44ucxv0ug9f5d70hg377cj,archway1wug8sewp6cedgkmrmvhl3lf3tulagm9hnvy8p0rppz9yjw0g4wtqukxvuk,45.92,arch,aarch:46
archway1lhgl2n9uq3thss387fphxjrfc90s3knzg9yue9nnx63at8xngyssp7very,vesting,archway1wug8sewp6cedgkmrmvhl3lf3tulagm9hnvy8p0rppz9yjw0g4wtqukxvuk,45.25,arch,aarch:45
archway1ml04utytft2pf7kpygq6ycjll56eyr9v340j64x3awrk56zldgzqkgkh20,vesting,archway1wug8sewp6cedgkmrmvhl3lf3tulagm9hnvy8p0rppz9yjw0g4wtqukxvuk,44.79,arch,aarch:45
archway1059r5se4cxn8xgpecjrgfl00hhc3auuy4v7yf725kfvyx45hmvaqzguysa,astrovault-stable-pool-lockups,archway1d78gwz77n2yywvqyyekrhajzly66skuq06j3j6ptcctl5xh2e4gqa994k3,44.53,"arch,hard-usd",ibc/43897B9739BD63E3A08A88191999C632E052724AB96BD4C74AE31375C991F48D:45;aarch:0
archway1r7zanqck9hwl8v6qpzet7llalsk0vfy504ehsu8cnf3eq4dzvd6qxqqlrp,vesting,archway1wug8sewp6cedgkmrmvhl3lf3tulagm9hnvy8p0rppz9yjw0g4wtqukxvuk,43.86,arch,aarch:44
archway18x05zkkdjh55ypn42qhahlpafxm7a7ne3zwyj6zg3fyacdqcvckqf0n5rm,vesting,archway1wug8sewp6cedgkmrmvhl3lf3tulagm9hnvy8p0rppz9yjw0g4wtqukxvuk,39.8,arch,aarch:40
archway1avwvqzu9gv86g5fxx5p2xqe0w33wklt27jusdrhszwccnfnxx0rsmzz8nu,Guzzler Club,archway1d4mz3n63m6gm608d2qctleersn2z2xumqjlj7z,37.36,arch,aarch:37
archway16hp8k6am0pz86z43t973nuwaglhux7g2qk4jwgu3aza6hxshyycqac9dyw,vesting,archway1wug8sewp6cedgkmrmvhl3lf3tulagm9hnvy8p0rppz9yjw0g4wtqukxvuk,36.89,arch,aarch:37
archway1z7evv6xsydrl28glx606rgrt8zwkxkpqa0yxlhkg94xl39zplzysslemye,bolt-market-ibc/9428981CEA5DA704D99DD51AAB2EC62359178392B667138CD4480B3F6585E71C,archway1vu2ctevyav3wlka9yn7hmcm0xnlltklnnceqaanpuh0eete80xgsymc3ln,36.3,"arch,hard-usd,major",ibc/43897B9739BD63E3A08A88191999C632E052724AB96BD4C74AE31375C991F48D:36;ibc/9428981CEA5DA704D99DD51AAB2EC62359178392B667138CD4480B3F6585E71C:0;aarch:0
archway1sdw7euv3tjzf4s3q6a8lfra8fxf9su5dd9g24trkx04lmzgxs85qcvjhax,vesting,archway1wug8sewp6cedgkmrmvhl3lf3tulagm9hnvy8p0rppz9yjw0g4wtqukxvuk,32.21,arch,aarch:32
archway14stujwyxsqddhe4wwcxx4ykkqp585lzems9rhzxyuh5k87lta8rqmsa7jz,astrovault-stable-pool,archway1d78gwz77n2yywvqyyekrhajzly66skuq06j3j6ptcctl5xh2e4gqa994k3,32.1,"arch,major",ibc/27394FB092D2ECCD56123C74F36E4C1F926001CEADA9CA97EA622B25F41E5EB2:32;aarch:0
archway19vp5wlg4ry2mh2u07d6zd8wus63m3pcvvxys45mkvr22lx3egdlqsre9z9,,,30.72,"arch,hard-usd",ibc/43897B9739BD63E3A08A88191999C632E052724AB96BD4C74AE31375C991F48D:30;aarch:0
archway1f3qmgtv408j760mk7u560uu3ply9s9gwn8wkc58wzhtassfg50fsmjxsrp,vesting,archway1wug8sewp6cedgkmrmvhl3lf3tulagm9hnvy8p0rppz9yjw0g4wtqukxvuk,30.56,arch,aarch:31
archway18lg9zakj8jreqqpk0cv5m727pgujjw6s4r7rgwxrp7gzsn3rlu9szy2p46,vesting_archway1g5kt48x2rtrdlnutqzzm5rh47p3kg44pd4y9au,archway1wug8sewp6cedgkmrmvhl3lf3tulagm9hnvy8p0rppz9yjw0g4wtqukxvuk,29.71,arch,aarch:30
archway1ywv0gxrw3kv25kn9f05dtqf6577fer5pc2vewvgcagpm5p8l4kuqc4qfp6,liquid.finance.swap,archway1fepswjwdt3heatn7nh8h88r363ay3px7xz0y5re47vfte6h49qqsvrzq5g,27.69,arch,aarch:28
archway1ymgz3t32j2h7j5rehwhac83tc0lkh8udc8yfh2y2hnqt9kn76xjq4zwfgw,astrovault-stable-pool,archway1d78gwz77n2yywvqyyekrhajzly66skuq06j3j6ptcctl5xh2e4gqa994k3,26.89,"arch,major",ibc/0471F1C4E7AFD3F07702BEF6DC365268D64570F7C1FDC98EA6098DD6DE59817B:27;aarch:0
archway1sg2kgqjhj7vyu0x9tflx4ju9vjn2x6c7g39vx3tv9ethfg9d9zns6ajpja,Balanced AssetManager,archway17j96tj3xr02cua5fvf3t95nxhshzgc2x2yfsfy0ktmvw6t2jnfms6j8kup,25.5,"arch,hard-usd",ibc/43897B9739BD63E3A08A88191999C632E052724AB96BD4C74AE31375C991F48D:26;aarch:0
archway1kgqwt87ukfk5kyd8plctl2j7q7tlpah5pucq8hsqcw0ffajtjuesq3s5px,vesting,archway1wug8sewp6cedgkmrmvhl3lf3tulagm9hnvy8p0rppz9yjw0g4wtqukxvuk,24.49,arch,aarch:24
archway1mujpjkwhut9yjw4xueyugc02evfv46y0dtmnz4lh8xxkkdapym9s6vmwwc,vesting,archway1wug8sewp6cedgkmrmvhl3lf3tulagm9hnvy8p0rppz9yjw0g4wtqukxvuk,24.3,arch,aarch:24
archway1delmknshmvfuhv07uetes90crzrj32za23pgd9cvjtc5mrzfjauq3jqrpa,CALC-DCA,archway1ufwk64n0jt2s4q5tlnj6agn67egszalwdux5cf,24.12,"arch,hard-usd",ibc/43897B9739BD63E3A08A88191999C632E052724AB96BD4C74AE31375C991F48D:15;ibc/B9E4FD154C92D3A23BEA029906C4C5FF2FE74CB7E3A058290B77197A263CF88B:9;aarch:0
archway1qkh7mueqyuvl05zq0j0lgag84408fygevkgfjm0rrmt5ydlf0rfs4fsa0n,vesting,archway1wug8sewp6cedgkmrmvhl3lf3tulagm9hnvy8p0rppz9yjw0g4wtqukxvuk,24.06,arch,aarch:24
archway1exdh6lv0l5cukjg2gmrymy9cpyunughewwx8d8g93sqfnzy7muds4duxqp,vesting,archway1wug8sewp6cedgkmrmvhl3lf3tulagm9hnvy8p0rppz9yjw0g4wtqukxvuk,23.69,arch,aarch:24
archway1agqt0gsgfgepx8x7ejlwdwalpd5qfm9f6uk4ywere0j5794eyttsc7xjtk,vesting_archway1rqya48t6u5vtj55uumrx3puwucq6tppp5y6c3m,archway1wug8sewp6cedgkmrmvhl3lf3tulagm9hnvy8p0rppz9yjw0g4wtqukxvuk,22.66,arch,aarch:23
archway1lysaujjzy0rsmxz8dd2ky52cnqwd298lqnqpdkvl8vms4yxsfmfqwlgxaf,vesting_archway1r277qu3awun7a23rwq7jp3d28pgnj22kkq9exg,archway1wug8sewp6cedgkmrmvhl3lf3tulagm9hnvy8p0rppz9yjw0g4wtqukxvuk,22.24,arch,aarch:22
archway1zkjgu5pdsswczdjg87v87wtyhavavnq99jnyngmn83x58kly49vs46yn6y,vesting,archway1wug8sewp6cedgkmrmvhl3lf3tulagm9hnvy8p0rppz9yjw0g4wtqukxvuk,18.37,arch,aarch:18
archway1fe9ldmu9qy3pyx28esrn0g088jeqvs6jchat2m900fvnxt2wljvsh34jmu,vesting,archway1wug8sewp6cedgkmrmvhl3lf3tulagm9hnvy8p0rppz9yjw0g4wtqukxvuk,18.37,arch,aarch:18
archway1vvgyl5xndpqn3vgymjlwklv7kjmk3zwzf6r6ukakqk5qnzksktds0540sy,vesting,archway1wug8sewp6cedgkmrmvhl3lf3tulagm9hnvy8p0rppz9yjw0g4wtqukxvuk,18.37,arch,aarch:18
archway1kfem4ue4qn9p689ldye9t4seh077lz3ztr4zhjadxptjsaujxk5stf3cpe,vesting,archway1wug8sewp6cedgkmrmvhl3lf3tulagm9hnvy8p0rppz9yjw0g4wtqukxvuk,18.37,arch,aarch:18
archway1rzfey3xhm2gnrfdgj8m3fmy576vllpmkl2vgvguz6nkuz9s89xdsj028sp,bolt-mm-cosmoshub-4,archway1slxnd24x8tt42m5rp2frqg5aq706sww0hj2neqkke4u0e68qz22qwh92u9,17.98,"arch,major",ibc/27394FB092D2ECCD56123C74F36E4C1F926001CEADA9CA97EA622B25F41E5EB2:18;aarch:0
archway1tzydkkj7e2mkfjen0kftf8majm30ajqka03h9pmqf2p8kx80ntvsa5hvc3,vesting,archway1wug8sewp6cedgkmrmvhl3lf3tulagm9hnvy8p0rppz9yjw0g4wtqukxvuk,17.45,arch,aarch:17
archway100pmxfny54wktum5jklg9vme7d5pe44h7va6uw4smccte6wkfause65wf4,vesting,archway1wug8sewp6cedgkmrmvhl3lf3tulagm9hnvy8p0rppz9yjw0g4wtqukxvuk,17.06,arch,aarch:17
archway14ujr0zy8n5wly4khydsndeuzft0fmt8w9dkchv4rzzn9jx7d3luswkzwsk,astrovault-stable-pool-lockups,archway1d78gwz77n2yywvqyyekrhajzly66skuq06j3j6ptcctl5xh2e4gqa994k3,15.81,"arch,hard-usd",ibc/43897B9739BD63E3A08A88191999C632E052724AB96BD4C74AE31375C991F48D:16;aarch:0
archway1zmlyv0k5r337z56p53ksk5jrzveaa2eaglz5hd6jnphaws0lzeuqhveq8s,vesting_archway1myz95kv82f676c7xgds65jdmtpjzyg6la8gupa,archway1wug8sewp6cedgkmrmvhl3lf3tulagm9hnvy8p0rppz9yjw0g4wtqukxvuk,15.62,arch,aarch:16
archway18z8u7n2rnjsp4susy3mf74ma72s36qdj6zqzfa05wr78qdqzgteqh08req,bolt-market-ibc/0471F1C4E7AFD3F07702BEF6DC365268D64570F7C1FDC98EA6098DD6DE59817B,archway1vu2ctevyav3wlka9yn7hmcm0xnlltklnnceqaanpuh0eete80xgsymc3ln,15.62,"arch,hard-usd,major",ibc/43897B9739BD63E3A08A88191999C632E052724AB96BD4C74AE31375C991F48D:16;ibc/0471F1C4E7AFD3F07702BEF6DC365268D64570F7C1FDC98EA6098DD6DE59817B:0;aarch:0
archway1qfvlf5ke9k2c4an625v3scaaa360knasm6gpy8lqtnksw37xsmvq8wjw07,vesting_archway1va9dkdxa3mvqa2re66jxlu98rjj8k73zt9rlnc,archway1wug8sewp6cedgkmrmvhl3lf3tulagm9hnvy8p0rppz9yjw0g4wtqukxvuk,15.29,arch,aarch:15
archway1sm79zcrt6a0fmcuvw265lvysjkwk369hqf2xmeljpx6vc40f6ugswfr55l,astrovault-stable-pool,archway1d78gwz77n2yywvqyyekrhajzly66skuq06j3j6ptcctl5xh2e4gqa994k3,14.91,"arch,hard-usd",ibc/43897B9739BD63E3A08A88191999C632E052724AB96BD4C74AE31375C991F48D:15;aarch:0
archway1s84uvkzuz7tlyykp587aynn8xr0m6t5r64lz6pkfyzyrhzaezhrs6way6g,vesting,archway1wug8sewp6cedgkmrmvhl3lf3tulagm9hnvy8p0rppz9yjw0g4wtqukxvuk,14.71,arch,aarch:15
archway1vnr45jvkll7rqaenmd5dr5lrmswq3nfywm9lcqpxdgaswnxlauwqnqvtsm,QuadraticGrantTestInstance,archway1kw5qfnrxk9sw5gcyk3emktwtca94e5a4mv9wes,14.41,arch,aarch:14
archway1nl9wfmeejr3sxgs7m2j56kecp8vrqsp4gr0k07p0txclzftfkwfsrtdny7,astrovault-bulk-distributor,archway1d78gwz77n2yywvqyyekrhajzly66skuq06j3j6ptcctl5xh2e4gqa994k3,13.89,"arch,major",ibc/C2CFB1C37C146CF95B0784FD518F8030FEFC76C5800105B1742FB65FFE65F873:14;aarch:0
archway1ahy7nsvujz5afvqxzus40nm3e33kfslwv4hxyzys9fa025u3xa6ss6cstk,vesting_archway1xu75tajrkc4p8hu9dd555yj46hyvyhjvlpr2ez,archway1wug8sewp6cedgkmrmvhl3lf3tulagm9hnvy8p0rppz9yjw0g4wtqukxvuk,13.78,arch,aarch:14
archway1tswq9sg7kqvr579z8t2hr656rgveuhrlwt4r2nfs98cd3kg0927qjm4fhl,astrovault-bulk-distributor,archway1d78gwz77n2yywvqyyekrhajzly66skuq06j3j6ptcctl5xh2e4gqa994k3,13.46,"arch,major",ibc/27394FB092D2ECCD56123C74F36E4C1F926001CEADA9CA97EA622B25F41E5EB2:13;aarch:0
archway1kujv800u7x7akevnpza62rda89cmd2ca0cua4lc5ftn2vzhx40gqj39lr8,astrovault-lp-staking,archway1d78gwz77n2yywvqyyekrhajzly66skuq06j3j6ptcctl5xh2e4gqa994k3,13.31,"arch,major",ibc/27394FB092D2ECCD56123C74F36E4C1F926001CEADA9CA97EA622B25F41E5EB2:13;aarch:0
archway1vdl9av79ujaqdksjl09nywcmlacd7yu3fg2w7css8x89shrtqy0szl9r3a,astrovault-staking-derivative,archway1d78gwz77n2yywvqyyekrhajzly66skuq06j3j6ptcctl5xh2e4gqa994k3,13.19,"arch,major",ibc/0471F1C4E7AFD3F07702BEF6DC365268D64570F7C1FDC98EA6098DD6DE59817B:13;aarch:0
archway1566lcafwqy3zrawfymdhxp6pracz6gfze6pulc2mtjpfu9vfpj7sz54l7s,vesting,archway1wug8sewp6cedgkmrmvhl3lf3tulagm9hnvy8p0rppz9yjw0g4wtqukxvuk,12.86,arch,aarch:13
archway1f85m6phqgw7ucyrl4tpe3v2ytz4udf5jeu5pzqcxv2tjw22lf9rse8hx49,liquid.finance.treasury,archway1fepswjwdt3heatn7nh8h88r363ay3px7xz0y5re47vfte6h49qqsvrzq5g,12.53,arch,aarch:13
archway1tzntdhpvlh2dh62wdv4waerd8y9s5sl4n6wj2ejm07gn6yht9nrspruu45,vesting,archway1wug8sewp6cedgkmrmvhl3lf3tulagm9hnvy8p0rppz9yjw0g4wtqukxvuk,11.35,arch,aarch:11
archway1m6t564efxcqfma4tcg6gmwctmxsx4996s6q09js3dpeswln2v2hq0re9ku,vesting_archway1w5xks8trg4hztnq6f0hzcmmpalyhvyfh4yusntrve33p7ejw8q5qng472c,archway1wug8sewp6cedgkmrmvhl3lf3tulagm9hnvy8p0rppz9yjw0g4wtqukxvuk,11.33,arch,aarch:11
archway1vh4j56pf5x4sp8a3xklj0v3sq73y6cs4asxkd006zw2eve4d2p6qgmd9ft,BonusBlock-protocol,archway1xjaw0wrwc6vp5y9jemax078nh029am6hzs9wpa,11.22,arch,aarch:11
archway1djr7kjks9eupueerp5vh6tyg4vrk3qyzq7q2x69uhgg09ezal56su2xz6l,peer_swap@0.3,archway1mmgellp0ntghl6hmjlmnfqtk8c83e2zx9620n6,11.21,"arch,major",ibc/27394FB092D2ECCD56123C74F36E4C1F926001CEADA9CA97EA622B25F41E5EB2:9;aarch:2;ibc/0471F1C4E7AFD3F07702BEF6DC365268D64570F7C1FDC98EA6098DD6DE59817B:0
archway1fdtlnwuqwp38tq5ky5g3xfkkafexa4e8q4qy90jxe2vmtl8n56ks2cph7v,vesting,archway1wug8sewp6cedgkmrmvhl3lf3tulagm9hnvy8p0rppz9yjw0g4wtqukxvuk,10.68,arch,aarch:11
archway196s77rth9h6vlwkfku08l6jfcktd5cvdtf4xp40dfyxk5pr9cwvqramzcq,vesting,archway1wug8sewp6cedgkmrmvhl3lf3tulagm9hnvy8p0rppz9yjw0g4wtqukxvuk,10.47,arch,aarch:10
archway1s82s62c3q5cnjfhcqmvthjd58t6jetxmf8rxp9xmqmyy05fu2qusnsp489,vesting,archway1wug8sewp6cedgkmrmvhl3lf3tulagm9hnvy8p0rppz9yjw0g4wtqukxvuk,10.44,arch,aarch:10
archway1w23vphvjp0qm4jhche00905admg69pgry74vv88d09c4k7g67n3q0ssmh8,vesting,archway1wug8sewp6cedgkmrmvhl3lf3tulagm9hnvy8p0rppz9yjw0g4wtqukxvuk,10.43,arch,aarch:10
archway1alukarfvkx5m2uzazlye7yu0vmyre76rvm63znytjl996thwjtzst5mjx0,astrovault-ratio-pool,archway1d78gwz77n2yywvqyyekrhajzly66skuq06j3j6ptcctl5xh2e4gqa994k3,9.62,"arch,hard-usd",ibc/43897B9739BD63E3A08A88191999C632E052724AB96BD4C74AE31375C991F48D:10;aarch:0
archway160kpwpke9mzcvvml3qpn59v24xr08rcr70q88vqpxghmh9nya9mscemxt4,astrovault-lp-staking,archway1d78gwz77n2yywvqyyekrhajzly66skuq06j3j6ptcctl5xh2e4gqa994k3,8.91,"arch,major",ibc/0471F1C4E7AFD3F07702BEF6DC365268D64570F7C1FDC98EA6098DD6DE59817B:9;aarch:0
archway1hje6ecs6u683ypnzu8l5d4jsxq4dy96s0m6ezps9uwcuwl30hfuqwu8jc9,vesting,archway1wug8sewp6cedgkmrmvhl3lf3tulagm9hnvy8p0rppz9yjw0g4wtqukxvuk,8.73,arch,aarch:9
archway1sj7zrll8n6rh07hgzqtjemeeane53a68fzqzsmnyntw95w4h7z6s3t960h,vesting,archway1wug8sewp6cedgkmrmvhl3lf3tulagm9hnvy8p0rppz9yjw0g4wtqukxvuk,8.08,arch,aarch:8
archway1ha3audxnye3xevl24xna97vhst9g8nxe9mw2k8ynmdxeckvd6dzs28tjkh,archway1yrtcld60rvzfdw89w9y5uylnkwfy2v9p5plv7f-10862303,archway1ha3audxnye3xevl24xna97vhst9g8nxe9mw2k8ynmdxeckvd6dzs28tjkh,7.74,"arch,hard-usd,major",aarch:4;ibc/9428981CEA5DA704D99DD51AAB2EC62359178392B667138CD4480B3F6585E71C:2;ibc/27394FB092D2ECCD56123C74F36E4C1F926001CEADA9CA97EA622B25F41E5EB2:1;ibc/C2CFB1C37C146CF95B0784FD518F8030FEFC76C5800105B1742FB65FFE65F873:0
archway1kxwn0x8tjpxfjfs6eq222yj83jl8ydltf4yy98k0hzfl8748k80sufsftc,vesting,archway1wug8sewp6cedgkmrmvhl3lf3tulagm9hnvy8p0rppz9yjw0g4wtqukxvuk,7.22,arch,aarch:7
archway1xp8y0x0utd9q547lewlud4y22dpnal7d889xtyf2t2rc5k6drw2qangvqp,vesting_archway1gvuvx53hddwykcyaweu9jpczdl7uydwdwlkjkf,archway1wug8sewp6cedgkmrmvhl3lf3tulagm9hnvy8p0rppz9yjw0g4wtqukxvuk,6.12,arch,aarch:6
archway1wzk6sfgzfmqnrv9uel6kepvzcu8znhn3qm7t9qauwdhexf3zl8esqmleaa,vesting,archway1wug8sewp6cedgkmrmvhl3lf3tulagm9hnvy8p0rppz9yjw0g4wtqukxvuk,5.97,arch,aarch:6
archway10zh2kuf4wyww9c20fw7tqskewa88d38l77z708kpwry80mu6wd9qg8m73e,vesting,archway1wug8sewp6cedgkmrmvhl3lf3tulagm9hnvy8p0rppz9yjw0g4wtqukxvuk,5.97,arch,aarch:6
archway15cqej6m3wdqkde2h3x896t4e7ln8ru2xefgznvqcrx2c4cv4pljq4lp7dq,vesting,archway1wug8sewp6cedgkmrmvhl3lf3tulagm9hnvy8p0rppz9yjw0g4wtqukxvuk,5.68,arch,aarch:6
archway1j5e8xxm8xmtqjx7t7qejhrvfcj2cgyjg0nw9xasv3mz6qgsnwuas9mptn7,vesting,archway1wug8sewp6cedgkmrmvhl3lf3tulagm9hnvy8p0rppz9yjw0g4wtqukxvuk,5.51,arch,aarch:6
archway1379zqdvfjcv3sd0w2zhkvtlc0au5yy4htad6fec92c09rpptd6lsnlyv03,vesting,archway1wug8sewp6cedgkmrmvhl3lf3tulagm9hnvy8p0rppz9yjw0g4wtqukxvuk,5.47,arch,aarch:5
archway16563nan0sepf0k4wq8qtcn5n4keke45xw9dwh3nksusgc7nw4clqu5e8wx,vesting_archway1jgtrz92k647hh0f6g6fyz48d9j3x620lyepfeq,archway1wug8sewp6cedgkmrmvhl3lf3tulagm9hnvy8p0rppz9yjw0g4wtqukxvuk,4.9,arch,aarch:5
archway1qxcxrumxysucg9auyedz4ke38vtusr3l6x2nsl63p97wc60muq4s9frpv0,vesting,archway1wug8sewp6cedgkmrmvhl3lf3tulagm9hnvy8p0rppz9yjw0g4wtqukxvuk,4.87,arch,aarch:5
archway19sa425y30avg0vjcvwecrxh4wdypf3xy9a6vc5nkzsl67kjhg85s04av93,vesting,archway1wug8sewp6cedgkmrmvhl3lf3tulagm9hnvy8p0rppz9yjw0g4wtqukxvuk,4.59,arch,aarch:5
archway18mwrsrswlvktd3hdcnytpfn268keu757m67y79wwad3h6gd3jdgq35gf3m,vesting,archway1wug8sewp6cedgkmrmvhl3lf3tulagm9hnvy8p0rppz9yjw0g4wtqukxvuk,4.59,arch,aarch:5
archway1g2zqtmr064r7r7atjm5t5nl6su0jeu00qrwev0dpvr8dm93tucqs5rlyhm,vesting,archway1wug8sewp6cedgkmrmvhl3lf3tulagm9hnvy8p0rppz9yjw0g4wtqukxvuk,4.59,arch,aarch:5
archway1tdu5q6hqfkngvvyat6xnw4fngrwdn5k96dt59w6el8jfe3mr93vqeua58r,vesting,archway1wug8sewp6cedgkmrmvhl3lf3tulagm9hnvy8p0rppz9yjw0g4wtqukxvuk,4.59,arch,aarch:5
archway1lqyn9ncwkcqj8e0pnugu72tyyfehe2tre98c5qfzjg4d3vdw7n5qsscsn8,vesting,archway1wug8sewp6cedgkmrmvhl3lf3tulagm9hnvy8p0rppz9yjw0g4wtqukxvuk,4.59,arch,aarch:5
archway1lwlq3cxq4pcjnwgy8vyl8m55dqprxtuvxuwy3rvgly5a8qlz0mqsjz67z2,vesting,archway1wug8sewp6cedgkmrmvhl3lf3tulagm9hnvy8p0rppz9yjw0g4wtqukxvuk,4.59,arch,aarch:5
archway1aqg6eqpdnhr28zmm0puv8vuupstya8n0pc2srgfx06uc620mfnpqzdpwt9,vesting_archway1qlznlc0fp7lpke6ss6cu5krdhnz3dw35wtqgg0,archway1wug8sewp6cedgkmrmvhl3lf3tulagm9hnvy8p0rppz9yjw0g4wtqukxvuk,4.53,arch,aarch:5
archway1qywn4nu0e5yu56asfyy0uvfck9rgzrdksajs65lckdzmd7xvnpkqngg3yx,vesting,archway1wug8sewp6cedgkmrmvhl3lf3tulagm9hnvy8p0rppz9yjw0g4wtqukxvuk,3.67,arch,aarch:4
archway1mxrzst7pdsylr7epqscr7thv0ng43cgzctrtvfmxtarppqny2z9qcsudw0,vesting,archway1wug8sewp6cedgkmrmvhl3lf3tulagm9hnvy8p0rppz9yjw0g4wtqukxvuk,3.67,arch,aarch:4
archway1th2y0x84j8n3wcenyl75ymxk5sufzusjup7k3s5x5hpdr4tl62tsfz9kuy,vesting_archway1qlznlc0fp7lpke6ss6cu5krdhnz3dw35wtqgg0,archway1wug8sewp6cedgkmrmvhl3lf3tulagm9hnvy8p0rppz9yjw0g4wtqukxvuk,3.44,arch,aarch:3
archway153l9pc7acv7qw43lyx3f0d3tt02gu80zdlllr4lvwtj9gpk7nu0q7qdagg,Aeroscraper Protocol,archway19a4hgt7pee367wqr5p4hq5s69w7tkq20a53s3g,3.24,arch,aarch:3
archway1dt55hjhxg30vx97kxqqwhaxjwuhtq55gk956uhkl4c0qem0x2t6q854w8w,vesting,archway1wug8sewp6cedgkmrmvhl3lf3tulagm9hnvy8p0rppz9yjw0g4wtqukxvuk,3.2,arch,aarch:3
archway1vumem5fchkltp0t5u22ad3k4qm5ne0fxwhvw798tr2qux9y350cqn8jjf4,treasury,archway1f37v0rdvrred27tlqqcpkrqpzfv6ddr2uj4mr6,3.19,arch,aarch:3
archway1evz8agrnppzq7gt2nnutkmqgpm86374xds0alc7hru987f9v4hqsejqfaq,astrovault-standard-pool,archway1d78gwz77n2yywvqyyekrhajzly66skuq06j3j6ptcctl5xh2e4gqa994k3,3.14,"arch,hard-usd",ibc/B9E4FD154C92D3A23BEA029906C4C5FF2FE74CB7E3A058290B77197A263CF88B:3;aarch:0
archway1zhlcmn7avz9das9h9ep372v3yddd5d2vwl0mj5egvlrteg9dkvesyvr00y,Aeroscraper,,2.99,"arch,major",ibc/27394FB092D2ECCD56123C74F36E4C1F926001CEADA9CA97EA622B25F41E5EB2:3;aarch:0
archway1msc3fa4e2mh73y760qmjd3wfkzr98nl26f36xgt2xnhuw6ay3scs42zeue,Wrapped ARCH,,2.93,arch,aarch:3
archway1nv29h7rw5xe9rmk4erlwfpnp3y5nvvs4jtf003t849f46qnnyerstv2pgm,astrovault-ratio-pool-lockups,archway1d78gwz77n2yywvqyyekrhajzly66skuq06j3j6ptcctl5xh2e4gqa994k3,2.9,"arch,hard-usd",ibc/43897B9739BD63E3A08A88191999C632E052724AB96BD4C74AE31375C991F48D:3;aarch:0
archway1952qylkxjcgprapwuywygz5aynkdu9x5h2rtw2am2ce68j9tq2nqcv864w,vesting,archway1wug8sewp6cedgkmrmvhl3lf3tulagm9hnvy8p0rppz9yjw0g4wtqukxvuk,2.76,arch,aarch:3
archway1xakcgkaj434wtz9rqk99r0u4885sfk2axqly4hcrqprmxdchxpnqzru8vu,vesting,archway1wug8sewp6cedgkmrmvhl3lf3tulagm9hnvy8p0rppz9yjw0g4wtqukxvuk,2.76,arch,aarch:3
archway12a52c6ls7jzztrhz3k4lr99sduxn9ykvex5utyekxz08n28k3v9qzr5cz4,vesting,archway1wug8sewp6cedgkmrmvhl3lf3tulagm9hnvy8p0rppz9yjw0g4wtqukxvuk,2.76,arch,aarch:3
archway1tmnrkzzwxgx5nfxt6rzsrjzwz9y46s6awf0a0znjyaz62j2kq8pqkljqpq,vesting,archway1wug8sewp6cedgkmrmvhl3lf3tulagm9hnvy8p0rppz9yjw0g4wtqukxvuk,2.76,arch,aarch:3
archway1vyxe7lg0j7yd7dhky5rz7xp9hrm4xwaflmdg5fm8qv72q93nwy0sdgvn57,vesting,archway1wug8sewp6cedgkmrmvhl3lf3tulagm9hnvy8p0rppz9yjw0g4wtqukxvuk,2.76,arch,aarch:3
archway1vgd3f2z0kt2ldlk2pum0pqyshy50dqzgtxrr2pzu3lgy029awjksutvgd9,vesting,archway1wug8sewp6cedgkmrmvhl3lf3tulagm9hnvy8p0rppz9yjw0g4wtqukxvuk,2.76,arch,aarch:3
archway1w4zjknknh9r8mctwegnvxvt3tetvhu2pu55gq9vys0z4uutv6n8q9ke9yn,vesting,archway1wug8sewp6cedgkmrmvhl3lf3tulagm9hnvy8p0rppz9yjw0g4wtqukxvuk,2.76,arch,aarch:3
archway147v9tqg6qcp8cl8jufdmmf2fkgesmfezmrfrywq7tudr84wwk3qsc9n9hm,vesting,archway1wug8sewp6cedgkmrmvhl3lf3tulagm9hnvy8p0rppz9yjw0g4wtqukxvuk,2.76,arch,aarch:3
archway1c6smu729rmj2yc7mf0dz4z89vmu3jztlzxvvq3e27hx3g7ylcyjsjmuacr,vesting,archway1wug8sewp6cedgkmrmvhl3lf3tulagm9hnvy8p0rppz9yjw0g4wtqukxvuk,2.76,arch,aarch:3
archway1quce89l8clsn8s5tmq5sylg370h58xfnkwadx72crjv90jmetp4sru7ejy,vesting,archway1wug8sewp6cedgkmrmvhl3lf3tulagm9hnvy8p0rppz9yjw0g4wtqukxvuk,2.52,arch,aarch:3
archway1y4ms3j2ytd924uy4vqc7kae30kwp3j03z2yxp5m0a07c63s0h5xqazwyxw,vesting,archway1wug8sewp6cedgkmrmvhl3lf3tulagm9hnvy8p0rppz9yjw0g4wtqukxvuk,2.51,arch,aarch:3
archway19vrjsmvhnleusvcg20yp8ljjf80zmml803yaagr07k0mmujm9ynq5wexjj,vesting,archway1dpdyy64efx95ckuvfnev4sd4qhnxehjjxu3fv4ppksak3cz5yg4qlxrjyc,2.46,arch,aarch:2
archway122g6l5ejy87dm85snhq6xmq9j6vn9chj0xgeajsqlgppt3xfadzsev28k2,vesting,archway1wug8sewp6cedgkmrmvhl3lf3tulagm9hnvy8p0rppz9yjw0g4wtqukxvuk,2.1,arch,aarch:2
archway15ulyj5emhe77qzqupqeulmuge6mrytxvtv5q5spwvna20p27t9mqv9s053,astrovault-cw3-fixed-multisig-archway,,1.96,"arch,hard-usd,major",ibc/B9E4FD154C92D3A23BEA029906C4C5FF2FE74CB7E3A058290B77197A263CF88B:2;ibc/13C5990F84FA5D472E1F8BB1BAAEA8774DA5F24128EC02B119107AD21FB52A61:0;ibc/F082B65C88E4B6D5EF1DB243CDA1D331D002759E938A0F5CD3FFDC5D53B3E349:0;aarch:0
archway1902gfdkeyjjhqwj5fnsa285tcxazdm5rgedvxmh0vuljc7u3kvpqgnqs82,vesting,archway1wug8sewp6cedgkmrmvhl3lf3tulagm9hnvy8p0rppz9yjw0g4wtqukxvuk,1.84,arch,aarch:2
archway195my8tdf37kj0lmqe3tzyht63nyz7u3gpyz9mk4kz0uxp3rkuy8qhcqywq,vesting,archway1wug8sewp6cedgkmrmvhl3lf3tulagm9hnvy8p0rppz9yjw0g4wtqukxvuk,1.84,arch,aarch:2
archway1g7j0nxegqtyynp054x6m2vgfcw0yr9vqdthrnag6v739cxrjzpgqemuyaz,vesting,archway1wug8sewp6cedgkmrmvhl3lf3tulagm9hnvy8p0rppz9yjw0g4wtqukxvuk,1.84,arch,aarch:2
archway1fmsxffj5f2pzkqd6a5v5t9l7wcntjkt303tm29axrjjuv62sszmqzlgtut,vesting,archway1wug8sewp6cedgkmrmvhl3lf3tulagm9hnvy8p0rppz9yjw0g4wtqukxvuk,1.84,arch,aarch:2
archway1t79vtqynmzmwm9fxq09xjmq3zr3saxur5czm4l9xjc97zhnrq06s095dwg,vesting,archway1wug8sewp6cedgkmrmvhl3lf3tulagm9hnvy8p0rppz9yjw0g4wtqukxvuk,1.84,arch,aarch:2
archway10804823gxas3d9g8knrutvzkkz92m2ctvsafnan8zw6cqa6sd47qeqgxnv,vesting,archway1wug8sewp6cedgkmrmvhl3lf3tulagm9hnvy8p0rppz9yjw0g4wtqukxvuk,1.84,arch,aarch:2
archway1039h80u06wmyp0j0mqgv0g95vyq8suumdq4tcc2e65k7x0wtqzjqh0ur2w,vesting,archway1wug8sewp6cedgkmrmvhl3lf3tulagm9hnvy8p0rppz9yjw0g4wtqukxvuk,1.84,arch,aarch:2
archway10jnwpweg0gmzg5n0ws083s7tekphm20xtwu4pzgftqyn8ma6eyzsj80zs3,vesting,archway1wug8sewp6cedgkmrmvhl3lf3tulagm9hnvy8p0rppz9yjw0g4wtqukxvuk,1.84,arch,aarch:2
archway1smhmgjszrml25pg28g7s2hj374nj7z5ju5s70xll2gqv9ynvadss4mller,vesting,archway1wug8sewp6cedgkmrmvhl3lf3tulagm9hnvy8p0rppz9yjw0g4wtqukxvuk,1.84,arch,aarch:2
archway1548mjuvlrdarm6gufw2tcchkuhj5jkrz3e8fqc202mlq0s6htsaq7s5zvw,vesting,archway1wug8sewp6cedgkmrmvhl3lf3tulagm9hnvy8p0rppz9yjw0g4wtqukxvuk,1.84,arch,aarch:2
archway145jv9kphrlt28rcgpktn20w9rndtul9lptstsuf53sac4jcc5lqqszxcuj,vesting,archway1wug8sewp6cedgkmrmvhl3lf3tulagm9hnvy8p0rppz9yjw0g4wtqukxvuk,1.84,arch,aarch:2
archway147hy27tdyvmjn4v22eypcgajf0umqunyyxcnuumdac7uvk7avxwsxhxxea,vesting,archway1wug8sewp6cedgkmrmvhl3lf3tulagm9hnvy8p0rppz9yjw0g4wtqukxvuk,1.84,arch,aarch:2
archway1c2v4x4ymtgljs45gwsnw7pgl7phrjctewuagu2matd9zm7r78l2qs73lud,vesting,archway1wug8sewp6cedgkmrmvhl3lf3tulagm9hnvy8p0rppz9yjw0g4wtqukxvuk,1.84,arch,aarch:2
archway1mvdyecvma29rtd8y5k33pekdrqr7m36n34kzlufy4jz5nyjllmqql494y8,vesting,archway1wug8sewp6cedgkmrmvhl3lf3tulagm9hnvy8p0rppz9yjw0g4wtqukxvuk,1.84,arch,aarch:2
archway1az75f0ljcjp2x8m5j0fxhdec3w6jlcqp2yd6r68kjq3d9cx0uj9qksk974,vesting,archway1wug8sewp6cedgkmrmvhl3lf3tulagm9hnvy8p0rppz9yjw0g4wtqukxvuk,1.84,arch,aarch:2
archway1lvz4svuk70rrk5dxnvmeg9jhqartetr54addx37t32sgyy73xkes079d2a,vesting,archway1wug8sewp6cedgkmrmvhl3lf3tulagm9hnvy8p0rppz9yjw0g4wtqukxvuk,1.84,arch,aarch:2
archway1l33upjvf6amlkx90qc2re2007cgmhgn8fk3lahunv55efasy4vvszrjjhc,vesting,archway1wug8sewp6cedgkmrmvhl3lf3tulagm9hnvy8p0rppz9yjw0g4wtqukxvuk,1.84,arch,aarch:2
archway1275jwjpktae4y4y0cdq274a2m0jnpekhttnfuljm6n59wnpyd62qppqxq0,archid-registry-v1,archway1n7d4c52knwqqkw9j975ranknkp4fn3we0unrp6,1.73,arch,aarch:2
archway1dnw86kcwmx8qnejpy4j6dqqu0cap6288jlrn85948gjw5y9ksv9qxdgxgn,vesting_archway1qx4dmqzt06j7jsl46g2y290juxhe3k6tqywfp3,archway1wug8sewp6cedgkmrmvhl3lf3tulagm9hnvy8p0rppz9yjw0g4wtqukxvuk,1.66,arch,aarch:2
archway1pk385dpt68l6lz0tymehmyaqnsl6wm4zf0wxsh8z45qss7km0r8q46wxq0,astrovault-bulk-distributor,archway1d78gwz77n2yywvqyyekrhajzly66skuq06j3j6ptcctl5xh2e4gqa994k3,1.59,"arch,major",ibc/0471F1C4E7AFD3F07702BEF6DC365268D64570F7C1FDC98EA6098DD6DE59817B:2;aarch:0
archway10g464rpl6v828ctajnpj9e9htyydj5rh7eyaqd3xyxzhq8sprwfstcquxf,vesting_archway1qx4dmqzt06j7jsl46g2y290juxhe3k6tqywfp3,archway1wug8sewp6cedgkmrmvhl3lf3tulagm9hnvy8p0rppz9yjw0g4wtqukxvuk,1.29,arch,aarch:1
archway13elph6s48pu0yxxu3gl5nyqqcd9dkye9sxkhqztexvvtrw2fwvjs3z26wr,astrovault-stable-pool-lockups,archway1d78gwz77n2yywvqyyekrhajzly66skuq06j3j6ptcctl5xh2e4gqa994k3,1.21,"arch,major",ibc/27394FB092D2ECCD56123C74F36E4C1F926001CEADA9CA97EA622B25F41E5EB2:1;aarch:0
archway1qydzzm0tnta98v9tk8fd3rwnhxwwjlz8sqdsy4z6w0hu7yyq7jpsvk7dyk,astrovault-stable-pool-lockups,archway1d78gwz77n2yywvqyyekrhajzly66skuq06j3j6ptcctl5xh2e4gqa994k3,1.15,arch,aarch:1
archway18p50hc0fnf92mzwx8llvezkkx3e53vqpcg8uavfpqtrzgst3ulysaa6eas,vesting_archway15nnyulr9nf89hk02fekj8wl9379jj8hesv50mc,archway1wug8sewp6cedgkmrmvhl3lf3tulagm9hnvy8p0rppz9yjw0g4wtqukxvuk,1.13,arch,aarch:1
archway1q5mnfkfx4jsanqurd9g9046xtgjw3g7p8cck2reaq5ggvay3js8qg44c7p,vesting_archway15nnyulr9nf89hk02fekj8wl9379jj8hesv50mc,archway1wug8sewp6cedgkmrmvhl3lf3tulagm9hnvy8p0rppz9yjw0g4wtqukxvuk,1.13,arch,aarch:1
archway1hm48l0zjlyrqxnh79sn5knztyymsspt7hj2sp9ycc2jjqjlswhpqs36k4y,archway1qqygcscjp74e7x9p0k57utjye53krdsv3t5wdg626mjqavj40hhq5ghada-sale-1,archway1phz4pu82h2jp8nltxcanhnq9v7arlmdvndutff,1.1,"arch,hard-usd",ibc/43897B9739BD63E3A08A88191999C632E052724AB96BD4C74AE31375C991F48D:1;aarch:0
archway1nzvgqwxlf4de4ryaexxf944jmdjyy30fsjpm4t2krkr0semp8rqsejfqc4,vesting_archway15j2vm0k5tc82wfam6erh85ypawq8698e5lec6e,archway1wug8sewp6cedgkmrmvhl3lf3tulagm9hnvy8p0rppz9yjw0g4wtqukxvuk,1.08,arch,aarch:1
archway1grenepwksr97jwxeagmw0lnqrt8n8vdumqc5j87hdphmjp7j8qgqwqlkq8,vesting_archway15j2vm0k5tc82wfam6erh85ypawq8698e5lec6e,archway1wug8sewp6cedgkmrmvhl3lf3tulagm9hnvy8p0rppz9yjw0g4wtqukxvuk,1.08,arch,aarch:1
archway17wenhyfn5km24884s0f2xuj6g7mccwvhaptqna7lg2ufy5pv88usk3t5cq,astrovault-standard-pool,archway1d78gwz77n2yywvqyyekrhajzly66skuq06j3j6ptcctl5xh2e4gqa994k3,1.07,"arch,major",ibc/13C5990F84FA5D472E1F8BB1BAAEA8774DA5F24128EC02B119107AD21FB52A61:1;aarch:0
archway15qr3g3f0p0e9mjfnkygycz433d3tc64agahmelvzv4qnz4jw7ulqf8kxjf,vesting,archway1wug8sewp6cedgkmrmvhl3lf3tulagm9hnvy8p0rppz9yjw0g4wtqukxvuk,1.06,arch,aarch:1
archway12k27vhhvsxshsn4sy3g34jqmrukxe2e5f5ktapcqj95m720rp5jq5m9jmx,multisig-instance-archway1wyl9yqemtaty48rj06w43u8kk6yq9uz6qwfnzj,archway12k27vhhvsxshsn4sy3g34jqmrukxe2e5f5ktapcqj95m720rp5jq5m9jmx,1.0,"arch,hard-usd",ibc/B9E4FD154C92D3A23BEA029906C4C5FF2FE74CB7E3A058290B77197A263CF88B:1;aarch:0
archway1ryfn4cdhjs2n2h4pp5dezs5utpsl3d2mc5s7jx7v5y86ne2dpdzq80n5wv,Vault Number 230,,1.0,"arch,hard-usd",ibc/43897B9739BD63E3A08A88191999C632E052724AB96BD4C74AE31375C991F48D:1;aarch:0
archway1cu4na2cfdqhxkrr7d76jjd0lvq2kz7pdassg8xlw8efqzvjptz0qr3du0x,vesting_archway15nnyulr9nf89hk02fekj8wl9379jj8hesv50mc,archway1wug8sewp6cedgkmrmvhl3lf3tulagm9hnvy8p0rppz9yjw0g4wtqukxvuk,0.97,arch,aarch:1
archway15mwfv5ef90p67w4mv0vmx0mxzhegktp2zzlqyx43av7p3ac92atsysn6sg,vesting_archway15nnyulr9nf89hk02fekj8wl9379jj8hesv50mc,archway1wug8sewp6cedgkmrmvhl3lf3tulagm9hnvy8p0rppz9yjw0g4wtqukxvuk,0.97,arch,aarch:1
archway149j8slxr0snhm5xrveypcrwaffejwpsxlazgs6hzsnvgfvtzrcys2xzj50,vesting_archway1rjruzwwxufez774f4r57nptljun36dc3v4hpm0,archway1wug8sewp6cedgkmrmvhl3lf3tulagm9hnvy8p0rppz9yjw0g4wtqukxvuk,0.97,arch,aarch:1
archway1ncfzecrkeelsjp4ru2nuvh4wk23evde63jwgw6054ltu9hk3eh3q0ryf29,vesting,archway1wug8sewp6cedgkmrmvhl3lf3tulagm9hnvy8p0rppz9yjw0g4wtqukxvuk,0.92,arch,aarch:1
archway1yqvjy5pvmc3gae9wehjkp673qlvwv6m4mxukf2ct420e4hqr53yqvt90y7,vesting,archway1wug8sewp6cedgkmrmvhl3lf3tulagm9hnvy8p0rppz9yjw0g4wtqukxvuk,0.81,arch,aarch:1
archway1vu2ctevyav3wlka9yn7hmcm0xnlltklnnceqaanpuh0eete80xgsymc3ln,bolt-router,archway1slxnd24x8tt42m5rp2frqg5aq706sww0hj2neqkke4u0e68qz22qwh92u9,0.72,arch,aarch:1
archway1yh9jctfz9utq90sdx8lly2uel8pak8m5njv8xc2pwyjy896pkevs45dxlu,vesting_archway1cl4fy6cvg6jwqnn3fujytukuqypansyyecsh7a,archway1wug8sewp6cedgkmrmvhl3lf3tulagm9hnvy8p0rppz9yjw0g4wtqukxvuk,0.68,arch,aarch:1
archway1nzvkcd822lzsqg6paemaxu2dzqdwvkpmvvczwd3qx0pnt0qmzwzswnw6us,vesting_archway14wy6437hjm055yxmezw7jvf3w7869z9dtsm7te,archway1wug8sewp6cedgkmrmvhl3lf3tulagm9hnvy8p0rppz9yjw0g4wtqukxvuk,0.66,arch,aarch:1
archway1anrx8fzpuxaqm95d3rdz6easp8hdfezf9ewg85dm509p52k8zs5q8eas88,vesting_archway14wy6437hjm055yxmezw7jvf3w7869z9dtsm7te,archway1wug8sewp6cedgkmrmvhl3lf3tulagm9hnvy8p0rppz9yjw0g4wtqukxvuk,0.58,arch,aarch:1
archway1pzjprqczpn0fvn5kvqzs74mggg4539rt2vpmp07ffp3pufp6cc3qqmhdg3,pfc-fee-split,archway1lu92zj8q6cmrptu09rp3343x9969r9qrg72hzj,0.53,arch,aarch:1
archway1hpa8h4w2r8s79uav88y0gxhvsg887z4w5csz9kcgrhgu5ke0rsls57fxez,Vault Number 161,,0.5,"arch,hard-usd",ibc/43897B9739BD63E3A08A88191999C632E052724AB96BD4C74AE31375C991F48D:0;aarch:0
archway1jk2enmmvthsxyvqr0djrrnxqd57e77w6ejkwnvjnka4n466fqxhs2axhkl,vesting_archway1uke7asmmmp7s2z9yg4ev00qgk654qgadnvwfje,archway1wug8sewp6cedgkmrmvhl3lf3tulagm9hnvy8p0rppz9yjw0g4wtqukxvuk,0.47,arch,aarch:0
archway1av0wac5h7060zgv4g7yqgvaufysumz92m63wc4mv3ct5sm8qfj0qhrdh08,vesting_archway1qsgqpjm5f4zqljul3uqwd20qyajye0m44e9p3r,archway1wug8sewp6cedgkmrmvhl3lf3tulagm9hnvy8p0rppz9yjw0g4wtqukxvuk,0.43,arch,aarch:0
archway12v9tglvsdraezgd06q0npglepaex0lnsfm3p679zz43x3ew75n3q9k3l43,vesting_archway1wrh8q5q0n7kn88k7ku8uswmd2l6xknd9rmz5ca,archway1wug8sewp6cedgkmrmvhl3lf3tulagm9hnvy8p0rppz9yjw0g4wtqukxvuk,0.43,arch,aarch:0
archway1m8aeursxvy7640q0smltm80pw3us8zduz77xefdtunvt9v0hrzts7hnd6g,vesting_archway1lugsqdqnw5gx4h9xpu6367hqqg54t89sxcvdjw,archway1wug8sewp6cedgkmrmvhl3lf3tulagm9hnvy8p0rppz9yjw0g4wtqukxvuk,0.43,arch,aarch:0
archway1763usmhf8nzlgmcduyncv02hxtal3h5qkrlcvzj3gf9u5mx5c0sq6uzdc0,vesting_archway1enxql68hclr50suzl0fdlc33pzgl3e7yyv7n9v,archway1wug8sewp6cedgkmrmvhl3lf3tulagm9hnvy8p0rppz9yjw0g4wtqukxvuk,0.43,arch,aarch:0
archway15ns6jk4c6m8qasa7dvqxatlh2t9ks0857fknepa4v6gdfs9d6fqsp9y6gj,vesting_archway1qsgqpjm5f4zqljul3uqwd20qyajye0m44e9p3r,archway1wug8sewp6cedgkmrmvhl3lf3tulagm9hnvy8p0rppz9yjw0g4wtqukxvuk,0.43,arch,aarch:0
archway1pmu4hd05396ctvka5kmk9re7ljmdmzcwghucedne6yxr8meu4wdsrtsnnj,vesting_archway1wrh8q5q0n7kn88k7ku8uswmd2l6xknd9rmz5ca,archway1wug8sewp6cedgkmrmvhl3lf3tulagm9hnvy8p0rppz9yjw0g4wtqukxvuk,0.43,arch,aarch:0
archway1prs6px7u7g0al0pe2cgf6k2kx0g4avlgjvpsyvvwtmktmv47az0srknk6h,vesting_archway1lugsqdqnw5gx4h9xpu6367hqqg54t89sxcvdjw,archway1wug8sewp6cedgkmrmvhl3lf3tulagm9hnvy8p0rppz9yjw0g4wtqukxvuk,0.43,arch,aarch:0
archway1w0ruy5mjhejs7h9ennpdthmfea7fjh7u8fg2fk8xee9gquj5zx2s2n9qwu,vesting_archway1enxql68hclr50suzl0fdlc33pzgl3e7yyv7n9v,archway1wug8sewp6cedgkmrmvhl3lf3tulagm9hnvy8p0rppz9yjw0g4wtqukxvuk,0.43,arch,aarch:0
archway1r5w88u3y07qmvzljuu4rhrn9sdafznnalrjedh6elt7ur8lk6ffsh23gy3,deploy test Fri Nov 17 2023 19:32:17 GMT-0400 (Venezuela Time),,0.4,"arch,hard-usd",ibc/B9E4FD154C92D3A23BEA029906C4C5FF2FE74CB7E3A058290B77197A263CF88B:0;aarch:0
archway17lxlwhswsdzsch7jagrl4mcakjylhg65fpqz4dux5nnt4llgzpus0y5zgn,archmon-0.1.0,archway1nnh9fepd34ezj09nqyysg2e6dqwj926lmvpx8r,0.4,arch,aarch:0
archway13rgxwmpv5v8r3v0rl7m0wc6zmrja0n9lsv3glm7mxphv2ewrn4rqdl8jw8,pipapo-the-golden-ticket,archway1eawplys3a5vxswxyddm420vd5su4jzdae9eyy3,0.4,arch,aarch:0
archway199q9c5x93465rf73hxsqfsdehwu9fq6kskx3k4wenj3hkhlwrtqqvuc7cl,vesting,archway1wug8sewp6cedgkmrmvhl3lf3tulagm9hnvy8p0rppz9yjw0g4wtqukxvuk,0.36,arch,aarch:0
archway1yuv35wce6m0qelg6epkk3nva0cxneul3862cj9pdmu5cmp7xwleqsycufy,vesting_archway1sv4jll3mltj0kqfyjqjwm0dz4ufqsskv6nrdfr,archway1wug8sewp6cedgkmrmvhl3lf3tulagm9hnvy8p0rppz9yjw0g4wtqukxvuk,0.36,arch,aarch:0
archway1lgzftmd06wey4zca8gvh73hdfxr6nvhlhq2tul48zgmp0esew67sv6qxa3,vesting_archway1wx5vsn37jyg3uz6l36p28yugz43uphp9m7dxsf,archway1wug8sewp6cedgkmrmvhl3lf3tulagm9hnvy8p0rppz9yjw0g4wtqukxvuk,0.35,arch,aarch:0
archway1f68v03g2646z7wk9h9sy5uxhztajcrdgwvdrsftyp4448h067v0shn6l5w,cw_xcall_ibc_connection,archway16zlcafn6728ywvlhqm8j4nu2605hnewcza63wg,0.32,arch,aarch:0
archway14xa84vhd9jcre6cv64x87kdmedfn0qlrzcamk4lu7xf8w2knsz9svlawqt,vesting,archway1wug8sewp6cedgkmrmvhl3lf3tulagm9hnvy8p0rppz9yjw0g4wtqukxvuk,0.31,arch,aarch:0
archway178a07uacv4uh0kk5ssjlm076llw8zfg5l0ac5jgxgpfar7fhhspsujydnt,vesting,archway1wug8sewp6cedgkmrmvhl3lf3tulagm9hnvy8p0rppz9yjw0g4wtqukxvuk,0.31,arch,aarch:0
archway1wyq63wtaktujyp7zrd58ytzc76g9vtamlgwrq9qhhf0j32usvfesn9s38g,SUDOMOD,,0.31,"arch,hard-usd",ibc/43897B9739BD63E3A08A88191999C632E052724AB96BD4C74AE31375C991F48D:0;aarch:0
archway1zwyu2xv4e52k4v46r63fvncz5263m0g4gjaecf5ezvr0wkfhs4zs26lmar,vesting,archway1wug8sewp6cedgkmrmvhl3lf3tulagm9hnvy8p0rppz9yjw0g4wtqukxvuk,0.3,arch,aarch:0
archway105mgdz7s3p253a302yqylec9t2qzz5fvlsnzkx5tvq7zzurcrw9srull5s,vesting,archway1wug8sewp6cedgkmrmvhl3lf3tulagm9hnvy8p0rppz9yjw0g4wtqukxvuk,0.29,arch,aarch:0
archway1yvdpur7kjqlfeq8x5hm7v5l49y0kme3rp9wsw76tge4llkc7myrquuv2ks,vesting_archway15j2vm0k5tc82wfam6erh85ypawq8698e5lec6e,archway1wug8sewp6cedgkmrmvhl3lf3tulagm9hnvy8p0rppz9yjw0g4wtqukxvuk,0.23,arch,aarch:0
archway1yg4eq68xyll74tdrrcxkr4qpam4j9grknunmp74zzc6km988dadqy0utmj,Eris Liquid Staking Hub,archway1dpaaxgw4859qhew094s87l0he8tfea3l3pqx4a,0.23,arch,aarch:0
archway1m05zqyw20h29qml6t0ttm72hhgdjw7y8nen036h08z9xnpcg8d2sczjef6,Vault Number 14,,0.21,arch,aarch:0
archway1rpzt23pk20me4f4vuhkptzvdlj5fqvnnkxdqcpjk7yg6clkcdxms28fq64,multisig-instance-archway1yj3h4tjw8s6n0cd6jmc0s9pqmud57yk54u8xe8,archway1rpzt23pk20me4f4vuhkptzvdlj5fqvnnkxdqcpjk7yg6clkcdxms28fq64,0.2,"arch,hard-usd,major",ibc/43897B9739BD63E3A08A88191999C632E052724AB96BD4C74AE31375C991F48D:0;ibc/B9E4FD154C92D3A23BEA029906C4C5FF2FE74CB7E3A058290B77197A263CF88B:0;ibc/27394FB092D2ECCD56123C74F36E4C1F926001CEADA9CA97EA622B25F41E5EB2:0;aarch:0
archway1zmll7wl34mt4qpg4zqppnuj0xgtlvyx5nc0dmjn8sq0tf52hxx9s4wu3tv,PampIt market,archway1c2tmyj8mtm7wl4cu2fawmpvgtw4hs6x0ndzehc89mhxcu8pd6q3q4wvnc6,0.2,arch,aarch:0
archway1esrh98pprytnka06fn24l3phtccr3900m9fhhsvqnnfkmgq38yxs33pchv,vesting,archway1wug8sewp6cedgkmrmvhl3lf3tulagm9hnvy8p0rppz9yjw0g4wtqukxvuk,0.19,arch,aarch:0
archway1zln9rdrcctgdd59je8rx09qe7m4x20nt3sfcdeqcc44vah8s4kes7pgdn2,Gelotto SATH,archway1ad8evruzjjmgjc0w0520qx2l3yc73rjt7sey0h,0.18,arch,aarch:0
archway1f8jjkfj4zq08y2tt5jx8c7zq2lukm6m5vffgec4d4natqhrt7esqe4g9a2,aeroscraper,,0.18,"arch,major",ibc/27394FB092D2ECCD56123C74F36E4C1F926001CEADA9CA97EA622B25F41E5EB2:0;aarch:0
archway1vkqtkdflv5ueyen92c4v9q0e2vgkvyz4wgpdjns3yjuez0pmcnxqp76zpu,ibc/3F88...2518-aarch pair,archway1tfkye8su787r5xm3ncp5klve6lqwwc74pt6w9g07lw2550stjqcswjdtsl,0.18,arch,aarch:0
archway1nucztpsc9mc99py75recw2llvwnm08vclyuyllc4z5sywararrksup4t8e,vesting,archway1wug8sewp6cedgkmrmvhl3lf3tulagm9hnvy8p0rppz9yjw0g4wtqukxvuk,0.16,arch,aarch:0
archway1zkllfye4vzkvqfuhaeqetjv3ajcw7np2wjdfcp6uwlp2xzwys8msaf392n,vesting,archway1wug8sewp6cedgkmrmvhl3lf3tulagm9hnvy8p0rppz9yjw0g4wtqukxvuk,0.15,arch,aarch:0
archway19kpy32avnny2g9gjygrl8vfxketgywr7mmc8xvyua0n0wdwjxjxqn0kuje,liquid.finance.looping,archway1fepswjwdt3heatn7nh8h88r363ay3px7xz0y5re47vfte6h49qqsvrzq5g,0.15,arch,aarch:0
archway17g95ux5240cxrq307l4u7uqnmetfjalqvlv2ftg8sfkf7hamp6esyj3fl6,bonusblock-community-badges,archway1xjaw0wrwc6vp5y9jemax078nh029am6hzs9wpa,0.15,arch,aarch:0
archway1dxl0dp7j599zcex9n28t6004fppfv62j8dy80nr6wfjs9n95f7xqq2x04n,PampIt market,archway1c2tmyj8mtm7wl4cu2fawmpvgtw4hs6x0ndzehc89mhxcu8pd6q3q4wvnc6,0.14,arch,aarch:0
archway1yzjx2eyq70wcgde8marlrzdgkddzexjlxnsavuryc5haclaxcqjqwf2mcd,vesting_archway1jh3yxk7rmn05y72pk76gh7gxxl57a3qefy5h6x,archway1wug8sewp6cedgkmrmvhl3lf3tulagm9hnvy8p0rppz9yjw0g4wtqukxvuk,0.12,arch,aarch:0
archway1rrs0ul0fwz0u3xmj8g47w9tp7ecyz88atumm289nc5gv6067g0yqcmpa4t,PampIt market,archway1c2tmyj8mtm7wl4cu2fawmpvgtw4hs6x0ndzehc89mhxcu8pd6q3q4wvnc6,0.12,arch,aarch:0
archway104f2ty9peqdf8gy8pw8fzc0pyuzkd6duykezwgec6vg5ne0v602q002nv8,vesting,archway1wug8sewp6cedgkmrmvhl3lf3tulagm9hnvy8p0rppz9yjw0g4wtqukxvuk,0.11,arch,aarch:0
archway1spwjclekhftfdf6ndcylep3t9cq7trmexlvqnsgtvunaq2dlh2hqlfchjs,PampIt market,archway1c2tmyj8mtm7wl4cu2fawmpvgtw4hs6x0ndzehc89mhxcu8pd6q3q4wvnc6,0.11,arch,aarch:0
archway1gsang979mdl9h04rjj36ylmsxv5yuqzgragjajdsxta92kwjxv5qgwvyqu,Vault Number 157,,0.1,"arch,hard-usd",ibc/43897B9739BD63E3A08A88191999C632E052724AB96BD4C74AE31375C991F48D:0;aarch:0
archway1gc8v9h2x0nruj6xqcxsxvk0g7083lnrekh693dptw8awv8p6wu0qsq9mpj,vesting_archway1qsgqpjm5f4zqljul3uqwd20qyajye0m44e9p3r,archway1wug8sewp6cedgkmrmvhl3lf3tulagm9hnvy8p0rppz9yjw0g4wtqukxvuk,0.09,arch,aarch:0
archway1q0at6dvc0wlx6vk4mvfkw9stdp9sdf0da275edx6gap0wh9s7xyqxn39de,vesting_archway1wrh8q5q0n7kn88k7ku8uswmd2l6xknd9rmz5ca,archway1wug8sewp6cedgkmrmvhl3lf3tulagm9hnvy8p0rppz9yjw0g4wtqukxvuk,0.09,arch,aarch:0
archway10z2373nfhamn6wyzmsyvrwxe4pnllrl3xkkpprdm24y0az0julyscgl0dj,polytone-proxy omniflix1nyr9vunewewurjmjrdafxxrg3p8fc59w4eqjr0tnkqdugj52eytsyd34wt,,0.07,arch,aarch:0
archway1rdcksp79j5d688zze7cwd2dhqtyzf65r6yr9ukmptk9mvtdlj6uqprjk6j,vesting,archway1wug8sewp6cedgkmrmvhl3lf3tulagm9hnvy8p0rppz9yjw0g4wtqukxvuk,0.05,arch,aarch:0
archway1jzslla30d9kgkf23668tmt6lktghf7mr4ddaefg9xrf00wstkzqqwruh6d,multisig-instance-archway1le890ld7v2hfsaq7cz5ws8zsdnpmhlys2pg3kz,archway1jzslla30d9kgkf23668tmt6lktghf7mr4ddaefg9xrf00wstkzqqwruh6d,0.05,"arch,hard-usd,major",ibc/13C5990F84FA5D472E1F8BB1BAAEA8774DA5F24128EC02B119107AD21FB52A61:0;ibc/43897B9739BD63E3A08A88191999C632E052724AB96BD4C74AE31375C991F48D:0;ibc/27394FB092D2ECCD56123C74F36E4C1F926001CEADA9CA97EA622B25F41E5EB2:0;ibc/0471F1C4E7AFD3F07702BEF6DC365268D64570F7C1FDC98EA6098DD6DE59817B:0
archway1jq9y6ty3cckpp8nsq7xwu54ttudvmdsmj87y0f3zmlzm5qll75ssr7pgkj,boneARCH-aarch pair,archway1tfkye8su787r5xm3ncp5klve6lqwwc74pt6w9g07lw2550stjqcswjdtsl,0.05,arch,aarch:0
archway1v78we8haksjtelcsjtumhasmae9dlxn4g82senzadh2mqwhhwt6s9zhx3g,bARCH_HUB,archway1lu92zj8q6cmrptu09rp3343x9969r9qrg72hzj,0.05,arch,aarch:0
archway19aaw3srx73cx6u7j6mv67aen32m4tdwvlveaqld0xuhfvul9j2rsptwmf8,vesting,archway1wug8sewp6cedgkmrmvhl3lf3tulagm9hnvy8p0rppz9yjw0g4wtqukxvuk,0.04,arch,aarch:0
archway1vhktcyrh5fp8djqqvdzxhcdf0nrp7kjek9mpsk3vv8wn66ttrryqqdq6eh,vesting,archway1wug8sewp6cedgkmrmvhl3lf3tulagm9hnvy8p0rppz9yjw0g4wtqukxvuk,0.04,arch,aarch:0
archway1w8utct6h9j7l28c0z65j3tp9x64vemzvcy3hnvgayunqg42p9zuqk65ckg,vesting,archway1wug8sewp6cedgkmrmvhl3lf3tulagm9hnvy8p0rppz9yjw0g4wtqukxvuk,0.04,arch,aarch:0
archway159mx7avhg2wac3fhhgzkassthqzp0nlh0npte8maqckfnezxt3usx7a5ff,vesting,archway1wug8sewp6cedgkmrmvhl3lf3tulagm9hnvy8p0rppz9yjw0g4wtqukxvuk,0.04,arch,aarch:0
archway1ecjefhcf8r60wtfnhwefrxhj9caeqa90fj58cqsaafqveawn6cjs5znd2n,token,archway1d78gwz77n2yywvqyyekrhajzly66skuq06j3j6ptcctl5xh2e4gqa994k3,0.04,arch,aarch:0
archway1f9qt0kx42d2n25pr74lg0x66w7pgv9pytk6ytv58vhtasdmfwjesgcsv65,Vault Number 81,,0.04,arch,aarch:0
archway1ncc8zqaql4awxgfmhyly82nvmw9t79qdqmufwwy2g4gq50hqngmsqnm066,multisig-instance-archway1k949cltnwg3mpd24nyh4wtpdz6er8mhdr27xtl,archway1ncc8zqaql4awxgfmhyly82nvmw9t79qdqmufwwy2g4gq50hqngmsqnm066,0.04,"arch,major",ibc/27394FB092D2ECCD56123C74F36E4C1F926001CEADA9CA97EA622B25F41E5EB2:0;ibc/0471F1C4E7AFD3F07702BEF6DC365268D64570F7C1FDC98EA6098DD6DE59817B:0;aarch:0
archway1276rpwewdqq6xvl05j6zgrhypksw0kqemz0fv8wcclwazug8zktsmut2g2,multisig-instance-archway1vry6d2kluhw73js2zmsmsrye3euqaxz7mz7456,archway1276rpwewdqq6xvl05j6zgrhypksw0kqemz0fv8wcclwazug8zktsmut2g2,0.04,arch,aarch:0
archway1nmuygdelycuwea6jzkcup25ywv3vv5wzdtafeaxtmdze6pug6faqxqpusr,vesting,archway1wug8sewp6cedgkmrmvhl3lf3tulagm9hnvy8p0rppz9yjw0g4wtqukxvuk,0.03,arch,aarch:0
archway1ydy28yqj3asqess4cd0zg5fexjf8x78mey52kx69stsqhgz8jmnqha9nhc,Archies community DAO,archway16008p7gv08xjyz86e24y30tl4txfdrykrlzu4f,0.03,arch,aarch:0
archway1dyesd909dxcrajgcfgvf88hwev84p02rqfqw5fpqxc6yptkwrqzs7pz5g3,vesting,archway1wug8sewp6cedgkmrmvhl3lf3tulagm9hnvy8p0rppz9yjw0g4wtqukxvuk,0.02,arch,aarch:0
archway15ndskvs03eumkrk7h6uc8aqq33t2lss62mfu2cevt49qxlkyljnslm02c5,Vault Number 10,,0.02,arch,aarch:0
archway1ctca6270thqlxt7l433uf38muxv6yz9ku2yzqk4tvnr963ju6zcseelcqm,Vault Number 12,,0.02,arch,aarch:0
archway1fd7vh5awmmy6m4fhmhl5l05gcwrlnd2xu8l9vwa6f5etsjrhxt7sqxahvv,Vault Number 19,,0.02,arch,aarch:0
archway1t9z8e3qfdd5843qj5kz8358j0fh2wu8em399hu7u009dvlepk6ms6xgl5u,Vault Number 25,,0.02,arch,aarch:0
archway1a38wfuewuxw4fv29fm2vhgqznmtcydws7nqd3zuzwm0y603nr75quxzwk5,Vault Number 26,,0.02,arch,aarch:0
archway1a3e84fpcqyfzv8p2yd0rqxahr6tap8gvqym9my88adf9sxad2pdsvs7vda,Vault Number 60,,0.02,arch,aarch:0
archway1tus2kqh4hlcdj5wmafjygcw9r5et27z5rq7p02sty3sdq03ha5csg203jz,Vault Number 61,,0.02,arch,aarch:0
archway1qlvymrvche2mcs72c7yjwedxs590ngrmqm94d9lckr7kekxkf4js28hgwq,Vault Number 63,,0.02,arch,aarch:0
archway15y7mj7478e9r8tv5quhu2e2mru72kydumx4fqyvk8we7ucsm3j9s8j4aq3,Vault Number 80,,0.02,arch,aarch:0
archway1axl2fzx5r4weeavvyx0m7cdl90g43ykn4ge48y67x3lv55ldf8uqy9ykc8,Vault Number 88,,0.02,arch,aarch:0
archway1e3h662am06yzkhukwwa5xjahtjcrr2xsdjxa9rl3tgaz0h0w9a3q6e60ls,Vault Number 113,,0.02,arch,aarch:0
archway1exhnl8afff0mauuatkcdgsrlqfkf8ugn3gfw98fp9lss4p08g8eqdskx7n,Vault Number 117,,0.02,arch,aarch:0
archway188fxr9d6pr54cnlreftfnqmpmdmd5fa5654k6q3mh7mpngtqsfvq605uku,Vault Number 147,,0.02,arch,aarch:0
archway1utrnl08quhapxg73fck2p6n4nhcmu90yvqzc75tu9uk0k499386qwfcp8y,Vault Number 151,,0.02,arch,aarch:0
archway1cgjwf2w6cjuxvhhj65qgnu3gz2g6mwpk68kzxaprx6rmq8g3uk5s3ejgas,Vault Number 155,,0.02,arch,aarch:0
archway1cacuugh9wuqynyznw2k84lcmz8vcv0u6t057rs9c7394e3hknkeqngpfmm,Vault Number 173,,0.02,arch,aarch:0
archway1n7n9kvprlpu9csga6hlfcru6quh3ajgst6tkt95uvcysuh633lcs6u7uhj,Vault Number 176,,0.02,arch,aarch:0
archway1f8cnkurksycumgvtqsum6t67rv2tk64zhyft7drmygq4raum7jqqxpcf78,Vault Number 182,,0.02,arch,aarch:0
archway14jtzxm6637jteq63gnfve9s4hynndeyprcm2n6ked3hylqsu68ys7tfrx3,multisig-instance-archway1fz9pmfrdlccpgtswxxywhkn30pfaaqzlxc70mc,archway14jtzxm6637jteq63gnfve9s4hynndeyprcm2n6ked3hylqsu68ys7tfrx3,0.02,"arch,major",ibc/27394FB092D2ECCD56123C74F36E4C1F926001CEADA9CA97EA622B25F41E5EB2:0;aarch:0
archway1jpq3ccqd5kdvxrnltzj29s2rwvzsvzrevzy29j2z968xk0zvnwrskjdsg3,vesting,archway1wug8sewp6cedgkmrmvhl3lf3tulagm9hnvy8p0rppz9yjw0g4wtqukxvuk,0.01,arch,aarch:0
archway1klwl9llt3ctsnquggzyzjfqzyp4ft2drmx234wfky3wpulvyjw4s2l3gsa,vesting,archway1wug8sewp6cedgkmrmvhl3lf3tulagm9hnvy8p0rppz9yjw0g4wtqukxvuk,0.01,arch,aarch:0
archway17tn2ld7kwws9k2rkvxrjd4637z22gj6lj9h695a54g40cqxyknfqxf4mwh,vesting,archway1wug8sewp6cedgkmrmvhl3lf3tulagm9hnvy8p0rppz9yjw0g4wtqukxvuk,0.01,arch,aarch:0
archway1pd4jh9uqygkjquseg4v8e0fyghtlavuz35e0adrtev9w4a4utcgs3p9mk7,vesting_archway1e53yesukcf03pdrvseznnpzf0mck2d2k6z8f2t,archway1wug8sewp6cedgkmrmvhl3lf3tulagm9hnvy8p0rppz9yjw0g4wtqukxvuk,0.01,arch,aarch:0
archway1jf5zk7y4qds766ycseqzpvhtrwcyrvu70nnd3chlr5pxdy26ll5qtpkze2,Vault Number 23,,0.01,arch,aarch:0
archway1puu5cpds5ajk3m3r5yg8ajk4fknj2matvefj4k0gwdsudzq4desqmk5v66,Vault Number 193,,0.01,arch,aarch:0
archway1vsvlu4tm737d2uwxdqkwfgdgjk09hjrndv46dukv63m6wugq0e8splk0xv,multisig-instance-archway1k949cltnwg3mpd24nyh4wtpdz6er8mhdr27xtl,archway1f9cq084k3f0l5ay8mehtnw78xa3707se6yxvay60vplmh676d7rqzmza0r,0.01,"arch,hard-usd",ibc/B9E4FD154C92D3A23BEA029906C4C5FF2FE74CB7E3A058290B77197A263CF88B:0;aarch:0
archway10l4da95ly84q0ypxsqe8m8lece8dwmd4efu6ec9280hqflvkh30sujhq56,multisig-instance-archway1qjfg6g87476j0szjc8ddtr38kjkv9kh7cg0ekg,archway10l4da95ly84q0ypxsqe8m8lece8dwmd4efu6ec9280hqflvkh30sujhq56,0.01,arch,aarch:0
archway1p8nkw3hmk8k6zpd4mlncydv4d4h5pmmjgpdgshgvghld7cppj46spfha9t,multisig-instance-archway13u55va8exxyzyetmljw0w8um8z5tdeff5l78av,archway1p8nkw3hmk8k6zpd4mlncydv4d4h5pmmjgpdgshgvghld7cppj46spfha9t,0.01,arch,aarch:0
archway1rugzpjnghla9gyq3tt20zvjdzycvdz5wmmw909elhlm0xdk7tlysu5pcmd,msig-archway19mw3xmt0apyxgj4smmrd4up5zh93rj6f58gavp-0,archway1rugzpjnghla9gyq3tt20zvjdzycvdz5wmmw909elhlm0xdk7tlysu5pcmd,0.01,arch,aarch:0
archway13rupkdckcpwdy7nkezp9x25qnuh7cc6hjd9f3mq62vany9mpj52sdr2c0v,msig-archway1c6upzt737nwrywaqz23ys4098txw48pamrzumw-0,archway13rupkdckcpwdy7nkezp9x25qnuh7cc6hjd9f3mq62vany9mpj52sdr2c0v,0.01,arch,aarch:0
archway13rrnnumper29p089dcj03078hfgryf44dv8rs77zuqskad9m6mts3mz0y6,msig-archway1kapl9ztf09jh2gknqnf5jl2tldv98qrdzlzedm-0,archway13rrnnumper29p089dcj03078hfgryf44dv8rs77zuqskad9m6mts3mz0y6,0.01,arch,aarch:0
archway199r5vm4yzww5hct2z58tz9v3chfcvkpln34sqcav3ldqs7nkwktqc7aeju,bolt-router-v1.0.0,archway1slxnd24x8tt42m5rp2frqg5aq706sww0hj2neqkke4u0e68qz22qwh92u9,0.01,arch,aarch:0
archway1qxw3fxxtca4s0pl08cercll9kjdu6h827t76nfkewdqy7ndf6xpqtj0dwd,vesting,archway1wug8sewp6cedgkmrmvhl3lf3tulagm9hnvy8p0rppz9yjw0g4wtqukxvuk,0.0,arch,aarch:0
archway1qg0a77wpzey82fz6syx58h7sc3k3e822ktqgu2z2wkzjhnl4elcskhzs0w,vesting,archway1wug8sewp6cedgkmrmvhl3lf3tulagm9hnvy8p0rppz9yjw0g4wtqukxvuk,0.0,arch,aarch:0
archway1qf263kdsd7drkp9055arflav05n5zatyyqgncqm933vtz8d5vrksufvc2x,vesting,archway1wug8sewp6cedgkmrmvhl3lf3tulagm9hnvy8p0rppz9yjw0g4wtqukxvuk,0.0,arch,aarch:0
archway1q3zv5kx6wtc5wuttey0e3r9gjjtu9sr8r42736rkynazyd265ahs95wszc,vesting,archway1wug8sewp6cedgkmrmvhl3lf3tulagm9hnvy8p0rppz9yjw0g4wtqukxvuk,0.0,arch,aarch:0
archway1pq9fc4ln2zm883hgkn90w4wza9y0cy50tjl52htuhsxsg94tqrgspy2t0g,vesting,archway1wug8sewp6cedgkmrmvhl3lf3tulagm9hnvy8p0rppz9yjw0g4wtqukxvuk,0.0,arch,aarch:0
archway1pyppcutvfq3wsg2xx8zhnsfvdxjnnw4fk33r7jtwzhax9nemmxqqhwr42e,vesting,archway1wug8sewp6cedgkmrmvhl3lf3tulagm9hnvy8p0rppz9yjw0g4wtqukxvuk,0.0,arch,aarch:0
archway1pg0q452yhg477hzv9y76hcl9n7m8uvz3xtkm2am95y920tjkgtns96lut3,vesting,archway1wug8sewp6cedgkmrmvhl3lf3tulagm9hnvy8p0rppz9yjw0g4wtqukxvuk,0.0,arch,aarch:0
archway1pwczkfz35emhnjkg67rfkvj4a87mdul0x9fxx020hyldhtzur6rszkx2ng,vesting,archway1wug8sewp6cedgkmrmvhl3lf3tulagm9hnvy8p0rppz9yjw0g4wtqukxvuk,0.0,arch,aarch:0
archway1pndu69tw9yl8a5u7atlyp2chavrfch7swek44shkqtthktwpfcasrd7h0g,vesting,archway1wug8sewp6cedgkmrmvhl3lf3tulagm9hnvy8p0rppz9yjw0g4wtqukxvuk,0.0,arch,aarch:0
archway1p53ap30vuuy9zt63xh89whjy5xqsjzphtanngaaudygc6c3cvmnsfcn4mr,vesting,archway1wug8sewp6cedgkmrmvhl3lf3tulagm9hnvy8p0rppz9yjw0g4wtqukxvuk,0.0,arch,aarch:0
archway1phzfjt6x25u29grhesrkw4enwytynufdptk87cauvwy5aw4h5uxs27eh4a,vesting,archway1wug8sewp6cedgkmrmvhl3lf3tulagm9hnvy8p0rppz9yjw0g4wtqukxvuk,0.0,arch,aarch:0
archway1p7rwluy6yqzreqqq6htaxcksuaweclntw9ur4mtw9r5xe96qq7eq5uymcp,vesting,archway1wug8sewp6cedgkmrmvhl3lf3tulagm9hnvy8p0rppz9yjw0g4wtqukxvuk,0.0,arch,aarch:0
archway1plauy5jh7dggc0pvcduaaj4slk7l9w883mecxkew7xaff6uzmztq8c8jd2,vesting,archway1wug8sewp6cedgkmrmvhl3lf3tulagm9hnvy8p0rppz9yjw0g4wtqukxvuk,0.0,arch,aarch:0
archway1z9906ez24khghewrf06s20hkfavc4frwhp8slss6d0flwjudmajs39glrf,vesting,archway1wug8sewp6cedgkmrmvhl3lf3tulagm9hnvy8p0rppz9yjw0g4wtqukxvuk,0.0,arch,aarch:0
archway1z8u5ke7e8ctnjxfsqy9npn2twdjajthvgwuzd5k0sw855f0mfdyquwa5xn,vesting,archway1wug8sewp6cedgkmrmvhl3lf3tulagm9hnvy8p0rppz9yjw0g4wtqukxvuk,0.0,arch,aarch:0
archway1z3n9q4d0d2zyqfzls4fgy4qnvdswpngtzjprclmjm60ghmhs39yqppmh6u,vesting,archway1wug8sewp6cedgkmrmvhl3lf3tulagm9hnvy8p0rppz9yjw0g4wtqukxvuk,0.0,arch,aarch:0
archway1zjw8px94wuqcfa69z2py6x8ax29up26zmk3suqq6d6vvweppffdqeedpzr,vesting,archway1wug8sewp6cedgkmrmvhl3lf3tulagm9hnvy8p0rppz9yjw0g4wtqukxvuk,0.0,arch,aarch:0
archway1za5jsj92nher9pw8njdngqa6xvnyxse8p8m8d6xmpyee9qatsfequnp67n,vesting,archway1wug8sewp6cedgkmrmvhl3lf3tulagm9hnvy8p0rppz9yjw0g4wtqukxvuk,0.0,arch,aarch:0
archway1r9x3twf2yymczynm0zs39frqxqr60nk9e22f54gq3n394mf2r2rqq3aldl,vesting,archway1wug8sewp6cedgkmrmvhl3lf3tulagm9hnvy8p0rppz9yjw0g4wtqukxvuk,0.0,arch,aarch:0
archway1r9cfw0gvjwuvnygrj89wmh7gua88rm7kad66c46fp2uvqm0q3kxqt66um8,vesting,archway1wug8sewp6cedgkmrmvhl3lf3tulagm9hnvy8p0rppz9yjw0g4wtqukxvuk,0.0,arch,aarch:0
archway1r8kuj838p5swyc57zahftarhkhmvsr6xmfmjgz3xq8yyvuvy49us8ctrtd,vesting,archway1wug8sewp6cedgkmrmvhl3lf3tulagm9hnvy8p0rppz9yjw0g4wtqukxvuk,0.0,arch,aarch:0
archway1rgvnv6jyer0c99xurlcfcs6kyfelx649638hwg9fatectztkzmtsvx2vjc,vesting,archway1wug8sewp6cedgkmrmvhl3lf3tulagm9hnvy8p0rppz9yjw0g4wtqukxvuk,0.0,arch,aarch:0
archway1r2v32rl0kryuvlzd54kgqknjku9klrx27z6fczvwmztdnq3ez3vqjucwuy,vesting,archway1wug8sewp6cedgkmrmvhl3lf3tulagm9hnvy8p0rppz9yjw0g4wtqukxvuk,0.0,arch,aarch:0
archway1rteyn7vnazp9utxtgwdfcu7dxg7ezg9u9kspmt4ua8st8vuh8uvq5dcpvc,vesting,archway1wug8sewp6cedgkmrmvhl3lf3tulagm9hnvy8p0rppz9yjw0g4wtqukxvuk,0.0,arch,aarch:0
archway1rwfflkzafdemfg6ndeh452hrj9y02ghezsungcdy2u8qxkzxf5hsuygchl,vesting,archway1wug8sewp6cedgkmrmvhl3lf3tulagm9hnvy8p0rppz9yjw0g4wtqukxvuk,0.0,arch,aarch:0
archway1rwup6dxesqv3ngekxj0krwyg6f38rajavnscalzt7pmtfvql5qjqsha3j6,vesting,archway1wug8sewp6cedgkmrmvhl3lf3tulagm9hnvy8p0rppz9yjw0g4wtqukxvuk,0.0,arch,aarch:0
archway1rnz59y73pjw3vwwve6nwa470h3mlchlnrxpe9cjylkwpw5t3c7yqlsyqe2,vesting,archway1wug8sewp6cedgkmrmvhl3lf3tulagm9hnvy8p0rppz9yjw0g4wtqukxvuk,0.0,arch,aarch:0
archway1re5ge62rk6h09pypf20xvkjrra2nru02pg33yysfs6aqa3u7fjts7j9vcu,vesting,archway1wug8sewp6cedgkmrmvhl3lf3tulagm9hnvy8p0rppz9yjw0g4wtqukxvuk,0.0,arch,aarch:0
archway1yq5rxxt8hm7cqk8fjs03jrsva4c2dlewug9head8uqvm4459ackqg3ha49,vesting,archway1wug8sewp6cedgkmrmvhl3lf3tulagm9hnvy8p0rppz9yjw0g4wtqukxvuk,0.0,arch,aarch:0
archway1y9h03gsg2cp7sqczqqjr5e0j5t5xnut2y4qta8qnl88m4pdxsypq8ylctz,vesting,archway1wug8sewp6cedgkmrmvhl3lf3tulagm9hnvy8p0rppz9yjw0g4wtqukxvuk,0.0,arch,aarch:0
archway1y2s9zx3lvyhdlqx6mvaq0xe8ctl34rwuqnntjw6meerln6dz7fjsvdcu0f,vesting,archway1wug8sewp6cedgkmrmvhl3lf3tulagm9hnvy8p0rppz9yjw0g4wtqukxvuk,0.0,arch,aarch:0
archway1ydydwa5q9xzkzygysnlg7wdmf67l38x64vlqce4w8u5kwhefkwhqpmsc8r,vesting,archway1wug8sewp6cedgkmrmvhl3lf3tulagm9hnvy8p0rppz9yjw0g4wtqukxvuk,0.0,arch,aarch:0
archway1yw3v0ahk72n5agyamazd5wfymzssymcy288edshdd6ety6vl5g4qwhlqzy,vesting,archway1wug8sewp6cedgkmrmvhl3lf3tulagm9hnvy8p0rppz9yjw0g4wtqukxvuk,0.0,arch,aarch:0
archway1ynvyafs9dzhty8dfgr53ynh649zyd7s46vl0plax98canse7rtds7fvy6h,vesting,archway1wug8sewp6cedgkmrmvhl3lf3tulagm9hnvy8p0rppz9yjw0g4wtqukxvuk,0.0,arch,aarch:0
archway1ymyl0pmrkjztm35qhddpqf8wl8ysu6efpdez8sahvvtw242432pqz0epjj,vesting,archway1wug8sewp6cedgkmrmvhl3lf3tulagm9hnvy8p0rppz9yjw0g4wtqukxvuk,0.0,arch,aarch:0
archway198l87d0xuzphz7s5jvqpnpk0jsnf9esrukdr49ye74tynhkp7g5sn23v9f,vesting,archway1wug8sewp6cedgkmrmvhl3lf3tulagm9hnvy8p0rppz9yjw0g4wtqukxvuk,0.0,arch,aarch:0
archway19gjs3a0pttjsg4mdj20vqtxkucv65wedttxgulv0kgjp52zlv95szlqk0w,vesting,archway1wug8sewp6cedgkmrmvhl3lf3tulagm9hnvy8p0rppz9yjw0g4wtqukxvuk,0.0,arch,aarch:0
archway19tedq0x8csy6v35cqcjy8f76j2f0fsljjytuxcvl3x4sj82tmxnq03h4an,vesting,archway1wug8sewp6cedgkmrmvhl3lf3tulagm9hnvy8p0rppz9yjw0g4wtqukxvuk,0.0,arch,aarch:0
archway19wzecr3muzfuwx7ds07d8a4dxa2ujw4e5af9zdhnff46p6m7lsusgtyamq,vesting,archway1wug8sewp6cedgkmrmvhl3lf3tulagm9hnvy8p0rppz9yjw0g4wtqukxvuk,0.0,arch,aarch:0
archway19skywd9vsq2mkfjx8d0wy4ut9zqjpg4tmyd2mlztugmf9rp443fsp5ctpa,vesting,archway1wug8sewp6cedgkmrmvhl3lf3tulagm9hnvy8p0rppz9yjw0g4wtqukxvuk,0.0,arch,aarch:0
archway193ceyhyy0l2lqn9kl9hcmu9nvqjrpyd72k0c3pscmz029hc8vnzsrnyd3r,vesting,archway1wug8sewp6cedgkmrmvhl3lf3tulagm9hnvy8p0rppz9yjw0g4wtqukxvuk,0.0,arch,aarch:0
archway19ex92paut4qnkqcjhmzl43fw08dplruuknp3t48f4ueysprlm8psrz3s2d,vesting,archway1wug8sewp6cedgkmrmvhl3lf3tulagm9hnvy8p0rppz9yjw0g4wtqukxvuk,0.0,arch,aarch:0
archway19a68u5e5mpunp48rjz8k9z86nhc88z5v8cjr88t4jlelx54fk8sqv3h6fc,vesting,archway1wug8sewp6cedgkmrmvhl3lf3tulagm9hnvy8p0rppz9yjw0g4wtqukxvuk,0.0,arch,aarch:0
archway1xzky2mu0xgwff3pg7lalth6z2case9arjtgvtx33meydpjulleyq8tm00h,vesting,archway1wug8sewp6cedgkmrmvhl3lf3tulagm9hnvy8p0rppz9yjw0g4wtqukxvuk,0.0,arch,aarch:0
archway1xdmn4ass4fcn64qn45zl4sq3fa3k49s2965a7qxrv0v43hadxatsuysha4,vesting,archway1wug8sewp6cedgkmrmvhl3lf3tulagm9hnvy8p0rppz9yjw0g4wtqukxvuk,0.0,arch,aarch:0
archway1xskygsd5etsed3j0ak5pahlpmhtfp8kzdlmecrulglaptdss2yus28k5wu,vesting,archway1wug8sewp6cedgkmrmvhl3lf3tulagm9hnvy8p0rppz9yjw0g4wtqukxvuk,0.0,arch,aarch:0
archway1xjjw65gynpteu8px8xwpjpv3ck5g4r9gn6maj3md6kkvmp8jxjvqg0jngu,vesting,archway1wug8sewp6cedgkmrmvhl3lf3tulagm9hnvy8p0rppz9yjw0g4wtqukxvuk,0.0,arch,aarch:0
archway18d3a2z6hk4jchx6jchkgxvrgqkapqwunjungqcs44pjzz2hhk7gqpj867h,vesting,archway1wug8sewp6cedgkmrmvhl3lf3tulagm9hnvy8p0rppz9yjw0g4wtqukxvuk,0.0,arch,aarch:0
archway18dhyf7sdkjpmgu4jg6fmf4d6cyj9lez6c2cs5lvprkmyctfrtnzqavn08x,vesting,archway1wug8sewp6cedgkmrmvhl3lf3tulagm9hnvy8p0rppz9yjw0g4wtqukxvuk,0.0,arch,aarch:0
archway18wpg2d6t2cs5rfyg4nrxe4cuggtdp0yhx785qsz9jpgm3dawmanqer6s39,vesting,archway1wug8sewp6cedgkmrmvhl3lf3tulagm9hnvy8p0rppz9yjw0g4wtqukxvuk,0.0,arch,aarch:0
archway18jjgn8uetcfyddjx3slptvc4jm4tshen3wv4fhpxsw2f6ye86qysjjva3n,vesting,archway1wug8sewp6cedgkmrmvhl3lf3tulagm9hnvy8p0rppz9yjw0g4wtqukxvuk,0.0,arch,aarch:0
archway185aat5x3yksfk0xrklddzdzw7v4k2hdtdyel7jq4gysy77pdmzvq6tzj9z,vesting,archway1wug8sewp6cedgkmrmvhl3lf3tulagm9hnvy8p0rppz9yjw0g4wtqukxvuk,0.0,arch,aarch:0
archway18eml2mjl3ezvn7nn5wgx2pm8thm0x4g765yx443ump0q529253gqp9xuuh,vesting,archway1wug8sewp6cedgkmrmvhl3lf3tulagm9hnvy8p0rppz9yjw0g4wtqukxvuk,0.0,arch,aarch:0
archway1gwcd4sue79pnkccu4ekmgnl4aaavj2q8dkwn6nc59mrsyt0q8weq8jyqf8,vesting,archway1wug8sewp6cedgkmrmvhl3lf3tulagm9hnvy8p0rppz9yjw0g4wtqukxvuk,0.0,arch,aarch:0
archway1gje2etr7mwfefd77lfrd4a9avvru8pkmzypu6d4nu0jxrjkxzdqs269gjw,vesting,archway1wug8sewp6cedgkmrmvhl3lf3tulagm9hnvy8p0rppz9yjw0g4wtqukxvuk,0.0,arch,aarch:0
archway1fqll0z4sy6aecqfy2gxvnxl69xy7hj4mdt6p4ny7v33jgzu8y87smwk70l,vesting,archway1wug8sewp6cedgkmrmvhl3lf3tulagm9hnvy8p0rppz9yjw0g4wtqukxvuk,0.0,arch,aarch:0
archway1fgvuv7gqpv9jtmzvg3x08a83vqr3c7cxtk8jcsknkjflrfwzj35qzas0cr,vesting,archway1wug8sewp6cedgkmrmvhl3lf3tulagm9hnvy8p0rppz9yjw0g4wtqukxvuk,0.0,arch,aarch:0
archway1ff0vhfvrtzusk57cdxwwrmqhc9vrqlv7m07d74f455wcs2c4e7pqz30say,vesting,archway1wug8sewp6cedgkmrmvhl3lf3tulagm9hnvy8p0rppz9yjw0g4wtqukxvuk,0.0,arch,aarch:0
archway1fweq070y8lvxmtn7j3p7yltphg8uuksk7p875suwppyzg259rt0scsg4jt,vesting,archway1wug8sewp6cedgkmrmvhl3lf3tulagm9hnvy8p0rppz9yjw0g4wtqukxvuk,0.0,arch,aarch:0
archway1fkwhch9yx9adf06z0earyuwv0028h8ps5yth7k6wj9wssudxw0gqrp579r,vesting,archway1wug8sewp6cedgkmrmvhl3lf3tulagm9hnvy8p0rppz9yjw0g4wtqukxvuk,0.0,arch,aarch:0
archway1fmz5sefkdcmdad9jtndf6v9ugy7dr9sx2jys8a8wg2mxa3lr4lls2gdn0x,vesting,archway1wug8sewp6cedgkmrmvhl3lf3tulagm9hnvy8p0rppz9yjw0g4wtqukxvuk,0.0,arch,aarch:0
archway1fl9glyfffr8kewueguj6jsnex3whxrhn44ucsv7djgec6prdp7jqwcgct2,vesting,archway1wug8sewp6cedgkmrmvhl3lf3tulagm9hnvy8p0rppz9yjw0g4wtqukxvuk,0.0,arch,aarch:0
archway12qltyf0vmpwlfn2g2ghd26uzjtfpmxu9f4fwjvgwhrk9je0xg73qfq85ew,vesting,archway1wug8sewp6cedgkmrmvhl3lf3tulagm9hnvy8p0rppz9yjw0g4wtqukxvuk,0.0,arch,aarch:0
archway12xlcpc2vj6yydhdxkj440v0g3wz523sch8fre6f9r2s2y660zlwqaat7xw,vesting,archway1wug8sewp6cedgkmrmvhl3lf3tulagm9hnvy8p0rppz9yjw0g4wtqukxvuk,0.0,arch,aarch:0
archway1222trx0xlcl73skxfn2f5zvre8x0df2jv57a2vaz5t3tledu4lyqeyhy9j,vesting,archway1wug8sewp6cedgkmrmvhl3lf3tulagm9hnvy8p0rppz9yjw0g4wtqukxvuk,0.0,arch,aarch:0
archway120e7cul8muua6hdsusq7znru534x0lpmz08ucqj7gn8dw48m4nhszy0n6f,vesting,archway1wug8sewp6cedgkmrmvhl3lf3tulagm9hnvy8p0rppz9yjw0g4wtqukxvuk,0.0,arch,aarch:0
archway12sazu8tula8ea85x90508a32ju0mas4sw8qp4exypxld26dgr23q2p3m0z,vesting,archway1wug8sewp6cedgkmrmvhl3lf3tulagm9hnvy8p0rppz9yjw0g4wtqukxvuk,0.0,arch,aarch:0
archway12jj0nj3dk5uk4ldw4hkhx0y8ewx7ts53vfsamjjwyhdpjnwlh7xsrm6qyj,vesting,archway1wug8sewp6cedgkmrmvhl3lf3tulagm9hnvy8p0rppz9yjw0g4wtqukxvuk,0.0,arch,aarch:0
archway1tpgj7zh4nyaagcs3aj8u65a3xgx9ej735v27252muy60ywx6a53s8maarz,vesting,archway1wug8sewp6cedgkmrmvhl3lf3tulagm9hnvy8p0rppz9yjw0g4wtqukxvuk,0.0,arch,aarch:0
archway1txm2hureftrxu0dytmjjchrxvfua2dd5plx2833t0vgt7gafgfpq5gmeg5,vesting,archway1wug8sewp6cedgkmrmvhl3lf3tulagm9hnvy8p0rppz9yjw0g4wtqukxvuk,0.0,arch,aarch:0
archway1taerpmv0tzdrnls7z567khds88fwfpdaeeg7s0wkel9zjap7gnes72rvzy,vesting,archway1wug8sewp6cedgkmrmvhl3lf3tulagm9hnvy8p0rppz9yjw0g4wtqukxvuk,0.0,arch,aarch:0
archway1v7upjz27xjv60me4ryz3nvheld5f77yzxytvrnl46x0x9w6xnayqx69fkq,vesting,archway1wug8sewp6cedgkmrmvhl3lf3tulagm9hnvy8p0rppz9yjw0g4wtqukxvuk,0.0,arch,aarch:0
archway1vlp9crs4jw3m3l3mne5zh4602pyl9lwv6tj3j4x7a8nc0ayrscpsz0mr73,vesting,archway1wug8sewp6cedgkmrmvhl3lf3tulagm9hnvy8p0rppz9yjw0g4wtqukxvuk,0.0,arch,aarch:0
archway1d05ug4lqtnlp5geksargzgqgmzgc6pvwc4sv3e48sc88efylpngs7tt35q,vesting,archway1wug8sewp6cedgkmrmvhl3lf3tulagm9hnvy8p0rppz9yjw0g4wtqukxvuk,0.0,arch,aarch:0
archway1d3uqdxq2r467y4jruhhc3ntwv3e5sf6rgk3j7hrzmpxrad6nrxus02ng50,vesting,archway1wug8sewp6cedgkmrmvhl3lf3tulagm9hnvy8p0rppz9yjw0g4wtqukxvuk,0.0,arch,aarch:0
archway1dj9uare8z9qnyw9g2ce2v3789qxpx44a4swx44uyp6ez2asxn48s778kcj,vesting,archway1wug8sewp6cedgkmrmvhl3lf3tulagm9hnvy8p0rppz9yjw0g4wtqukxvuk,0.0,arch,aarch:0
archway1dhmd8lredr9psu4afk8j3lstdg896pme49mje6maxucuuugmmptseh40d9,vesting,archway1wug8sewp6cedgkmrmvhl3lf3tulagm9hnvy8p0rppz9yjw0g4wtqukxvuk,0.0,arch,aarch:0
archway1w9pht45shvg9p0lpvs37hug0jggplaet56gz44vx4lcw3fuamfcseetla6,vesting,archway1wug8sewp6cedgkmrmvhl3lf3tulagm9hnvy8p0rppz9yjw0g4wtqukxvuk,0.0,arch,aarch:0
archway1w8qec4wfe2gycra9kmny9n8r7547x4ychtthlkeqsqlu9x6wvdjqwrrwll,vesting,archway1wug8sewp6cedgkmrmvhl3lf3tulagm9hnvy8p0rppz9yjw0g4wtqukxvuk,0.0,arch,aarch:0
archway1wtu6xe2f5pxj0upqqut9dq4utfs29ncurm9dqe6vl096fajkt7esfv5ncr,vesting,archway1wug8sewp6cedgkmrmvhl3lf3tulagm9hnvy8p0rppz9yjw0g4wtqukxvuk,0.0,arch,aarch:0
archway1w0ud0j0ynllc4yk3k4jpndshrcky7sz9u0m09lak6amyewzxnmfswstxt0,vesting,archway1wug8sewp6cedgkmrmvhl3lf3tulagm9hnvy8p0rppz9yjw0g4wtqukxvuk,0.0,arch,aarch:0
archway1wma35exrpnnka9hs2cpkf6rng0ulnj85zv7j6jphmlppvc32gyaqw5tg5s,vesting,archway1wug8sewp6cedgkmrmvhl3lf3tulagm9hnvy8p0rppz9yjw0g4wtqukxvuk,0.0,arch,aarch:0
archway1wum85ggyljah77sg0nt9xdq746cyss8cfdl2nx3zz68955jgaldqamhr0v,vesting,archway1wug8sewp6cedgkmrmvhl3lf3tulagm9hnvy8p0rppz9yjw0g4wtqukxvuk,0.0,arch,aarch:0
archway10qa2zwuzj4z55xxath5sg9cj2vm8hqrw340h8twt0q79cvrhhhvsj5kweu,vesting,archway1wug8sewp6cedgkmrmvhl3lf3tulagm9hnvy8p0rppz9yjw0g4wtqukxvuk,0.0,arch,aarch:0
archway10xca2kaca9k6jxhvucjd4kahw9g7z0gkz7rew6qc0n6rarvurlmsc533gq,vesting,archway1wug8sewp6cedgkmrmvhl3lf3tulagm9hnvy8p0rppz9yjw0g4wtqukxvuk,0.0,arch,aarch:0
