mint,symbol,usd,liquidityUsd,source
mSoLzYCxHdYgdzU16g5QSh3i5K3z3KZK7ytfqcJm7So,mSOL,154.90921969006283,246987955.98518783,jupiter-v3
6ogzHhzdrQr9Pgv6hZ2MNze7UrzBMAFyBBWUYp1Fhitx,RETARDIO,0.0012522018131565758,170799.34205003548,jupiter-v3
7xKXtg2CW87d97TXJSDpbD5jBkheTqA83TZRuJosgAsU,SAMO,0.0003872554070391057,9752.534381590982,jupiter-v3
Faf89929Ni9fbg4gmVZTca7eW6NFg877Jqn6MizT3Gvw,WOLF,3.516985864462225e-05,79575.38813176475,jupiter-v3
7Q2afV64in6N6SeZsAAB81TJzwDoD6zpqmHkzi9Dcavn,JSOL,150.69960821634675,135514424.32351696,jupiter-v3
AGFEad2et2ZJif9jaGpdMixQqvW5i81aBdvKe7PHNfz3,soFTT,0.5983103167776334,690.4393884952135,jupiter-v3
Bybit2vBJGhPF52GBdNaQfUJ6ZpThSgHBobjWZpLPb4B,bbSOL,128.9097769162217,154522479.56072882,jupiter-v3
Bz7vVzQhm2KMW1XgcrDruYega1MiwrAs1DQysrx4tFkp,WAP,3.040547148690695e-05,16981.499530551522,jupiter-v3
6DNSN2BJsaPFdFFc1zP37kkeNe4Usc1Sqkzr9C9vPWcU,tBTC,81884.41027906934,35587.03853740704,jupiter-v3
bSo13r4TkiE4KumL71LsHTPpL2euBYLFx6h9HP3piy1,bSOL,145.10206990697213,99459392.5254758,jupiter-v3
METADDFL6wWMWEoKTFJwcThTbUmtarRJZjRpzUvkxhr,META,5738.891668904006,40285.33919560649,jupiter-v3
2FPyTwcZLUg1MDrwsyoP4D6s1tM7hAkHYRjkNb5w6Pxk,soETH,329.1293251328359,48312.87866479278,jupiter-v3
SAVEDpx3nFNdzG3ymJfShYnrBuYy7LtQEABZQ3qtTFt,saveSOL,120.69792764906944,14.533940149595903,jupiter-v3
ZScHuTtqZukUrtZS43teTKGs2VqkKL8k4QCouR2n6Uo,wstETH,2974.99,15859.92,dexscreener
EKpQGSJtjMFqKZ9KQanSqYXRcF8fBopzLHYxdM65zcjm,WIF,0.2121498142898614,6390768.037568281,jupiter-v3
63LfDmNb3MQ8mw9MtZ2To9bEA2M71kZUUGq5tiJxcqj9,GIGA,0.002009168334107939,888172.8456670952,jupiter-v3
CTJf74cTo3cw8acFP1YXF3QpsQUUBGBjh2k2e8xsZ6UL,Neiro,0.00018454248921874304,98653.56936324135,jupiter-v3
DezXAZ8z7PnrnRJjz3wXBoRgixCa6xjnB7YaB1pPB263,BONK,3.3285018874610656e-06,6307634.247074655,jupiter-v3
MERt85fc5boKw3BW1eYdxonEuJNvXbiMbs6hvheau5K,MER,3.254028330916072e-05,1059.0275746505797,jupiter-v3
LAYER4xPpTCb3QL8S9u41EAhAX7mhBn8Q6xMTwY2Yzc,LAYER,0.07218635384513668,17277.23959793204,jupiter-v3
3B5wuUrMEi5yATD7on46hKfej3pfmd7t1RKgrsN3pump,BILLY,0.00045381454144745006,182347.14849934937,jupiter-v3
7dHbWXmci3dT8UFYWYZweBLXgycu7Y3iL6trKn1Y7ARj,stSOL,121.18266043072693,4822269.3745656675,jupiter-v3
SRMuApVNdxXokk5GT7XD5cUUgXMBCoAz2LHeuAoKWRt,SRM,0.006496720067008978,25601.220824985412,jupiter-v3
5z3EqYQo9HiCEs3R84RCDMu2n7anpDMxRhdK8PSWmrRC,PONKE,0.021534326840696144,747505.3035013375,jupiter-v3
8ioaL3gTSAhNJy3t9JakXuoKobJvms62Ko5aWHvmHgSf,SOL-bSOL MLP,,,
Df6yfrKC8kZE3KNkrHERKzAetSxbrWeniQfyJY4Jpump,CHILLGUY,0.011006020877370808,709846.3908773424,jupiter-v3
SoLEao8wTzSfqhuou8rcYsVoLjthVmiXuEjzdNPMnCz,mSOL-SOL,,,
sSo14endRuUbvQaJS3dq36Q829a3A6BEfoeeRGJywEh,sSOL,129.5842958791607,48692.64789509135,jupiter-v3
26KMQVgDUoB6rEfnJ51yAABWWJND8uMtpnQgsHQ64Udr,HAMMY,0.00023903577764660097,56894.8922201438,jupiter-v3
B2uEs9zjnz222hfUaUuRgesryUEYwy3JGuWe31sE9gsG,SOL-mSOL MLP,,,
2zMMhcVQEXDtdE6vsFS7S7D5oUodfJHE8vd1gnBouauv,PENGU,0.008067395693269789,2873830.9646419566,jupiter-v3
degod39zqQWzpG6h4b7SJLLTCFE6FeZnZD8BwHBFxaN,DEGOD,0.00020679122100535443,119500.28818457584,jupiter-v3
Es9vMFrzaCERmJfrF4H2FYD4KCoNkY11McCe8BenwNYB,USDT,0.9989769372791253,32478452.95366493,jupiter-v3
So11111111111111111111111111111111111111112,SOL,109.84903663493766,960142876.0372779,jupiter-v3
4Cnk9EPnW5ixfLZatCPJjDB1PUtcRpVVgTQukm9epump,DADDY,0.00784313284496926,397725.8730712372,jupiter-v3
J3NKxxXZcnNiMjKw9hYb2K4LUxgwB6t1FtPtQVsv3KFr,SPX,0.36902598030565886,2714432.8815093767,jupiter-v3
EzfgjvkSwthhgHaceR3LnKXUoRkP6NUhfghdaHAj1tUv,FTT,0.23621873163336973,101264.92737641996,jupiter-v3
sctmpFDKXZPEfTCEgDHqwxepmorCpYA5Q2CrYUytGDU,saveSOL,,,
ukHH6c7mMyiWCf1b9pnWe25TSpkDDt3H5pQZgZ74J82,BOME,0.0010574266877335407,17758193.25197322,jupiter-v3
bobaM3u8QmqZhY1HwAtnvze9DLXvkgKYk3td3t8MLva,BOBAOPPA,5.8912641407911966e-05,26581.366237298364,jupiter-v3
he1iusmfkpAdwvxLNGV8Y1iSbj4rUy6yMhEA3fotn9A,hSOL,130.90376804455968,104451608.21624061,jupiter-v3
WENWENvqqNya429ubCdR81ZmD69brwQaaBYY6p3LCpk,WEN,6.542870706006051e-06,85930.5845801268,jupiter-v3
2poo1w1DL6yd2WNTCnNTzDqkC6MBXq7axo77P16yrBuf,USDT-USDC,,,
HUBsveNpjo5pWqNkH57QzxjQASdTVXcSK7bVKTSZtcSX,raSOL,132.55951822457288,1006986.8295772081,jupiter-v3
4k3Dyjzvzp8eMZWUXbBCjEvwSkkk59S5iCNLY3QrkX6R,RAY,2.451486752413332,20794892.413688857,jupiter-v3
XBGdqJ9P175hCC1LangCEyXWNeCPHaKWA17tymz2PrY,XBG,0.014114215960067249,314.1740029352436,jupiter-v3
jtojtomepa8beP8AuQc6eXt5FriJwfFMwQx2v2f9mCL,JTO,0.5195473032895263,371218.9338667184,jupiter-v3
2qEHjDLDLbuBgRYvsxhc5D6uDWAivNFZGan56P1tpump,PNUT,0.049004844902970475,3409785.5481914375,jupiter-v3
9vMJfxuKxXBoEa7rM12mYLMwTacLMLDJqHozw96WQL8i,UST,0.005248653859465598,161.1318375688397,jupiter-v3
HZ1JovNiVvGrGNiiYvEozEVgZ58xaU3RKwX8eACQBCt3,PYTH,0.08206910853903751,544799.0690324644,jupiter-v3
cbbtcf3aa214zXHbiAZQwf4122FBYbraNdFqgw4iMij,cbBTC,82216.79643125796,28746192.193671014,jupiter-v3
jupSoLaHXQiZZTSfEWMTRRgpnyFm8f6sZdosWBjx93v,JupSOL,133.407985884247,569723737.5544484,jupiter-v3
ZEUS1aR7aX8DFFJf5QjWj2ftDDdNTroMNGo8YoQm3Gq,ZEUS,0.010057918797488614,60110.316160935065,jupiter-v3
6SUryVEuDz5hqAxab6QrGfbzWvjN8dC7m29ezSvDpump,JASON,4.319207466947717e-05,22306.05730150309,jupiter-v3
A3gMddXMAhmc3P9dLjHv2n6ywWWzpGZbRCH6y8sta8ug,CTAN,0.0007480034856197318,45089.39256601999,jupiter-v3
CzLSujWBLFsSjncfkh59rUFqvafWcY5tzedWJSuypump,GOAT,0.01616111667817123,1637955.7891851477,jupiter-v3
J1toso1uCk3RLmjorhTtrVwY9HJ7X8V9yYac6Y7kGCPn,JitoSOL,143.34502718197305,1146468746.238938,jupiter-v3
7GCihgDB8fe6KNjn2MYtkzZcRjQy3t9GHdC8uHYmW2hr,POPCAT,0.046989974910658816,4381901.5737514235,jupiter-v3
EPjFWdd5AufqSSqeM2qN1xzybapC8G4wEGGkZwyTDt1v,USDC,0.9996306712790127,463535553.0479955,jupiter-v3
85VBFQZC9TZkfaptBWjvUw7YbZjy52A6mjtPGjstQAmQ,W,0.016292253379752476,158033.7923904985,jupiter-v3
5mbK36SZ7J19An8jFochhQS4of8g6BwUjbeCSxBSoWdp,MICHI,0.0006746123334523863,401518.23053509137,jupiter-v3
MEW1gQWJ3nEXg2qgERiKu7FAFj79PHvQVREQUzScPP5,MEW,0.0004696380248630627,9941857.542832993,jupiter-v3
7vfCXTUXx5WJV5JADk17DUJ4ksgau7utNKj4b963voxs,ETH,2487.06449359102,22502015.634430736,jupiter-v3
SLNDpmoWTVADgEdndyvWzroNL7zSi1dF9PC3xHGtPwp,SLND,0.20220431165297711,18015.843341724885,jupiter-v3
BonK1YhkXEGLZzwtcvRTip3gAL9nCeQD7ppZBLXhtTs,bonkSOL,131.78926628661233,10561079.432467425,jupiter-v3
5oVNBeEEQvYi1cX3ir8Dx5n1P7pdxydbGF2X4TxVusJm,INF,159.96752893585477,212930311.51974794,jupiter-v3
BNso1VUJnh4zcfpZa6986Ea66P6TCp59hvtNJ8b1X85,BNSOL,124.90477979768859,1128620813.2292707,jupiter-v3
5LafQUrVco6o7KMz42eqVEJ9LW31StPyGjeeu5sKoMtA,MUMU,6.788609232981343e-08,78690.7571186679,jupiter-v3
HaP8r3ksG76PhQLTqR8FYBeNiQpejcFbQmiHbg787Ut1,MAGA,0.0315955165601339,8897.561296646105,jupiter-v3
ED5nyyWEzpPPiWimP8vYm7sD7TD3LAt3Q3gRTWHzPJBY,MOODENG,0.040901565298907885,1391180.8834430291,jupiter-v3
orcaEKTdK7LKz57vaAYr9QeNsVEPfiu6QeMU1kektZE,ORCA,2.4582494987299253,1122561.842221884,jupiter-v3
mpoxP5wyoR3eRW8L9bZjGPFtCsmX8WcqU5BHxFW1xkn,POX,0.0017723433951633988,49825.36560324789,jupiter-v3
6p6xgHyF7AeE6TZkSmFsko444wqoP15icUSqi2jfGiPN,TRUMP,1.8392289763418694,30075897.665543485,jupiter-v3
MNDEFzGvMt87ueuHvVU9VcTqsAP5b3fTGPsHuuPA5ey,MNDE,0.026742051676739216,7482.5113293263685,jupiter-v3
BLZEEuZUBVqFhj8adcCFPJvPVCiCyVmh3hkJMrU8KuJA,BLZE,8.516780635588464e-05,4607.152322429651,jupiter-v3
9n4nbM75f5Ui33ZbPYXn59EwSgE8CGsHtAeTH5YFeJ9E,BTC,52.774894762354144,505.1620387208757,jupiter-v3
FAJA9Qgn1CqLKtYi77CoWSGH7dyRrat394q9mpRFQzGs,PYUSD,,,
madHpjRn6bd8t78Rsy7NuSuNwWa2HU8ByPobZprHbHv,MAD,3.77901031717677e-07,61896.00578168551,jupiter-v3
3WPep4ufaToK1aS5s8BL9inzeUrt4DYaQCiic6ZkkC1U,GIKO,0.03165689872645677,51133.530476061846,jupiter-v3
A8C3xuqscfmyLrte3VmTqrAq8kgMASius9AFNANwpump,FWOG,0.004953088935715509,772973.2756648961,jupiter-v3
73xsLcBnLnc9bh81cqVKqj8uEyiarXng5ZwJuTbnVebG,WUF,1.3286660887905524e-08,93177.38393269596,jupiter-v3
haSo1Vz5aTsqEnz8nisfnEsipvbAAWpgzRDh2WhhMEh,haSOL,150.51317993650497,5247100.763317018,jupiter-v3
JUPyiwrYJFskUPiHa7hkeR8VUtAeFoSYbKedZNsDvCN,JUP,0.35145429427651936,5863457.55401341,jupiter-v3
zBTCug3er3tLyffELcvDNrKkCymbPWysGcWihESYfLg,zBTC,81880.91233275516,42062.84248754554,jupiter-v3
USDSwr9ApdHk5bvJKMjzff41FfuX8bSxdKcR81vTwcA,USDS,0.9995736045649275,1462040.5468885875,jupiter-v3
GiG7Hr61RVm4CSUxJmgiCoySFQtdiwxtqf64MsRppump,SCF,0.00045334558429016027,116518.49873544696,jupiter-v3
7BgBvyjrZX1YKz4oh9mjb8ZScatkkwb8DzFx7LoiVkM3,SLERF,0.021476004623119493,18754513.204150748,jupiter-v3
Saber2gLauYim4Mvftnrasomsv6NvAuncvMEZwcLpD1,SBR,8.397635384300401e-05,1499.8762636024956,jupiter-v3
3S8qX1MsMqRbiwKg2cQyx7nis1oHMgaCuc9c4VfvVdPN,MOTHER,0.00032708466749925986,123654.63595366683,jupiter-v3
USDH1SM1ojwWUga67PGrgFWUHibbjqMvuMaDkRJTgkX,USDH,0.9958839699834707,6549.098177237017,jupiter-v3
7kbnvuGBxxj8AG9qp8Scn56muWGaRaFqxg1FsRp3PaFT,UXD,1.0008696444505534,47031.09053832377,jupiter-v3
9iLH8T7zoWhY7sBmj1WK9ENbWdS1nL8n9wAxaeRitTa6,USH,,,
C98A4nkJXhpVZNAZdHUA95RpTF3T4whtQubL3YobiUX9,C98,0.01565,8090.43,dexscreener
Ea5SjE2Y6yvCeW5dYTn7PYMuW5ikXkvbGdcmSnXeaLjS,PAI,0.8611045187306848,1.3145066297479107,jupiter-v3
LFNTYraetVioAPnGJht4yNg2aUZFXR776cMeN9VMjXp,LFNTY,1.1342438514992739,5314.182410410439,jupiter-v3
StepAscQoEioFxxWGnh2sLBDFp9d8rvKz2Yp39iDpyT,STEP,0.00011496392013298989,12991.08063905729,jupiter-v3
E5ndSkaB17Dm7CsD22dvcjfrYSDLCxFcMd6z8ddCk5wp,RIN,0.0015177645354179786,819.7402672579568,jupiter-v3
Grwu1bWQ6HNqbY225EuYf3C4kL3835WQPgnff2a89vPw,nUSH/USDC,,,
5rMWS2wTiW9dcv4WpXt3jNfn6uHgGSELfsa2ftkQA7Zw,nUSDC/USDT,,,
9z2a5zNvipEQxjyFfZf3gV4nw9NCr73FdRs1iq3VjTXc,nUXD/USDC,,,
2VhjJ9WxaGC3EZFwJG9BDUs9KxKCAjQY4vgd1qxgYWVg,EUROe,0.305,96.98,dexscreener
4N27zZmdkE9MyCRCrX4pCfkLHeQqrogRnzzHsTsqinB3,(USDC-WSOL) LP,,,
NFTUkR4u7wKxy9QLaX2TGvd9oZSWoMo4jqSJqdMb7Nk,BLOCK,0.0010123825562874933,26596.20645855879,jupiter-v3
LsinpBtQH68hzHqrvWw4PYbH7wMoAobQAzcvxVHwTLv,lsIN,,,
EchesyfXePKdLtoiZSL8pBe8Myagyy8ZRqsACNCFGnvp,FIDA,0.020540884680133598,33.13467267912258,jupiter-v3
xStpgUCss9piqeFUk2iLVcvJEGhAdJxJQuwLkXP555G,xSTEP,0.0001848255886533013,63.54789584183173,jupiter-v3
poLisWXnNRwC6oBu1vHiuKQzFjGL4XDSu4g9qjz9qVk,POLIS,0.011754632805043082,17742.67022507374,jupiter-v3
ATLASXmbPQxBUYbxPsV97usA3fPQYEqzQBUHgiFCUsXx,ATLAS,0.0001469216852262015,32573.261129420916,jupiter-v3
Ca5eaXbfQQ6gjZ5zPVfybtDpqWndNdACtKVtxxNHsgcz,svtSMB,,,
dapeM1DJj3xf2rC5o3Gcz1Cg3Rdu2ayZae9nGcsRRZT,DAPE,,,
smbdJcLBrtKPhjrWCpDv5ABdJwz2vYo3mm6ojmePL3t,SMBD,,,
EjmyN6qEC1Tf1JxiG1ae7UTJhUxSwk1TCWNWqxWV4J6o,DAI,0.9998447423074699,53.025277326400484,jupiter-v3
HzwqbKZw8HxMN6bF2yFZNrht3c2iXXzpKcFu7uBEDKtr,EURC,1.1218547845656806,634514.4361412489,jupiter-v3
hntyVP6YFm1Hg25TN9WGLqM12b8TQmcknKrdu1oxWux,HNT,0.5126312578328616,300443.5373436433,jupiter-v3
UXPhBoR3qG4UCiGNJfV7MqhHyFqKN68g45GoYvAeL2M,UXP,,,
UXDgmqLd1roNYkC4TmJzok61qcM9oKs5foDADiFoCiJ,UXD-USDC,,,
7i5KKsX2weiTkry7jA4ZwSuXGhs5eJBEjY8vVxR4pfRx,GMT,0.007994296054710925,2392.2430324328116,jupiter-v3
AFbX8oGjGpmVFywbVouvhQSRmiW2aR1mohfahi4Y2AdB,GST,0.0010382072223275001,31634.99347880995,jupiter-v3
SHDWyBxihqiCj6YekG2GUr7wqKLeLAMK1gHZck9pL6y,SHDW,0.0295667147876697,14659.56821069855,jupiter-v3
PoRTjZMPXb9T7dyU7tpLEZRQj7e6ssfAE62j2oQuc6y,PORT,0.001918007109428228,1363.2466098838017,jupiter-v3
Lrxqnh6ZHKbGy3dcrCED43nsoLkM1LTzU2jRfWe8qUC,LARIX,1.95750369022313e-05,7281.5168104877475,jupiter-v3
TuLipcqtGVXP9XR62wM8WWCm6a9vhLs7T1uoWBk6FDs,TULIP,0.028071237516549313,3378.3764103136273,jupiter-v3
MangoCzJ36AjZyKwVj3VnYU4GTonjfVEnJmvvWaxLac,MNGO,0.032455732436941234,71470.52392363445,jupiter-v3
APTtJyaRX5yGTsJU522N4VYWg3vCvSb65eam5GrPT5Rt,APT,3.5900951812763526e-05,6087.526567256346,jupiter-v3
JET6zMJWkCN9tpRT2v2jfAmm5VnQFDpUBCyaKojmGtz,JET,,,
AURYydfxJib1ZkTir1Jn1J9ECYUtjb6rKQVmtYaixWPP,AURY,0.024109807254510465,134638.42855395982,jupiter-v3
Basis9oJw9j8cw53oMV7iqsgo6ihi9ALw4QR31rcjUJa,BASIS,,,
rBsH9ME52axhqSjAVXY3t1xcCrmntVNvP3X16pRjVdM,rBASIS,,,
5BmZgW7dk1kximGfn7MPvDigp3yRmgT64jS9Skdq4nPY,kUSDH-USDC,,,
CHdEG9MWBVT1aveiFSMMUDWvo3D42EBdHxT9q9BNZWLu,kUSDC-USDT,,,
4G9USgnbg6fDTQ5AUfpCjM89zqbzWj32xfqvsaAu66DM,kUXD-USDC,,,
DubwWZNWiNGMMeeQHPnMATNj77YZPZSAz2WVR5WjLJqz,CRP,0.0002622162524978611,152.6241164501132,jupiter-v3
DUSTawucrTsGU8hcqRdHDCbuYhCPADMLM2VcCb8VnFnQ,DUST,0.007568990370728925,9503.364448820592,jupiter-v3
LAinEtNLgpmCP9Rvsf5Hn8W6EhNiKLZQti1xfWMLy6X,laineSOL,158.4504067537197,1405735.5373888626,jupiter-v3
FoRGERiW7odcCBGU1bztZi16osPBHjxharvDathL5eds,FORGE,0.002405665389655317,7042.813859266229,jupiter-v3
8HGyAAB1yoM1ttS7pXjHMa3dukTFGQggnFFH3hJZgzQh,COPE,0.002001522441767286,8505.84357896841,jupiter-v3
kinXdEcpDQeHPEuQnqmUgtYykqKGVFq6CeVX5iAHJq6,KIN,1.290847123035398e-06,5518.0373300761285,jupiter-v3
xALGoH1zUfRmpCriy94qbfoMXHtK6NDnMKzT4Xdvgms,xALGO,0.19537706082108347,5780.9006956542235,jupiter-v3
J86yrYn4CKbScMjcp7jAb43MT9zz7QWukR8psEYCcuyt,,,,
4ApF2JuGwjQiYH7v7LX1XZDpaJjKEC9dvuprGMN6stRB,,,,
GUZJcmy4QRF3dXWcRxueyPGQfQAmRs1FtqiszRJaFfxV,FREN,,,
Hr6YPoLSx5C8cxEdmEJiZBBM2FTLBdeAP73dRhGzDg5s,FREN,,,
USDrbBQwQbQ2oWHUPfA8QBHcyVxKUq1xHyXsSLKdUq2,USDr,,,
83LGLCm7QKpYZbX8q4W2kYWbtt8NJBwbVwEepzkVnJ9y,xUSD,,,
6jTKKYC7m6KPZS6FWun7qW5HKr5h3ti5GUB7WmuL6bNp,,,,
METAewgxyPbgwsseH8T16a39CQ5VyVxZi9zXiDPY18m,META,0.049328192450612145,1820865.6473416167,jupiter-v3
9LABJEy8kMFoorbvBohnbdhhJ6viSQY56uGeamv54y1Z,,,,
HZRCwxP2Vq9PCpPXooayhJ2bxTpo5xfpQrwB1svh332p,LDO,0.46294648547063894,395.9843769784434,jupiter-v3
GePFQaZKHcWE5vpxHfviQtH5jgxokSs51Y5Q4zgBiMDs,JFI,,,
jRAYPwLn4ZRGRSKu7GWu6B3Qx3Vj2JU88agUweEceyo,J-RAY,,,
jJF1SrhzpyqYawE9ruSVKrHjfxjaG5TUMFB5vnXUWVm,J-JFI,,,
sRLY3migNrkC1HLgqotpvi66qGkdNedqPZ9TJpAQhyh,sRLY,,,
BWXrrYFhT7bMHmNBFoQFWdsSgA3yXoAnMhDK6Fn1eSEn,HADES,0.00423034332173679,39129.299293051605,jupiter-v3
LPFiNAybMobY5oHfYVdy9jPozFBGKpPiEGoobK2xCe3,LPFi,,,
xLPFiPmWve5rUnAYcHZSZWjwgyqEdcV6dDzoBJRtNw9,xLPFi,,,
9LmCL3nyvFG95cB9RpaszPTAwaQykVAHcSxQbJ6vNpAU,BEAR,,,
HxRELUQfvvjToVbacjr9YECdfQMUqGgPYB68jVDYxkbr,NANA,1.4350382722341349e-05,1783.7479832962174,jupiter-v3
mb1eu7TzEc71KxDpsmsKoucSSuuoGLv1drys1oP2jh6,MOBILE,6.922993469540195e-05,4390.258633238673,jupiter-v3
iotEVVZLEywoTn1QdwNPddxPWszn3zFhEot3MfL9fns,IOT,7.771128698760031e-05,342.8468105694378,jupiter-v3
EZF2sPJRe26e8iyXaCrmEefrGVBkqqNGv9UPGG9EnTQz,FUM,1.4998206724009206e-06,5379.191006617855,jupiter-v3
J9BcrQfX4p9D1bvLzRNCbMDv8f44a9LFdeqNE4Yk2WMD,ISC,2.152817728008598,54082.80894746281,jupiter-v3
LABSh5DTebUcUbEoLzXKCiXFJLecDFiDWiBGUU1GpxR,LABS,0.0008254913226759206,11557.293386024734,jupiter-v3
CstPrRuU13B6QHmNr4J24Qto48HC5uQ2WXZbWiWef4a6,STCC,,,
BvAZ2ay2KjBcGi49KspWtY3DAatBN7enmqaon1TuR8ES,TPX,,,
SCSuPPNUSypLBsV4darsrYNg4ANPgaGhKhsA3GmMyjz,SCS,0.0016647910000117737,280790.57361044176,jupiter-v3
n54ZwXEcLnc3o7zK48nhrLV4KTU5wWD4iq7Gvdt5tik,PEEP,1.4205179563183354e-06,16746.936601122554,jupiter-v3
4v3UTV9jibkhPfHi5amevropw6vFKVWo7BmxwQzwEwq6,OVOL,0.005888661864358994,146.91994438309666,jupiter-v3
CzLWmvjtj5bp9YEWkzzBnuWovVtogeuchFu5GeFh68hB,Puri,1.6955490107395356e-06,1316.9118453469748,jupiter-v3
27G8MtK7VtTcCHkpASjSDdkWWYfoqT6ggEuKidVJidD4,JLP,4.655372496902194,6098468.034265252,jupiter-v3
5yxVY1yX5M1Q2iNbsNUS52csTLS67dRd5S5yePXZ64be,USDT,,,
CLoUDKc4Ane7HeQcPpE3YHnznRxhMimJ4MyaUqyHFzAu,CLOUD,0.060510855833959605,717819.3311807322,jupiter-v3
Es9vMqcboLdoGKHbdiQC6WqrVq3HesivB57vito4KhHk,USDT,,,
M3Mq4d3RDnHL1RU9AWh2nBSjThVWNPdHPF7vjbsccxc,mockMEME,0.00011176736727745784,834.0938513845392,jupiter-v3
UxxvnMnUGoXJig9wc8phE1mYJZMFq3hpfr259zMWcq4,mockUSDC,8.346e-06,49.64,dexscreener
wWwsCzeBjKoCGchgjxmVTzdbq15zf26mnButWoF6YqN,mockW,2.135147601618084e-06,1443.6035010161236,jupiter-v3
JRKXwVpdyQbF3A4pvQvKYj22syubbEwfwUiobDzSPtJ,JRK,1.2179460460021288e-06,284.6085774552106,jupiter-v3
JxxWsvm9jHt4ah7DT9NuLyVLYZcZLUdPD93PcPQ71Ka,mockJUP,8.644850820271046e-05,24342.351848278635,jupiter-v3
yso11zxLbHA3wBJ9HAtVu6wnesqz9A2qxnhxanasZ4N,ySOL,211.2819946714602,71997.58633480378,jupiter-v3
Zippybh3S5xYYam2nvL6hVJKz1got6ShgV4DyD1XQYF,zippySOL,145.73413027916496,9000.27504122026,jupiter-v3
Dd6Pde7K4J7yB691gW8K177TWd1Huy6RkfTwrbkz8Fre,clDOGE,,,
9cMWa1wuWcio3vgEpiFg7PqKbcoafuUw5sLYFkXJ2J8M,clARB,,,
4cwVHQtwiK7r9aAUsu4cetk1JtLWPymopWcpTSsihCdL,clOP,,,
JzwfZvJGdsqbrKZQUvzJpWhbHcZUix7CYcCaoiNpjxg,clSUI,,,
6KnsFQzCrY1VdD9Qub1ZhRcFSnzQRqhMpT2Xn4X5P2cj,clBNB,,,
HHncifGW3yJyaW2fRRfBYAawnD9ogbsWM5PccFA4GHSx,clAPT,,,
REdaoGk6EcBVgXW7vHs9FnzWmkr3ba6eHRBBgEtLNWo,$RE,,,
edge86g9cVz87xcpKpy3J77vbp4wYd9idEV562CCntt,edgeSOL,142.879910230852,116791.79475367411,jupiter-v3
Gjmv6mrX2WWs9vbab3KXueqfrfDRJSdjdqqGVX8ZWGvm,USDT,,,
FWhZyxJQas4s52kusCQRwgYRYkUhx9AfQYs3uhtEs9sQ,DAI,,,
3TWgDvYBL2YPET2LxnWAwsMeoA8aL4DutNuwat2pKCjC,KHAI,0.0014778688519665856,20614.76212179209,jupiter-v3
AmgUMQeqW8H74trc8UkKjzZWtxBdpS496wh4GLy2mCpo,TOKE,0.00012615288225282842,9947.221368741484,jupiter-v3
9RqbWigPMSpsfxJPZu1y58JGXPs7cbx7EaHGoMmPZZdH,USDT,,,
picobAEvs6w7QEknPce34wAE4gknZA9v5tTonnmHYdX,picoSOL,137.46749945939965,2123503.6448003654,jupiter-v3
9mV4WUukVsva5wYcYW4veo34CNDiF44sh3Ji65JNdvh5,TRUNK,0.03381987249781495,568572.1892955375,jupiter-v3
TNSRxcUxoT9xBG3de7PiJyTDYu7kskLqcpddxnEJAS6,TNSR,0.03695222896241766,48671.43985669857,jupiter-v3
8CuPzHKuZQUyYbear8fi3u6iuTY652WVZT2cHZ2yeNbE,EARN,0.0014998190859064923,1497.8178952025223,jupiter-v3
Fch1oixTPri8zxBnmdCEADoJW2toyFHxqDZacQkwdvSP,HARAMBE,0.00031133593600877113,103710.39582260046,jupiter-v3
LSTxxxnJzKDFSLr4dUkPcmCf5VyryEqzPLz5j4bpxFp,LST,169.83320555924135,10385151.767455975,jupiter-v3
vSoLxydx6akxyMD9XEcPvGYNGq6Nn66oqVb3UkGkei7,vSOL,129.1505265781734,146151238.3321401,jupiter-v3
Comp4ssDzXcLeu2MnLuGNNFC4cmLPMng8qWHPvzAMU1h,compassSOL,133.56916087499613,394439.00705737487,jupiter-v3
7HbF3n6uj639XKk2fwZXHAY7tXrW38Qx4xw9LrKuZhoV,GC,,,
5uWiPF7dFjWwbdRNbCEAbEjd5U5TkmTUhBNKGLBdpump,quit,3.079741570578341e-06,2411.899007761021,jupiter-v3
ffffyKnHHpFewkqfu2bvCiBTc9niickSRs1NMLC5jLE,FLAME,,,
CTfvdpwLSxhpXdT2FyWEu5FiATmKCaDmGsRMWwuuox7k,FLAME,,,
482qCwAdY6gzXf67BdMaLbqccuC5jMVyCJRhgpTUr8Y1,beyondLST,,,
9BB6NFEcjBCtnNLFko2FqVQBq8HHM13kCyYcdQbgpump,Fartcoin ,0.16147197630772345,6314495.765855113,jupiter-v3
LoafdJ3WSAvsrx3zppSGKA6sRvL9GrRrU1iRV7HkLkm,LOAFCAT,1.163739745005065e-06,11881.914729539718,jupiter-v3
A1KLoBrKBde8Ty9qtNQUtq3C2ortoC3u7twggz7sEto6,USDY,1.1513896013059834,1680131.4638578463,jupiter-v3
BaDjVCpABEVCdt4LT7ivuzA4izBwJCqnDjrLa8XBtT38,GNME,0.006727153582784136,19150.858741513373,jupiter-v3
3X7GhFU6iL8VZ4H79ZQLeg5RJhny4ruUNoJ7gr2B17YN,SLA,,,
Dvmw8Nq6SRoxFWP36PWRycuY8NfT7qHHGa7k3wPTbWWD,myst,3.871036934279606e-06,2960.1223596747986,jupiter-v3
StaccN8ycAamAmZgijj9B7wKHwUEF17XN3vrNx1pQ6Z,Manifesto,7.067138703681e-06,4416.47071681993,jupiter-v3
CaLyryATQhnVZaau425zAJ9fNf4uNWVa1GKD6JN94AX9,orca,5.576825791770939e-06,3990.759715666948,jupiter-v3
BQpGv6LVWG1JRm1NdjerNSFdChMdAULJr3x9t2Swpump,fomo3d.fun,1.1531779341894893e-05,9025.492565330358,jupiter-v3
HZNnmhAY6xfq2iKRyBTEvTVeoTYJzpkK8mfnfG8Ppump,JMoney,0.000600417050706881,56774.379181885706,jupiter-v3
7JXwBQDSPQZH4gUy1RGY4Tm5atf8g9v1eNG3h5trrB7X,Vicky,8.14411460093686e-06,4779.656584412361,jupiter-v3
8XN5g4vrHtxcpi443Pz4HuNxe3EuCojdLTdiz4eRpump,Sman,4.270734433176005e-06,3789.238807939147,jupiter-v3
6gx6Ph2ek73kF6EWDrG4GQ54pcLJB6CYpATuRyxKXumo,fPHX,2.1070192561624317e-05,8502.688367458482,jupiter-v3
CLEAR14SSiTXy9Hwy9auqYMmvq11SuhGMQ3oEMY4sLXk,ClearSOL,,,
6ZkSt76kpy5VuCKf4nstTbLhKBppYbEHhgjV9u4FPRP3,coffeeSOL,,,
8adRViFUNTe3yexj2gbQtx929zBJtWJRM8TeTzYbQBgx,PT-fragSOL,109.96561641606904,608.508502967546,jupiter-v3
C7heQqfNzdMbUFQwcHkL9FvdwsFsDRBnfwZDDyWYCLTZ,$COLLAT,0.0007565091126651577,128003.84542198255,jupiter-v3
GB2Y9s7N9HcpCmrqyByygMfRsJDLH1Gt7wasTtczohYL,wstacSOL,,,
CooLwkogVDEVCrY3r1Mtcen2H7ejJiW7CSMY7gWDBFNc,COOL,,,
