BLOCK	158018649
== SET IDENTITY/STATE
0x17705474203F7ff7ba8a940c433AB43D1F58E249	asset()(address)	0	0x7F5c764cBc14f9669B88837ca1490cCa17c31607 
0x17705474203F7ff7ba8a940c433AB43D1F58E249	name()(string)	0	"Cozy Set" 
0x17705474203F7ff7ba8a940c433AB43D1F58E249	symbol()(string)	0	"CSET" 
0x17705474203F7ff7ba8a940c433AB43D1F58E249	decimals()(uint8)	0	6 
0x17705474203F7ff7ba8a940c433AB43D1F58E249	totalSupply()(uint256)	0	155914837419 [1.559e11] 
0x17705474203F7ff7ba8a940c433AB43D1F58E249	totalCollateralAvailable()(uint256)	0	120901199 [1.209e8] 
0x17705474203F7ff7ba8a940c433AB43D1F58E249	maxDeposit()(uint256)	0	4995831873078 [4.995e12] 
0x17705474203F7ff7ba8a940c433AB43D1F58E249	setState()(uint8)	0	1 
0x17705474203F7ff7ba8a940c433AB43D1F58E249	owner()(address)	0	0xB471F352A61D0C7F7805b93d9d574C69Fd9644F5 
0x17705474203F7ff7ba8a940c433AB43D1F58E249	pauser()(address)	0	0xB471F352A61D0C7F7805b93d9d574C69Fd9644F5 
0x17705474203F7ff7ba8a940c433AB43D1F58E249	manager()(address)	0	0x7eDfAd1b566657a236C8422bA6997536BC647a29 
0x17705474203F7ff7ba8a940c433AB43D1F58E249	backstop()(address)	0	0xCB4c5190017CB106803d6d5225E21A06231B11ff 
0x17705474203F7ff7ba8a940c433AB43D1F58E249	ptokenFactory()(address)	0	0x20433C2FB6CD1C9472147452183B32c3c746989E 
0x17705474203F7ff7ba8a940c433AB43D1F58E249	setConfig()(uint32,uint16,bool)	0	25987 [2.598e4] 0 true 
0x17705474203F7ff7ba8a940c433AB43D1F58E249	accounting()(uint128,uint128,uint128,uint128,uint128,uint128,uint128)	0	4168126922 [4.168e9] 112934 [1.129e5] 0 
0x17705474203F7ff7ba8a940c433AB43D1F58E249	lastConfigUpdate()(bytes32,uint64,uint64)	0	0x0000000000000000000000000000000000000000000000000000000000000000 1691018783 [1.691e9] 1691191583 [1.691e9] 
0x17705474203F7ff7ba8a940c433AB43D1F58E249	markets(uint256)(address,address,(address,address,uint16,uint16,uint16),uint8,uint256,uint256,uint256,uint128,uint128,uint64)	0	0xFa1c5663aCeC49aD17422d2E846eA113534a8abf 0xaCD105FEEa362D5c27CAAbA0B45F53D91B92dE27 (0xa2dA869864df08B2Cf9bfbe83b32AcC00F0a1334, 0xcf35f1b126C31E5A9a3b7Ccd6a960cea611d03D3, 2169, 0, 1000) 
0x17705474203F7ff7ba8a940c433AB43D1F58E249	markets(uint256)(address,address,(address,address,uint16,uint16,uint16),uint8,uint256,uint256,uint256,uint128,uint128,uint64)	0	0x43726e171E3f199d4A6d308Ab64F56441D29c2Fe 0xb634BF771915f1A22f26498098620f19340C06b0 (0x0003791D8A44105B84429A999634A97A29F80607, 0xcf35f1b126C31E5A9a3b7Ccd6a960cea611d03D3, 1694, 0, 1000) 
0x17705474203F7ff7ba8a940c433AB43D1F58E249	markets(uint256)(address,address,(address,address,uint16,uint16,uint16),uint8,uint256,uint256,uint256,uint128,uint128,uint64)	0	0x44401755a3a6f809242d83c9E38f3Ea389ddB3A1 0xD8eeD4970A0F021Ba87FDa6F95b9B9c17eD19944 (0x3e84E9dD9a9013f2cf80645A0e6d67C0192BED9e, 0xcf35f1b126C31E5A9a3b7Ccd6a960cea611d03D3, 924, 0, 1000) 
0x17705474203F7ff7ba8a940c433AB43D1F58E249	markets(uint256)(address,address,(address,address,uint16,uint16,uint16),uint8,uint256,uint256,uint256,uint128,uint128,uint64)	0	0x3b548fbADC2d926AdB7e5A5d44d824a1c7F3614d 0xDc3e70904e88198903FbeE6C81cf90d0490D32B4 (0xf829082a09963949A7E3DF8486C6A581e7Edb0E2, 0xcf35f1b126C31E5A9a3b7Ccd6a960cea611d03D3, 3848, 0, 1000) 
0x17705474203F7ff7ba8a940c433AB43D1F58E249	markets(uint256)(address,address,(address,address,uint16,uint16,uint16),uint8,uint256,uint256,uint256,uint128,uint128,uint64)	0	0x11C9205bcE8E5cEf63a18d854b87d8B9fE1B72b2 0xeaADbc9eDeB1F398AE603227A7EB508eF7e39392 (0xd4054318380f7a15c71de662964A5dB442170Dce, 0xcf35f1b126C31E5A9a3b7Ccd6a960cea611d03D3, 924, 0, 1000) 
0x17705474203F7ff7ba8a940c433AB43D1F58E249	markets(uint256)(address,address,(address,address,uint16,uint16,uint16),uint8,uint256,uint256,uint256,uint128,uint128,uint64)	0	0xC1304c0Db0bb2001e11E5c45ecb4F3D0e7158655 0xeB6613FAC35fED17c276e3FE45D67Da67685f1eF (0x79090BF046623c02678d032E1D8d7c1895e63e33, 0xcf35f1b126C31E5A9a3b7Ccd6a960cea611d03D3, 1700, 0, 1000) 
0x17705474203F7ff7ba8a940c433AB43D1F58E249	markets(uint256)(address,address,(address,address,uint16,uint16,uint16),uint8,uint256,uint256,uint256,uint128,uint128,uint64)	0	0xdf27897dB00623234f88AaA5350715Ce31437813 0x221ea1500Ca3C7be762753Cb73686a3BcF367C8d (0x0003791D8A44105B84429A999634A97A29F80607, 0xcf35f1b126C31E5A9a3b7Ccd6a960cea611d03D3, 2610, 0, 1000) 
0x17705474203F7ff7ba8a940c433AB43D1F58E249	markets(uint256)(address,address,(address,address,uint16,uint16,uint16),uint8,uint256,uint256,uint256,uint128,uint128,uint64)	1	Error: server returned an error response: error code 3: execution reverted 
0x17705474203F7ff7ba8a940c433AB43D1F58E249	markets(uint256)(address,address,(address,address,uint16,uint16,uint16),uint8,uint256,uint256,uint256,uint128,uint128,uint64)	1	Error: server returned an error response: error code 3: execution reverted 
0x17705474203F7ff7ba8a940c433AB43D1F58E249	markets(uint256)(address,address,(address,address,uint16,uint16,uint16),uint8,uint256,uint256,uint256,uint128,uint128,uint64)	1	Error: server returned an error response: error code 3: execution reverted 
0x17705474203F7ff7ba8a940c433AB43D1F58E249	markets(uint256)(address,address,(address,address,uint16,uint16,uint16),uint8,uint256,uint256,uint256,uint128,uint128,uint64)	1	Error: server returned an error response: error code 3: execution reverted 
0x17705474203F7ff7ba8a940c433AB43D1F58E249	markets(uint256)(address,address,(address,address,uint16,uint16,uint16),uint8,uint256,uint256,uint256,uint128,uint128,uint64)	1	Error: server returned an error response: error code 3: execution reverted 
0x17705474203F7ff7ba8a940c433AB43D1F58E249	markets(uint256)(address,address,(address,address,uint16,uint16,uint16),uint8,uint256,uint256,uint256,uint128,uint128,uint64)	1	Error: server returned an error response: error code 3: execution reverted 
0x17705474203F7ff7ba8a940c433AB43D1F58E249	markets(uint256)(address,address,(address,address,uint16,uint16,uint16),uint8,uint256,uint256,uint256,uint128,uint128,uint64)	1	Error: server returned an error response: error code 3: execution reverted 
0x17705474203F7ff7ba8a940c433AB43D1F58E249	markets(uint256)(address,address,(address,address,uint16,uint16,uint16),uint8,uint256,uint256,uint256,uint128,uint128,uint64)	1	Error: server returned an error response: error code 3: execution reverted 
0x17705474203F7ff7ba8a940c433AB43D1F58E249	markets(uint256)(address,address,(address,address,uint16,uint16,uint16),uint8,uint256,uint256,uint256,uint128,uint128,uint64)	1	Error: server returned an error response: error code 3: execution reverted 
0x1a684C688AcA00944B22B9380219c7bBbC3B7fB9	asset()(address)	0	0x7F5c764cBc14f9669B88837ca1490cCa17c31607 
0x1a684C688AcA00944B22B9380219c7bBbC3B7fB9	name()(string)	0	"Cozy Set" 
0x1a684C688AcA00944B22B9380219c7bBbC3B7fB9	symbol()(string)	0	"CSET" 
0x1a684C688AcA00944B22B9380219c7bBbC3B7fB9	decimals()(uint8)	0	6 
0x1a684C688AcA00944B22B9380219c7bBbC3B7fB9	totalSupply()(uint256)	0	0 
0x1a684C688AcA00944B22B9380219c7bBbC3B7fB9	totalCollateralAvailable()(uint256)	0	0 
0x1a684C688AcA00944B22B9380219c7bBbC3B7fB9	maxDeposit()(uint256)	0	5000000000000 [5e12] 
0x1a684C688AcA00944B22B9380219c7bBbC3B7fB9	setState()(uint8)	0	1 
0x1a684C688AcA00944B22B9380219c7bBbC3B7fB9	owner()(address)	0	0x0190fBdA3a92492C314d74219ED1d367Bee95C15 
0x1a684C688AcA00944B22B9380219c7bBbC3B7fB9	pauser()(address)	0	0x0190fBdA3a92492C314d74219ED1d367Bee95C15 
0x1a684C688AcA00944B22B9380219c7bBbC3B7fB9	manager()(address)	0	0x7eDfAd1b566657a236C8422bA6997536BC647a29 
0x1a684C688AcA00944B22B9380219c7bBbC3B7fB9	backstop()(address)	0	0xCB4c5190017CB106803d6d5225E21A06231B11ff 
0x1a684C688AcA00944B22B9380219c7bBbC3B7fB9	ptokenFactory()(address)	0	0x20433C2FB6CD1C9472147452183B32c3c746989E 
0x1a684C688AcA00944B22B9380219c7bBbC3B7fB9	setConfig()(uint32,uint16,bool)	0	10000 [1e4] 0 true 
0x1a684C688AcA00944B22B9380219c7bBbC3B7fB9	accounting()(uint128,uint128,uint128,uint128,uint128,uint128,uint128)	0	0 0 0 
0x1a684C688AcA00944B22B9380219c7bBbC3B7fB9	lastConfigUpdate()(bytes32,uint64,uint64)	0	0x0000000000000000000000000000000000000000000000000000000000000000 0 0 
0x1a684C688AcA00944B22B9380219c7bBbC3B7fB9	markets(uint256)(address,address,(address,address,uint16,uint16,uint16),uint8,uint256,uint256,uint256,uint128,uint128,uint64)	0	0x1F626C96Ed2AedB69DfF96B653F733b1767E9cce 0xaCD105FEEa362D5c27CAAbA0B45F53D91B92dE27 (0xa2dA869864df08B2Cf9bfbe83b32AcC00F0a1334, 0xcf35f1b126C31E5A9a3b7Ccd6a960cea611d03D3, 1250, 250, 1000) 
0x1a684C688AcA00944B22B9380219c7bBbC3B7fB9	markets(uint256)(address,address,(address,address,uint16,uint16,uint16),uint8,uint256,uint256,uint256,uint128,uint128,uint64)	0	0x9707cbB6334672Fc58b340E80f770B68afaD77e0 0xb634BF771915f1A22f26498098620f19340C06b0 (0xa2dA869864df08B2Cf9bfbe83b32AcC00F0a1334, 0xcf35f1b126C31E5A9a3b7Ccd6a960cea611d03D3, 2858, 250, 1000) 
0x1a684C688AcA00944B22B9380219c7bBbC3B7fB9	markets(uint256)(address,address,(address,address,uint16,uint16,uint16),uint8,uint256,uint256,uint256,uint128,uint128,uint64)	0	0x0F441C95135b3dbC632f842d1910437242DCeBE4 0xDc3e70904e88198903FbeE6C81cf90d0490D32B4 (0xa2dA869864df08B2Cf9bfbe83b32AcC00F0a1334, 0xcf35f1b126C31E5A9a3b7Ccd6a960cea611d03D3, 5715, 250, 1000) 
0x1a684C688AcA00944B22B9380219c7bBbC3B7fB9	markets(uint256)(address,address,(address,address,uint16,uint16,uint16),uint8,uint256,uint256,uint256,uint128,uint128,uint64)	0	0xF2EcAeA079289A3F0Ee09319A49ca9560F723b4f 0xeaADbc9eDeB1F398AE603227A7EB508eF7e39392 (0xa2dA869864df08B2Cf9bfbe83b32AcC00F0a1334, 0xcf35f1b126C31E5A9a3b7Ccd6a960cea611d03D3, 1427, 250, 1000) 
0x1a684C688AcA00944B22B9380219c7bBbC3B7fB9	markets(uint256)(address,address,(address,address,uint16,uint16,uint16),uint8,uint256,uint256,uint256,uint128,uint128,uint64)	0	0xcFA3560c768946446e9B8fbd734Be7b2a39dAB6F 0xeB6613FAC35fED17c276e3FE45D67Da67685f1eF (0xa2dA869864df08B2Cf9bfbe83b32AcC00F0a1334, 0xcf35f1b126C31E5A9a3b7Ccd6a960cea611d03D3, 2000, 250, 1000) 
0x1a684C688AcA00944B22B9380219c7bBbC3B7fB9	markets(uint256)(address,address,(address,address,uint16,uint16,uint16),uint8,uint256,uint256,uint256,uint128,uint128,uint64)	1	Error: server returned an error response: error code 3: execution reverted 
0x1a684C688AcA00944B22B9380219c7bBbC3B7fB9	markets(uint256)(address,address,(address,address,uint16,uint16,uint16),uint8,uint256,uint256,uint256,uint128,uint128,uint64)	1	Error: server returned an error response: error code 3: execution reverted 
0x1a684C688AcA00944B22B9380219c7bBbC3B7fB9	markets(uint256)(address,address,(address,address,uint16,uint16,uint16),uint8,uint256,uint256,uint256,uint128,uint128,uint64)	1	Error: server returned an error response: error code 3: execution reverted 
0x1a684C688AcA00944B22B9380219c7bBbC3B7fB9	markets(uint256)(address,address,(address,address,uint16,uint16,uint16),uint8,uint256,uint256,uint256,uint128,uint128,uint64)	1	Error: server returned an error response: error code 3: execution reverted 
0x1a684C688AcA00944B22B9380219c7bBbC3B7fB9	markets(uint256)(address,address,(address,address,uint16,uint16,uint16),uint8,uint256,uint256,uint256,uint128,uint128,uint64)	1	Error: server returned an error response: error code 3: execution reverted 
0x1a684C688AcA00944B22B9380219c7bBbC3B7fB9	markets(uint256)(address,address,(address,address,uint16,uint16,uint16),uint8,uint256,uint256,uint256,uint128,uint128,uint64)	1	Error: server returned an error response: error code 3: execution reverted 
0x1a684C688AcA00944B22B9380219c7bBbC3B7fB9	markets(uint256)(address,address,(address,address,uint16,uint16,uint16),uint8,uint256,uint256,uint256,uint128,uint128,uint64)	1	Error: server returned an error response: error code 3: execution reverted 
0x1a684C688AcA00944B22B9380219c7bBbC3B7fB9	markets(uint256)(address,address,(address,address,uint16,uint16,uint16),uint8,uint256,uint256,uint256,uint128,uint128,uint64)	1	Error: server returned an error response: error code 3: execution reverted 
0x1a684C688AcA00944B22B9380219c7bBbC3B7fB9	markets(uint256)(address,address,(address,address,uint16,uint16,uint16),uint8,uint256,uint256,uint256,uint128,uint128,uint64)	1	Error: server returned an error response: error code 3: execution reverted 
0x1a684C688AcA00944B22B9380219c7bBbC3B7fB9	markets(uint256)(address,address,(address,address,uint16,uint16,uint16),uint8,uint256,uint256,uint256,uint128,uint128,uint64)	1	Error: server returned an error response: error code 3: execution reverted 
0x1a684C688AcA00944B22B9380219c7bBbC3B7fB9	markets(uint256)(address,address,(address,address,uint16,uint16,uint16),uint8,uint256,uint256,uint256,uint128,uint128,uint64)	1	Error: server returned an error response: error code 3: execution reverted 
0x426713c9E9522Bd840b8506BC14a3fE761A5fBd8	asset()(address)	0	0x7F5c764cBc14f9669B88837ca1490cCa17c31607 
0x426713c9E9522Bd840b8506BC14a3fE761A5fBd8	name()(string)	0	"Cozy Set" 
0x426713c9E9522Bd840b8506BC14a3fE761A5fBd8	symbol()(string)	0	"CSET" 
0x426713c9E9522Bd840b8506BC14a3fE761A5fBd8	decimals()(uint8)	0	6 
0x426713c9E9522Bd840b8506BC14a3fE761A5fBd8	totalSupply()(uint256)	0	10012047690 [1.001e10] 
0x426713c9E9522Bd840b8506BC14a3fE761A5fBd8	totalCollateralAvailable()(uint256)	0	1136732509 [1.136e9] 
0x426713c9E9522Bd840b8506BC14a3fE761A5fBd8	maxDeposit()(uint256)	0	4998849324378 [4.998e12] 
0x426713c9E9522Bd840b8506BC14a3fE761A5fBd8	setState()(uint8)	0	1 
0x426713c9E9522Bd840b8506BC14a3fE761A5fBd8	owner()(address)	0	0xbb83D92c8D2b1523b6Be79C822c20865D70321cC 
0x426713c9E9522Bd840b8506BC14a3fE761A5fBd8	pauser()(address)	0	0xbb83D92c8D2b1523b6Be79C822c20865D70321cC 
0x426713c9E9522Bd840b8506BC14a3fE761A5fBd8	manager()(address)	0	0x7eDfAd1b566657a236C8422bA6997536BC647a29 
0x426713c9E9522Bd840b8506BC14a3fE761A5fBd8	backstop()(address)	0	0xCB4c5190017CB106803d6d5225E21A06231B11ff 
0x426713c9E9522Bd840b8506BC14a3fE761A5fBd8	ptokenFactory()(address)	0	0x20433C2FB6CD1C9472147452183B32c3c746989E 
0x426713c9E9522Bd840b8506BC14a3fE761A5fBd8	setConfig()(uint32,uint16,bool)	0	10000 [1e4] 0 true 
0x426713c9E9522Bd840b8506BC14a3fE761A5fBd8	accounting()(uint128,uint128,uint128,uint128,uint128,uint128,uint128)	0	1150675622 [1.15e9] 0 0 
0x426713c9E9522Bd840b8506BC14a3fE761A5fBd8	lastConfigUpdate()(bytes32,uint64,uint64)	0	0x0000000000000000000000000000000000000000000000000000000000000000 0 0 
0x426713c9E9522Bd840b8506BC14a3fE761A5fBd8	markets(uint256)(address,address,(address,address,uint16,uint16,uint16),uint8,uint256,uint256,uint256,uint128,uint128,uint64)	0	0x2086DcfB21761183ed0b20812F61F0984096AF99 0x41701936CD5F4B8F5284dB0C68f0c2B9dF3B1618 (0xa2dA869864df08B2Cf9bfbe83b32AcC00F0a1334, 0xcf35f1b126C31E5A9a3b7Ccd6a960cea611d03D3, 10000 [1e4], 0, 1000) 
0x426713c9E9522Bd840b8506BC14a3fE761A5fBd8	markets(uint256)(address,address,(address,address,uint16,uint16,uint16),uint8,uint256,uint256,uint256,uint128,uint128,uint64)	1	Error: server returned an error response: error code 3: execution reverted 
0x426713c9E9522Bd840b8506BC14a3fE761A5fBd8	markets(uint256)(address,address,(address,address,uint16,uint16,uint16),uint8,uint256,uint256,uint256,uint128,uint128,uint64)	1	Error: server returned an error response: error code 3: execution reverted 
0x426713c9E9522Bd840b8506BC14a3fE761A5fBd8	markets(uint256)(address,address,(address,address,uint16,uint16,uint16),uint8,uint256,uint256,uint256,uint128,uint128,uint64)	1	Error: server returned an error response: error code 3: execution reverted 
0x426713c9E9522Bd840b8506BC14a3fE761A5fBd8	markets(uint256)(address,address,(address,address,uint16,uint16,uint16),uint8,uint256,uint256,uint256,uint128,uint128,uint64)	1	Error: server returned an error response: error code 3: execution reverted 
0x426713c9E9522Bd840b8506BC14a3fE761A5fBd8	markets(uint256)(address,address,(address,address,uint16,uint16,uint16),uint8,uint256,uint256,uint256,uint128,uint128,uint64)	1	Error: server returned an error response: error code 3: execution reverted 
0x426713c9E9522Bd840b8506BC14a3fE761A5fBd8	markets(uint256)(address,address,(address,address,uint16,uint16,uint16),uint8,uint256,uint256,uint256,uint128,uint128,uint64)	1	Error: server returned an error response: error code 3: execution reverted 
0x426713c9E9522Bd840b8506BC14a3fE761A5fBd8	markets(uint256)(address,address,(address,address,uint16,uint16,uint16),uint8,uint256,uint256,uint256,uint128,uint128,uint64)	1	Error: server returned an error response: error code 3: execution reverted 
0x426713c9E9522Bd840b8506BC14a3fE761A5fBd8	markets(uint256)(address,address,(address,address,uint16,uint16,uint16),uint8,uint256,uint256,uint256,uint128,uint128,uint64)	1	Error: server returned an error response: error code 3: execution reverted 
0x426713c9E9522Bd840b8506BC14a3fE761A5fBd8	markets(uint256)(address,address,(address,address,uint16,uint16,uint16),uint8,uint256,uint256,uint256,uint128,uint128,uint64)	1	Error: server returned an error response: error code 3: execution reverted 
0x426713c9E9522Bd840b8506BC14a3fE761A5fBd8	markets(uint256)(address,address,(address,address,uint16,uint16,uint16),uint8,uint256,uint256,uint256,uint128,uint128,uint64)	1	Error: server returned an error response: error code 3: execution reverted 
0x426713c9E9522Bd840b8506BC14a3fE761A5fBd8	markets(uint256)(address,address,(address,address,uint16,uint16,uint16),uint8,uint256,uint256,uint256,uint128,uint128,uint64)	1	Error: server returned an error response: error code 3: execution reverted 
0x426713c9E9522Bd840b8506BC14a3fE761A5fBd8	markets(uint256)(address,address,(address,address,uint16,uint16,uint16),uint8,uint256,uint256,uint256,uint128,uint128,uint64)	1	Error: server returned an error response: error code 3: execution reverted 
0x426713c9E9522Bd840b8506BC14a3fE761A5fBd8	markets(uint256)(address,address,(address,address,uint16,uint16,uint16),uint8,uint256,uint256,uint256,uint128,uint128,uint64)	1	Error: server returned an error response: error code 3: execution reverted 
0x426713c9E9522Bd840b8506BC14a3fE761A5fBd8	markets(uint256)(address,address,(address,address,uint16,uint16,uint16),uint8,uint256,uint256,uint256,uint128,uint128,uint64)	1	Error: server returned an error response: error code 3: execution reverted 
0x426713c9E9522Bd840b8506BC14a3fE761A5fBd8	markets(uint256)(address,address,(address,address,uint16,uint16,uint16),uint8,uint256,uint256,uint256,uint128,uint128,uint64)	1	Error: server returned an error response: error code 3: execution reverted 
0xfB8b6E5b35b70324701adE10dafbdEFb8D0EB276	asset()(address)	0	0x7F5c764cBc14f9669B88837ca1490cCa17c31607 
0xfB8b6E5b35b70324701adE10dafbdEFb8D0EB276	name()(string)	0	"Cozy Set" 
0xfB8b6E5b35b70324701adE10dafbdEFb8D0EB276	symbol()(string)	0	"CSET" 
0xfB8b6E5b35b70324701adE10dafbdEFb8D0EB276	decimals()(uint8)	0	6 
0xfB8b6E5b35b70324701adE10dafbdEFb8D0EB276	totalSupply()(uint256)	0	0 
0xfB8b6E5b35b70324701adE10dafbdEFb8D0EB276	totalCollateralAvailable()(uint256)	0	0 
0xfB8b6E5b35b70324701adE10dafbdEFb8D0EB276	maxDeposit()(uint256)	0	5000000000000 [5e12] 
0xfB8b6E5b35b70324701adE10dafbdEFb8D0EB276	setState()(uint8)	0	1 
0xfB8b6E5b35b70324701adE10dafbdEFb8D0EB276	owner()(address)	0	0x60354928aC956C6fEcf14b3C086f468a44750040 
0xfB8b6E5b35b70324701adE10dafbdEFb8D0EB276	pauser()(address)	0	0x60354928aC956C6fEcf14b3C086f468a44750040 
0xfB8b6E5b35b70324701adE10dafbdEFb8D0EB276	manager()(address)	0	0x7eDfAd1b566657a236C8422bA6997536BC647a29 
0xfB8b6E5b35b70324701adE10dafbdEFb8D0EB276	backstop()(address)	0	0xCB4c5190017CB106803d6d5225E21A06231B11ff 
0xfB8b6E5b35b70324701adE10dafbdEFb8D0EB276	ptokenFactory()(address)	0	0x20433C2FB6CD1C9472147452183B32c3c746989E 
0xfB8b6E5b35b70324701adE10dafbdEFb8D0EB276	setConfig()(uint32,uint16,bool)	0	10000 [1e4] 0 true 
0xfB8b6E5b35b70324701adE10dafbdEFb8D0EB276	accounting()(uint128,uint128,uint128,uint128,uint128,uint128,uint128)	0	0 0 0 
0xfB8b6E5b35b70324701adE10dafbdEFb8D0EB276	lastConfigUpdate()(bytes32,uint64,uint64)	0	0x0000000000000000000000000000000000000000000000000000000000000000 0 0 
0xfB8b6E5b35b70324701adE10dafbdEFb8D0EB276	markets(uint256)(address,address,(address,address,uint16,uint16,uint16),uint8,uint256,uint256,uint256,uint128,uint128,uint64)	0	0x658CeBADEa3a833EB7E186bE626Ae88496A6F76E 0x41701936CD5F4B8F5284dB0C68f0c2B9dF3B1618 (0xa2dA869864df08B2Cf9bfbe83b32AcC00F0a1334, 0xcf35f1b126C31E5A9a3b7Ccd6a960cea611d03D3, 10000 [1e4], 0, 1000) 
0xfB8b6E5b35b70324701adE10dafbdEFb8D0EB276	markets(uint256)(address,address,(address,address,uint16,uint16,uint16),uint8,uint256,uint256,uint256,uint128,uint128,uint64)	1	Error: server returned an error response: error code 3: execution reverted 
0xfB8b6E5b35b70324701adE10dafbdEFb8D0EB276	markets(uint256)(address,address,(address,address,uint16,uint16,uint16),uint8,uint256,uint256,uint256,uint128,uint128,uint64)	1	Error: server returned an error response: error code 3: execution reverted 
0xfB8b6E5b35b70324701adE10dafbdEFb8D0EB276	markets(uint256)(address,address,(address,address,uint16,uint16,uint16),uint8,uint256,uint256,uint256,uint128,uint128,uint64)	1	Error: server returned an error response: error code 3: execution reverted 
0xfB8b6E5b35b70324701adE10dafbdEFb8D0EB276	markets(uint256)(address,address,(address,address,uint16,uint16,uint16),uint8,uint256,uint256,uint256,uint128,uint128,uint64)	1	Error: server returned an error response: error code 3: execution reverted 
0xfB8b6E5b35b70324701adE10dafbdEFb8D0EB276	markets(uint256)(address,address,(address,address,uint16,uint16,uint16),uint8,uint256,uint256,uint256,uint128,uint128,uint64)	1	Error: server returned an error response: error code 3: execution reverted 
0xfB8b6E5b35b70324701adE10dafbdEFb8D0EB276	markets(uint256)(address,address,(address,address,uint16,uint16,uint16),uint8,uint256,uint256,uint256,uint128,uint128,uint64)	1	Error: server returned an error response: error code 3: execution reverted 
0xfB8b6E5b35b70324701adE10dafbdEFb8D0EB276	markets(uint256)(address,address,(address,address,uint16,uint16,uint16),uint8,uint256,uint256,uint256,uint128,uint128,uint64)	1	Error: server returned an error response: error code 3: execution reverted 
0xfB8b6E5b35b70324701adE10dafbdEFb8D0EB276	markets(uint256)(address,address,(address,address,uint16,uint16,uint16),uint8,uint256,uint256,uint256,uint128,uint128,uint64)	1	Error: server returned an error response: error code 3: execution reverted 
0xfB8b6E5b35b70324701adE10dafbdEFb8D0EB276	markets(uint256)(address,address,(address,address,uint16,uint16,uint16),uint8,uint256,uint256,uint256,uint128,uint128,uint64)	1	Error: server returned an error response: error code 3: execution reverted 
0xfB8b6E5b35b70324701adE10dafbdEFb8D0EB276	markets(uint256)(address,address,(address,address,uint16,uint16,uint16),uint8,uint256,uint256,uint256,uint128,uint128,uint64)	1	Error: server returned an error response: error code 3: execution reverted 
0xfB8b6E5b35b70324701adE10dafbdEFb8D0EB276	markets(uint256)(address,address,(address,address,uint16,uint16,uint16),uint8,uint256,uint256,uint256,uint128,uint128,uint64)	1	Error: server returned an error response: error code 3: execution reverted 
0xfB8b6E5b35b70324701adE10dafbdEFb8D0EB276	markets(uint256)(address,address,(address,address,uint16,uint16,uint16),uint8,uint256,uint256,uint256,uint128,uint128,uint64)	1	Error: server returned an error response: error code 3: execution reverted 
0xfB8b6E5b35b70324701adE10dafbdEFb8D0EB276	markets(uint256)(address,address,(address,address,uint16,uint16,uint16),uint8,uint256,uint256,uint256,uint128,uint128,uint64)	1	Error: server returned an error response: error code 3: execution reverted 
0xfB8b6E5b35b70324701adE10dafbdEFb8D0EB276	markets(uint256)(address,address,(address,address,uint16,uint16,uint16),uint8,uint256,uint256,uint256,uint128,uint128,uint64)	1	Error: server returned an error response: error code 3: execution reverted 
0xfB8b6E5b35b70324701adE10dafbdEFb8D0EB276	markets(uint256)(address,address,(address,address,uint16,uint16,uint16),uint8,uint256,uint256,uint256,uint128,uint128,uint64)	1	Error: server returned an error response: error code 3: execution reverted 
== MARKETS DETAIL (index per set)
0x17705474203F7ff7ba8a940c433AB43D1F58E249	remainingProtection(uint16)(uint256)	0	0 
0x17705474203F7ff7ba8a940c433AB43D1F58E249	effectiveActiveProtection(uint16)(uint256)	0	1166682325 [1.166e9] 
0x17705474203F7ff7ba8a940c433AB43D1F58E249	previewPurchase(uint16,uint256)(uint128,uint128,uint128,uint128,uint128)	1	Error: server returned an error response: error code 3: execution reverted: %.%, data: "0x25062e25" 
0x17705474203F7ff7ba8a940c433AB43D1F58E249	previewClaim(uint16,uint256)(uint128)	0	99408741 [9.94e7] 
0x17705474203F7ff7ba8a940c433AB43D1F58E249	previewClaim(uint16,uint256)(uint128)	0	0 
0x17705474203F7ff7ba8a940c433AB43D1F58E249	previewSale(uint16,uint256)(uint128,uint128,uint128,uint128)	1	Error: server returned an error response: error code 3: execution reverted 
0x17705474203F7ff7ba8a940c433AB43D1F58E249	remainingProtection(uint16)(uint256)	0	0 
0x17705474203F7ff7ba8a940c433AB43D1F58E249	effectiveActiveProtection(uint16)(uint256)	0	303908437 [3.039e8] 
0x17705474203F7ff7ba8a940c433AB43D1F58E249	previewPurchase(uint16,uint256)(uint128,uint128,uint128,uint128,uint128)	1	Error: server returned an error response: error code 3: execution reverted: %.%, data: "0x25062e25" 
0x17705474203F7ff7ba8a940c433AB43D1F58E249	previewClaim(uint16,uint256)(uint128)	1	Error: server returned an error response: error code 3: execution reverted, data: "0xbaf3f0f7" 
0x17705474203F7ff7ba8a940c433AB43D1F58E249	previewClaim(uint16,uint256)(uint128)	1	Error: server returned an error response: error code 3: execution reverted, data: "0xbaf3f0f7" 
0x17705474203F7ff7ba8a940c433AB43D1F58E249	previewSale(uint16,uint256)(uint128,uint128,uint128,uint128)	1	Error: server returned an error response: error code 3: execution reverted 
0x17705474203F7ff7ba8a940c433AB43D1F58E249	remainingProtection(uint16)(uint256)	0	0 
0x17705474203F7ff7ba8a940c433AB43D1F58E249	effectiveActiveProtection(uint16)(uint256)	0	1419502194 [1.419e9] 
0x17705474203F7ff7ba8a940c433AB43D1F58E249	previewPurchase(uint16,uint256)(uint128,uint128,uint128,uint128,uint128)	1	Error: server returned an error response: error code 3: execution reverted: %.%, data: "0x25062e25" 
0x17705474203F7ff7ba8a940c433AB43D1F58E249	previewClaim(uint16,uint256)(uint128)	1	Error: server returned an error response: error code 3: execution reverted, data: "0xbaf3f0f7" 
0x17705474203F7ff7ba8a940c433AB43D1F58E249	previewClaim(uint16,uint256)(uint128)	1	Error: server returned an error response: error code 3: execution reverted, data: "0xbaf3f0f7" 
0x17705474203F7ff7ba8a940c433AB43D1F58E249	previewSale(uint16,uint256)(uint128,uint128,uint128,uint128)	1	Error: server returned an error response: error code 3: execution reverted 
0x17705474203F7ff7ba8a940c433AB43D1F58E249	remainingProtection(uint16)(uint256)	0	0 
0x17705474203F7ff7ba8a940c433AB43D1F58E249	effectiveActiveProtection(uint16)(uint256)	0	125551738721 [1.255e11] 
0x17705474203F7ff7ba8a940c433AB43D1F58E249	previewPurchase(uint16,uint256)(uint128,uint128,uint128,uint128,uint128)	1	Error: server returned an error response: error code 3: execution reverted: %.%, data: "0x25062e25" 
0x17705474203F7ff7ba8a940c433AB43D1F58E249	previewClaim(uint16,uint256)(uint128)	1	Error: server returned an error response: error code 3: execution reverted, data: "0xbaf3f0f7" 
0x17705474203F7ff7ba8a940c433AB43D1F58E249	previewClaim(uint16,uint256)(uint128)	1	Error: server returned an error response: error code 3: execution reverted, data: "0xbaf3f0f7" 
0x17705474203F7ff7ba8a940c433AB43D1F58E249	previewSale(uint16,uint256)(uint128,uint128,uint128,uint128)	1	Error: server returned an error response: error code 3: execution reverted 
0x17705474203F7ff7ba8a940c433AB43D1F58E249	remainingProtection(uint16)(uint256)	0	0 
0x17705474203F7ff7ba8a940c433AB43D1F58E249	effectiveActiveProtection(uint16)(uint256)	0	702128103 [7.021e8] 
0x17705474203F7ff7ba8a940c433AB43D1F58E249	previewPurchase(uint16,uint256)(uint128,uint128,uint128,uint128,uint128)	1	Error: server returned an error response: error code 3: execution reverted: %.%, data: "0x25062e25" 
0x17705474203F7ff7ba8a940c433AB43D1F58E249	previewClaim(uint16,uint256)(uint128)	1	Error: server returned an error response: error code 3: execution reverted, data: "0xbaf3f0f7" 
0x17705474203F7ff7ba8a940c433AB43D1F58E249	previewClaim(uint16,uint256)(uint128)	1	Error: server returned an error response: error code 3: execution reverted, data: "0xbaf3f0f7" 
0x17705474203F7ff7ba8a940c433AB43D1F58E249	previewSale(uint16,uint256)(uint128,uint128,uint128,uint128)	1	Error: server returned an error response: error code 3: execution reverted 
0x17705474203F7ff7ba8a940c433AB43D1F58E249	remainingProtection(uint16)(uint256)	0	0 
0x17705474203F7ff7ba8a940c433AB43D1F58E249	effectiveActiveProtection(uint16)(uint256)	0	1041793765 [1.041e9] 
0x17705474203F7ff7ba8a940c433AB43D1F58E249	previewPurchase(uint16,uint256)(uint128,uint128,uint128,uint128,uint128)	1	Error: server returned an error response: error code 3: execution reverted: %.%, data: "0x25062e25" 
0x17705474203F7ff7ba8a940c433AB43D1F58E249	previewClaim(uint16,uint256)(uint128)	0	99817878 [9.981e7] 
0x17705474203F7ff7ba8a940c433AB43D1F58E249	previewClaim(uint16,uint256)(uint128)	0	0 
0x17705474203F7ff7ba8a940c433AB43D1F58E249	previewSale(uint16,uint256)(uint128,uint128,uint128,uint128)	1	Error: server returned an error response: error code 3: execution reverted 
0x17705474203F7ff7ba8a940c433AB43D1F58E249	remainingProtection(uint16)(uint256)	0	0 
0x17705474203F7ff7ba8a940c433AB43D1F58E249	effectiveActiveProtection(uint16)(uint256)	0	2310934688 [2.31e9] 
0x17705474203F7ff7ba8a940c433AB43D1F58E249	previewPurchase(uint16,uint256)(uint128,uint128,uint128,uint128,uint128)	1	Error: server returned an error response: error code 3: execution reverted: %.%, data: "0x25062e25" 
0x17705474203F7ff7ba8a940c433AB43D1F58E249	previewClaim(uint16,uint256)(uint128)	1	Error: server returned an error response: error code 3: execution reverted, data: "0xbaf3f0f7" 
0x17705474203F7ff7ba8a940c433AB43D1F58E249	previewClaim(uint16,uint256)(uint128)	1	Error: server returned an error response: error code 3: execution reverted, data: "0xbaf3f0f7" 
0x17705474203F7ff7ba8a940c433AB43D1F58E249	previewSale(uint16,uint256)(uint128,uint128,uint128,uint128)	1	Error: server returned an error response: error code 3: execution reverted 
0x17705474203F7ff7ba8a940c433AB43D1F58E249	remainingProtection(uint16)(uint256)	1	Error: server returned an error response: error code 3: execution reverted: panic: array out-of-bounds access (0x32), data: "0x4e487b710000000000000000000000000000000000000000000000000000000000000032" 
0x17705474203F7ff7ba8a940c433AB43D1F58E249	effectiveActiveProtection(uint16)(uint256)	1	Error: server returned an error response: error code 3: execution reverted: panic: array out-of-bounds access (0x32), data: "0x4e487b710000000000000000000000000000000000000000000000000000000000000032" 
0x17705474203F7ff7ba8a940c433AB43D1F58E249	previewPurchase(uint16,uint256)(uint128,uint128,uint128,uint128,uint128)	1	Error: server returned an error response: error code 3: execution reverted: panic: array out-of-bounds access (0x32), data: "0x4e487b710000000000000000000000000000000000000000000000000000000000000032" 
0x17705474203F7ff7ba8a940c433AB43D1F58E249	previewClaim(uint16,uint256)(uint128)	1	Error: server returned an error response: error code 3: execution reverted: panic: array out-of-bounds access (0x32), data: "0x4e487b710000000000000000000000000000000000000000000000000000000000000032" 
0x17705474203F7ff7ba8a940c433AB43D1F58E249	previewClaim(uint16,uint256)(uint128)	1	Error: server returned an error response: error code 3: execution reverted: panic: array out-of-bounds access (0x32), data: "0x4e487b710000000000000000000000000000000000000000000000000000000000000032" 
0x17705474203F7ff7ba8a940c433AB43D1F58E249	previewSale(uint16,uint256)(uint128,uint128,uint128,uint128)	1	Error: server returned an error response: error code 3: execution reverted 
0x17705474203F7ff7ba8a940c433AB43D1F58E249	remainingProtection(uint16)(uint256)	1	Error: server returned an error response: error code 3: execution reverted: panic: array out-of-bounds access (0x32), data: "0x4e487b710000000000000000000000000000000000000000000000000000000000000032" 
0x17705474203F7ff7ba8a940c433AB43D1F58E249	effectiveActiveProtection(uint16)(uint256)	1	Error: server returned an error response: error code 3: execution reverted: panic: array out-of-bounds access (0x32), data: "0x4e487b710000000000000000000000000000000000000000000000000000000000000032" 
0x17705474203F7ff7ba8a940c433AB43D1F58E249	previewPurchase(uint16,uint256)(uint128,uint128,uint128,uint128,uint128)	1	Error: server returned an error response: error code 3: execution reverted: panic: array out-of-bounds access (0x32), data: "0x4e487b710000000000000000000000000000000000000000000000000000000000000032" 
0x17705474203F7ff7ba8a940c433AB43D1F58E249	previewClaim(uint16,uint256)(uint128)	1	Error: server returned an error response: error code 3: execution reverted: panic: array out-of-bounds access (0x32), data: "0x4e487b710000000000000000000000000000000000000000000000000000000000000032" 
0x17705474203F7ff7ba8a940c433AB43D1F58E249	previewClaim(uint16,uint256)(uint128)	1	Error: server returned an error response: error code 3: execution reverted: panic: array out-of-bounds access (0x32), data: "0x4e487b710000000000000000000000000000000000000000000000000000000000000032" 
0x17705474203F7ff7ba8a940c433AB43D1F58E249	previewSale(uint16,uint256)(uint128,uint128,uint128,uint128)	1	Error: server returned an error response: error code 3: execution reverted 
0x17705474203F7ff7ba8a940c433AB43D1F58E249	remainingProtection(uint16)(uint256)	1	Error: server returned an error response: error code 3: execution reverted: panic: array out-of-bounds access (0x32), data: "0x4e487b710000000000000000000000000000000000000000000000000000000000000032" 
0x17705474203F7ff7ba8a940c433AB43D1F58E249	effectiveActiveProtection(uint16)(uint256)	1	Error: server returned an error response: error code 3: execution reverted: panic: array out-of-bounds access (0x32), data: "0x4e487b710000000000000000000000000000000000000000000000000000000000000032" 
0x17705474203F7ff7ba8a940c433AB43D1F58E249	previewPurchase(uint16,uint256)(uint128,uint128,uint128,uint128,uint128)	1	Error: server returned an error response: error code 3: execution reverted: panic: array out-of-bounds access (0x32), data: "0x4e487b710000000000000000000000000000000000000000000000000000000000000032" 
0x17705474203F7ff7ba8a940c433AB43D1F58E249	previewClaim(uint16,uint256)(uint128)	1	Error: server returned an error response: error code 3: execution reverted: panic: array out-of-bounds access (0x32), data: "0x4e487b710000000000000000000000000000000000000000000000000000000000000032" 
0x17705474203F7ff7ba8a940c433AB43D1F58E249	previewClaim(uint16,uint256)(uint128)	1	Error: server returned an error response: error code 3: execution reverted: panic: array out-of-bounds access (0x32), data: "0x4e487b710000000000000000000000000000000000000000000000000000000000000032" 
0x17705474203F7ff7ba8a940c433AB43D1F58E249	previewSale(uint16,uint256)(uint128,uint128,uint128,uint128)	1	Error: server returned an error response: error code 3: execution reverted 
0x17705474203F7ff7ba8a940c433AB43D1F58E249	remainingProtection(uint16)(uint256)	1	Error: server returned an error response: error code 3: execution reverted: panic: array out-of-bounds access (0x32), data: "0x4e487b710000000000000000000000000000000000000000000000000000000000000032" 
0x17705474203F7ff7ba8a940c433AB43D1F58E249	effectiveActiveProtection(uint16)(uint256)	1	Error: server returned an error response: error code 3: execution reverted: panic: array out-of-bounds access (0x32), data: "0x4e487b710000000000000000000000000000000000000000000000000000000000000032" 
0x17705474203F7ff7ba8a940c433AB43D1F58E249	previewPurchase(uint16,uint256)(uint128,uint128,uint128,uint128,uint128)	1	Error: server returned an error response: error code 3: execution reverted: panic: array out-of-bounds access (0x32), data: "0x4e487b710000000000000000000000000000000000000000000000000000000000000032" 
0x17705474203F7ff7ba8a940c433AB43D1F58E249	previewClaim(uint16,uint256)(uint128)	1	Error: server returned an error response: error code 3: execution reverted: panic: array out-of-bounds access (0x32), data: "0x4e487b710000000000000000000000000000000000000000000000000000000000000032" 
0x17705474203F7ff7ba8a940c433AB43D1F58E249	previewClaim(uint16,uint256)(uint128)	1	Error: server returned an error response: error code 3: execution reverted: panic: array out-of-bounds access (0x32), data: "0x4e487b710000000000000000000000000000000000000000000000000000000000000032" 
0x17705474203F7ff7ba8a940c433AB43D1F58E249	previewSale(uint16,uint256)(uint128,uint128,uint128,uint128)	1	Error: server returned an error response: error code 3: execution reverted 
0x17705474203F7ff7ba8a940c433AB43D1F58E249	remainingProtection(uint16)(uint256)	1	Error: server returned an error response: error code 3: execution reverted: panic: array out-of-bounds access (0x32), data: "0x4e487b710000000000000000000000000000000000000000000000000000000000000032" 
0x17705474203F7ff7ba8a940c433AB43D1F58E249	effectiveActiveProtection(uint16)(uint256)	1	Error: server returned an error response: error code 3: execution reverted: panic: array out-of-bounds access (0x32), data: "0x4e487b710000000000000000000000000000000000000000000000000000000000000032" 
0x17705474203F7ff7ba8a940c433AB43D1F58E249	previewPurchase(uint16,uint256)(uint128,uint128,uint128,uint128,uint128)	1	Error: server returned an error response: error code 3: execution reverted: panic: array out-of-bounds access (0x32), data: "0x4e487b710000000000000000000000000000000000000000000000000000000000000032" 
0x17705474203F7ff7ba8a940c433AB43D1F58E249	previewClaim(uint16,uint256)(uint128)	1	Error: server returned an error response: error code 3: execution reverted: panic: array out-of-bounds access (0x32), data: "0x4e487b710000000000000000000000000000000000000000000000000000000000000032" 
0x17705474203F7ff7ba8a940c433AB43D1F58E249	previewClaim(uint16,uint256)(uint128)	1	Error: server returned an error response: error code 3: execution reverted: panic: array out-of-bounds access (0x32), data: "0x4e487b710000000000000000000000000000000000000000000000000000000000000032" 
0x17705474203F7ff7ba8a940c433AB43D1F58E249	previewSale(uint16,uint256)(uint128,uint128,uint128,uint128)	1	Error: server returned an error response: error code 3: execution reverted 
0x17705474203F7ff7ba8a940c433AB43D1F58E249	remainingProtection(uint16)(uint256)	1	Error: server returned an error response: error code 3: execution reverted: panic: array out-of-bounds access (0x32), data: "0x4e487b710000000000000000000000000000000000000000000000000000000000000032" 
0x17705474203F7ff7ba8a940c433AB43D1F58E249	effectiveActiveProtection(uint16)(uint256)	1	Error: server returned an error response: error code 3: execution reverted: panic: array out-of-bounds access (0x32), data: "0x4e487b710000000000000000000000000000000000000000000000000000000000000032" 
0x17705474203F7ff7ba8a940c433AB43D1F58E249	previewPurchase(uint16,uint256)(uint128,uint128,uint128,uint128,uint128)	1	Error: server returned an error response: error code 3: execution reverted: panic: array out-of-bounds access (0x32), data: "0x4e487b710000000000000000000000000000000000000000000000000000000000000032" 
0x17705474203F7ff7ba8a940c433AB43D1F58E249	previewClaim(uint16,uint256)(uint128)	1	Error: server returned an error response: error code 3: execution reverted: panic: array out-of-bounds access (0x32), data: "0x4e487b710000000000000000000000000000000000000000000000000000000000000032" 
0x17705474203F7ff7ba8a940c433AB43D1F58E249	previewClaim(uint16,uint256)(uint128)	1	Error: server returned an error response: error code 3: execution reverted: panic: array out-of-bounds access (0x32), data: "0x4e487b710000000000000000000000000000000000000000000000000000000000000032" 
0x17705474203F7ff7ba8a940c433AB43D1F58E249	previewSale(uint16,uint256)(uint128,uint128,uint128,uint128)	1	Error: server returned an error response: error code 3: execution reverted 
0x17705474203F7ff7ba8a940c433AB43D1F58E249	remainingProtection(uint16)(uint256)	1	Error: server returned an error response: error code 3: execution reverted: panic: array out-of-bounds access (0x32), data: "0x4e487b710000000000000000000000000000000000000000000000000000000000000032" 
0x17705474203F7ff7ba8a940c433AB43D1F58E249	effectiveActiveProtection(uint16)(uint256)	1	Error: server returned an error response: error code 3: execution reverted: panic: array out-of-bounds access (0x32), data: "0x4e487b710000000000000000000000000000000000000000000000000000000000000032" 
0x17705474203F7ff7ba8a940c433AB43D1F58E249	previewPurchase(uint16,uint256)(uint128,uint128,uint128,uint128,uint128)	1	Error: server returned an error response: error code 3: execution reverted: panic: array out-of-bounds access (0x32), data: "0x4e487b710000000000000000000000000000000000000000000000000000000000000032" 
0x17705474203F7ff7ba8a940c433AB43D1F58E249	previewClaim(uint16,uint256)(uint128)	1	Error: server returned an error response: error code 3: execution reverted: panic: array out-of-bounds access (0x32), data: "0x4e487b710000000000000000000000000000000000000000000000000000000000000032" 
0x17705474203F7ff7ba8a940c433AB43D1F58E249	previewClaim(uint16,uint256)(uint128)	1	Error: server returned an error response: error code 3: execution reverted: panic: array out-of-bounds access (0x32), data: "0x4e487b710000000000000000000000000000000000000000000000000000000000000032" 
0x17705474203F7ff7ba8a940c433AB43D1F58E249	previewSale(uint16,uint256)(uint128,uint128,uint128,uint128)	1	Error: server returned an error response: error code 3: execution reverted 
0x17705474203F7ff7ba8a940c433AB43D1F58E249	remainingProtection(uint16)(uint256)	1	Error: server returned an error response: error code 3: execution reverted: panic: array out-of-bounds access (0x32), data: "0x4e487b710000000000000000000000000000000000000000000000000000000000000032" 
0x17705474203F7ff7ba8a940c433AB43D1F58E249	effectiveActiveProtection(uint16)(uint256)	1	Error: server returned an error response: error code 3: execution reverted: panic: array out-of-bounds access (0x32), data: "0x4e487b710000000000000000000000000000000000000000000000000000000000000032" 
0x17705474203F7ff7ba8a940c433AB43D1F58E249	previewPurchase(uint16,uint256)(uint128,uint128,uint128,uint128,uint128)	1	Error: server returned an error response: error code 3: execution reverted: panic: array out-of-bounds access (0x32), data: "0x4e487b710000000000000000000000000000000000000000000000000000000000000032" 
0x17705474203F7ff7ba8a940c433AB43D1F58E249	previewClaim(uint16,uint256)(uint128)	1	Error: server returned an error response: error code 3: execution reverted: panic: array out-of-bounds access (0x32), data: "0x4e487b710000000000000000000000000000000000000000000000000000000000000032" 
0x17705474203F7ff7ba8a940c433AB43D1F58E249	previewClaim(uint16,uint256)(uint128)	1	Error: server returned an error response: error code 3: execution reverted: panic: array out-of-bounds access (0x32), data: "0x4e487b710000000000000000000000000000000000000000000000000000000000000032" 
0x17705474203F7ff7ba8a940c433AB43D1F58E249	previewSale(uint16,uint256)(uint128,uint128,uint128,uint128)	1	Error: server returned an error response: error code 3: execution reverted 
0x17705474203F7ff7ba8a940c433AB43D1F58E249	remainingProtection(uint16)(uint256)	1	Error: server returned an error response: error code 3: execution reverted: panic: array out-of-bounds access (0x32), data: "0x4e487b710000000000000000000000000000000000000000000000000000000000000032" 
0x17705474203F7ff7ba8a940c433AB43D1F58E249	effectiveActiveProtection(uint16)(uint256)	1	Error: server returned an error response: error code 3: execution reverted: panic: array out-of-bounds access (0x32), data: "0x4e487b710000000000000000000000000000000000000000000000000000000000000032" 
0x17705474203F7ff7ba8a940c433AB43D1F58E249	previewPurchase(uint16,uint256)(uint128,uint128,uint128,uint128,uint128)	1	Error: server returned an error response: error code 3: execution reverted: panic: array out-of-bounds access (0x32), data: "0x4e487b710000000000000000000000000000000000000000000000000000000000000032" 
0x17705474203F7ff7ba8a940c433AB43D1F58E249	previewClaim(uint16,uint256)(uint128)	1	Error: server returned an error response: error code 3: execution reverted: panic: array out-of-bounds access (0x32), data: "0x4e487b710000000000000000000000000000000000000000000000000000000000000032" 
0x17705474203F7ff7ba8a940c433AB43D1F58E249	previewClaim(uint16,uint256)(uint128)	1	Error: server returned an error response: error code 3: execution reverted: panic: array out-of-bounds access (0x32), data: "0x4e487b710000000000000000000000000000000000000000000000000000000000000032" 
0x17705474203F7ff7ba8a940c433AB43D1F58E249	previewSale(uint16,uint256)(uint128,uint128,uint128,uint128)	1	Error: server returned an error response: error code 3: execution reverted 
0x1a684C688AcA00944B22B9380219c7bBbC3B7fB9	remainingProtection(uint16)(uint256)	0	0 
0x1a684C688AcA00944B22B9380219c7bBbC3B7fB9	effectiveActiveProtection(uint16)(uint256)	0	0 
0x1a684C688AcA00944B22B9380219c7bBbC3B7fB9	previewPurchase(uint16,uint256)(uint128,uint128,uint128,uint128,uint128)	1	Error: server returned an error response: error code 3: execution reverted, data: "0x53d13992" 
0x1a684C688AcA00944B22B9380219c7bBbC3B7fB9	previewClaim(uint16,uint256)(uint128)	0	1000000000 [1e9] 
0x1a684C688AcA00944B22B9380219c7bBbC3B7fB9	previewClaim(uint16,uint256)(uint128)	0	1 
0x1a684C688AcA00944B22B9380219c7bBbC3B7fB9	previewSale(uint16,uint256)(uint128,uint128,uint128,uint128)	1	Error: server returned an error response: error code 3: execution reverted 
0x1a684C688AcA00944B22B9380219c7bBbC3B7fB9	remainingProtection(uint16)(uint256)	0	0 
0x1a684C688AcA00944B22B9380219c7bBbC3B7fB9	effectiveActiveProtection(uint16)(uint256)	0	0 
0x1a684C688AcA00944B22B9380219c7bBbC3B7fB9	previewPurchase(uint16,uint256)(uint128,uint128,uint128,uint128,uint128)	1	Error: server returned an error response: error code 3: execution reverted, data: "0x53d13992" 
0x1a684C688AcA00944B22B9380219c7bBbC3B7fB9	previewClaim(uint16,uint256)(uint128)	1	Error: server returned an error response: error code 3: execution reverted, data: "0xbaf3f0f7" 
0x1a684C688AcA00944B22B9380219c7bBbC3B7fB9	previewClaim(uint16,uint256)(uint128)	1	Error: server returned an error response: error code 3: execution reverted, data: "0xbaf3f0f7" 
0x1a684C688AcA00944B22B9380219c7bBbC3B7fB9	previewSale(uint16,uint256)(uint128,uint128,uint128,uint128)	1	Error: server returned an error response: error code 3: execution reverted 
0x1a684C688AcA00944B22B9380219c7bBbC3B7fB9	remainingProtection(uint16)(uint256)	0	0 
0x1a684C688AcA00944B22B9380219c7bBbC3B7fB9	effectiveActiveProtection(uint16)(uint256)	0	0 
0x1a684C688AcA00944B22B9380219c7bBbC3B7fB9	previewPurchase(uint16,uint256)(uint128,uint128,uint128,uint128,uint128)	1	Error: server returned an error response: error code 3: execution reverted, data: "0x53d13992" 
0x1a684C688AcA00944B22B9380219c7bBbC3B7fB9	previewClaim(uint16,uint256)(uint128)	1	Error: server returned an error response: error code 3: execution reverted, data: "0xbaf3f0f7" 
0x1a684C688AcA00944B22B9380219c7bBbC3B7fB9	previewClaim(uint16,uint256)(uint128)	1	Error: server returned an error response: error code 3: execution reverted, data: "0xbaf3f0f7" 
0x1a684C688AcA00944B22B9380219c7bBbC3B7fB9	previewSale(uint16,uint256)(uint128,uint128,uint128,uint128)	1	Error: server returned an error response: error code 3: execution reverted 
0x1a684C688AcA00944B22B9380219c7bBbC3B7fB9	remainingProtection(uint16)(uint256)	0	0 
0x1a684C688AcA00944B22B9380219c7bBbC3B7fB9	effectiveActiveProtection(uint16)(uint256)	0	0 
0x1a684C688AcA00944B22B9380219c7bBbC3B7fB9	previewPurchase(uint16,uint256)(uint128,uint128,uint128,uint128,uint128)	1	Error: server returned an error response: error code 3: execution reverted, data: "0x53d13992" 
0x1a684C688AcA00944B22B9380219c7bBbC3B7fB9	previewClaim(uint16,uint256)(uint128)	1	Error: server returned an error response: error code 3: execution reverted, data: "0xbaf3f0f7" 
0x1a684C688AcA00944B22B9380219c7bBbC3B7fB9	previewClaim(uint16,uint256)(uint128)	1	Error: server returned an error response: error code 3: execution reverted, data: "0xbaf3f0f7" 
0x1a684C688AcA00944B22B9380219c7bBbC3B7fB9	previewSale(uint16,uint256)(uint128,uint128,uint128,uint128)	1	Error: server returned an error response: error code 3: execution reverted 
0x1a684C688AcA00944B22B9380219c7bBbC3B7fB9	remainingProtection(uint16)(uint256)	0	0 
0x1a684C688AcA00944B22B9380219c7bBbC3B7fB9	effectiveActiveProtection(uint16)(uint256)	0	0 
0x1a684C688AcA00944B22B9380219c7bBbC3B7fB9	previewPurchase(uint16,uint256)(uint128,uint128,uint128,uint128,uint128)	1	Error: server returned an error response: error code 3: execution reverted, data: "0x53d13992" 
0x1a684C688AcA00944B22B9380219c7bBbC3B7fB9	previewClaim(uint16,uint256)(uint128)	0	1000000000 [1e9] 
0x1a684C688AcA00944B22B9380219c7bBbC3B7fB9	previewClaim(uint16,uint256)(uint128)	0	1 
0x1a684C688AcA00944B22B9380219c7bBbC3B7fB9	previewSale(uint16,uint256)(uint128,uint128,uint128,uint128)	1	Error: server returned an error response: error code 3: execution reverted 
0x1a684C688AcA00944B22B9380219c7bBbC3B7fB9	remainingProtection(uint16)(uint256)	1	Error: server returned an error response: error code 3: execution reverted: panic: array out-of-bounds access (0x32), data: "0x4e487b710000000000000000000000000000000000000000000000000000000000000032" 
0x1a684C688AcA00944B22B9380219c7bBbC3B7fB9	effectiveActiveProtection(uint16)(uint256)	1	Error: server returned an error response: error code 3: execution reverted: panic: array out-of-bounds access (0x32), data: "0x4e487b710000000000000000000000000000000000000000000000000000000000000032" 
0x1a684C688AcA00944B22B9380219c7bBbC3B7fB9	previewPurchase(uint16,uint256)(uint128,uint128,uint128,uint128,uint128)	1	Error: server returned an error response: error code 3: execution reverted: panic: array out-of-bounds access (0x32), data: "0x4e487b710000000000000000000000000000000000000000000000000000000000000032" 
0x1a684C688AcA00944B22B9380219c7bBbC3B7fB9	previewClaim(uint16,uint256)(uint128)	1	Error: server returned an error response: error code 3: execution reverted: panic: array out-of-bounds access (0x32), data: "0x4e487b710000000000000000000000000000000000000000000000000000000000000032" 
0x1a684C688AcA00944B22B9380219c7bBbC3B7fB9	previewClaim(uint16,uint256)(uint128)	1	Error: server returned an error response: error code 3: execution reverted: panic: array out-of-bounds access (0x32), data: "0x4e487b710000000000000000000000000000000000000000000000000000000000000032" 
0x1a684C688AcA00944B22B9380219c7bBbC3B7fB9	previewSale(uint16,uint256)(uint128,uint128,uint128,uint128)	1	Error: server returned an error response: error code 3: execution reverted 
0x1a684C688AcA00944B22B9380219c7bBbC3B7fB9	remainingProtection(uint16)(uint256)	1	Error: server returned an error response: error code 3: execution reverted: panic: array out-of-bounds access (0x32), data: "0x4e487b710000000000000000000000000000000000000000000000000000000000000032" 
0x1a684C688AcA00944B22B9380219c7bBbC3B7fB9	effectiveActiveProtection(uint16)(uint256)	1	Error: server returned an error response: error code 3: execution reverted: panic: array out-of-bounds access (0x32), data: "0x4e487b710000000000000000000000000000000000000000000000000000000000000032" 
0x1a684C688AcA00944B22B9380219c7bBbC3B7fB9	previewPurchase(uint16,uint256)(uint128,uint128,uint128,uint128,uint128)	1	Error: server returned an error response: error code 3: execution reverted: panic: array out-of-bounds access (0x32), data: "0x4e487b710000000000000000000000000000000000000000000000000000000000000032" 
0x1a684C688AcA00944B22B9380219c7bBbC3B7fB9	previewClaim(uint16,uint256)(uint128)	1	Error: server returned an error response: error code 3: execution reverted: panic: array out-of-bounds access (0x32), data: "0x4e487b710000000000000000000000000000000000000000000000000000000000000032" 
0x1a684C688AcA00944B22B9380219c7bBbC3B7fB9	previewClaim(uint16,uint256)(uint128)	1	Error: server returned an error response: error code 3: execution reverted: panic: array out-of-bounds access (0x32), data: "0x4e487b710000000000000000000000000000000000000000000000000000000000000032" 
0x1a684C688AcA00944B22B9380219c7bBbC3B7fB9	previewSale(uint16,uint256)(uint128,uint128,uint128,uint128)	1	Error: server returned an error response: error code 3: execution reverted 
0x1a684C688AcA00944B22B9380219c7bBbC3B7fB9	remainingProtection(uint16)(uint256)	1	Error: server returned an error response: error code 3: execution reverted: panic: array out-of-bounds access (0x32), data: "0x4e487b710000000000000000000000000000000000000000000000000000000000000032" 
0x1a684C688AcA00944B22B9380219c7bBbC3B7fB9	effectiveActiveProtection(uint16)(uint256)	1	Error: server returned an error response: error code 3: execution reverted: panic: array out-of-bounds access (0x32), data: "0x4e487b710000000000000000000000000000000000000000000000000000000000000032" 
0x1a684C688AcA00944B22B9380219c7bBbC3B7fB9	previewPurchase(uint16,uint256)(uint128,uint128,uint128,uint128,uint128)	1	Error: server returned an error response: error code 3: execution reverted: panic: array out-of-bounds access (0x32), data: "0x4e487b710000000000000000000000000000000000000000000000000000000000000032" 
0x1a684C688AcA00944B22B9380219c7bBbC3B7fB9	previewClaim(uint16,uint256)(uint128)	1	Error: server returned an error response: error code 3: execution reverted: panic: array out-of-bounds access (0x32), data: "0x4e487b710000000000000000000000000000000000000000000000000000000000000032" 
0x1a684C688AcA00944B22B9380219c7bBbC3B7fB9	previewClaim(uint16,uint256)(uint128)	1	Error: server returned an error response: error code 3: execution reverted: panic: array out-of-bounds access (0x32), data: "0x4e487b710000000000000000000000000000000000000000000000000000000000000032" 
0x1a684C688AcA00944B22B9380219c7bBbC3B7fB9	previewSale(uint16,uint256)(uint128,uint128,uint128,uint128)	1	Error: server returned an error response: error code 3: execution reverted 
0x1a684C688AcA00944B22B9380219c7bBbC3B7fB9	remainingProtection(uint16)(uint256)	1	Error: server returned an error response: error code 3: execution reverted: panic: array out-of-bounds access (0x32), data: "0x4e487b710000000000000000000000000000000000000000000000000000000000000032" 
0x1a684C688AcA00944B22B9380219c7bBbC3B7fB9	effectiveActiveProtection(uint16)(uint256)	1	Error: server returned an error response: error code 3: execution reverted: panic: array out-of-bounds access (0x32), data: "0x4e487b710000000000000000000000000000000000000000000000000000000000000032" 
0x1a684C688AcA00944B22B9380219c7bBbC3B7fB9	previewPurchase(uint16,uint256)(uint128,uint128,uint128,uint128,uint128)	1	Error: server returned an error response: error code 3: execution reverted: panic: array out-of-bounds access (0x32), data: "0x4e487b710000000000000000000000000000000000000000000000000000000000000032" 
0x1a684C688AcA00944B22B9380219c7bBbC3B7fB9	previewClaim(uint16,uint256)(uint128)	1	Error: server returned an error response: error code 3: execution reverted: panic: array out-of-bounds access (0x32), data: "0x4e487b710000000000000000000000000000000000000000000000000000000000000032" 
0x1a684C688AcA00944B22B9380219c7bBbC3B7fB9	previewClaim(uint16,uint256)(uint128)	1	Error: server returned an error response: error code 3: execution reverted: panic: array out-of-bounds access (0x32), data: "0x4e487b710000000000000000000000000000000000000000000000000000000000000032" 
0x1a684C688AcA00944B22B9380219c7bBbC3B7fB9	previewSale(uint16,uint256)(uint128,uint128,uint128,uint128)	1	Error: server returned an error response: error code 3: execution reverted 
0x1a684C688AcA00944B22B9380219c7bBbC3B7fB9	remainingProtection(uint16)(uint256)	1	Error: server returned an error response: error code 3: execution reverted: panic: array out-of-bounds access (0x32), data: "0x4e487b710000000000000000000000000000000000000000000000000000000000000032" 
0x1a684C688AcA00944B22B9380219c7bBbC3B7fB9	effectiveActiveProtection(uint16)(uint256)	1	Error: server returned an error response: error code 3: execution reverted: panic: array out-of-bounds access (0x32), data: "0x4e487b710000000000000000000000000000000000000000000000000000000000000032" 
0x1a684C688AcA00944B22B9380219c7bBbC3B7fB9	previewPurchase(uint16,uint256)(uint128,uint128,uint128,uint128,uint128)	1	Error: server returned an error response: error code 3: execution reverted: panic: array out-of-bounds access (0x32), data: "0x4e487b710000000000000000000000000000000000000000000000000000000000000032" 
0x1a684C688AcA00944B22B9380219c7bBbC3B7fB9	previewClaim(uint16,uint256)(uint128)	1	Error: server returned an error response: error code 3: execution reverted: panic: array out-of-bounds access (0x32), data: "0x4e487b710000000000000000000000000000000000000000000000000000000000000032" 
0x1a684C688AcA00944B22B9380219c7bBbC3B7fB9	previewClaim(uint16,uint256)(uint128)	1	Error: server returned an error response: error code 3: execution reverted: panic: array out-of-bounds access (0x32), data: "0x4e487b710000000000000000000000000000000000000000000000000000000000000032" 
0x1a684C688AcA00944B22B9380219c7bBbC3B7fB9	previewSale(uint16,uint256)(uint128,uint128,uint128,uint128)	1	Error: server returned an error response: error code 3: execution reverted 
0x1a684C688AcA00944B22B9380219c7bBbC3B7fB9	remainingProtection(uint16)(uint256)	1	Error: server returned an error response: error code 3: execution reverted: panic: array out-of-bounds access (0x32), data: "0x4e487b710000000000000000000000000000000000000000000000000000000000000032" 
0x1a684C688AcA00944B22B9380219c7bBbC3B7fB9	effectiveActiveProtection(uint16)(uint256)	1	Error: server returned an error response: error code 3: execution reverted: panic: array out-of-bounds access (0x32), data: "0x4e487b710000000000000000000000000000000000000000000000000000000000000032" 
0x1a684C688AcA00944B22B9380219c7bBbC3B7fB9	previewPurchase(uint16,uint256)(uint128,uint128,uint128,uint128,uint128)	1	Error: server returned an error response: error code 3: execution reverted: panic: array out-of-bounds access (0x32), data: "0x4e487b710000000000000000000000000000000000000000000000000000000000000032" 
0x1a684C688AcA00944B22B9380219c7bBbC3B7fB9	previewClaim(uint16,uint256)(uint128)	1	Error: server returned an error response: error code 3: execution reverted: panic: array out-of-bounds access (0x32), data: "0x4e487b710000000000000000000000000000000000000000000000000000000000000032" 
0x1a684C688AcA00944B22B9380219c7bBbC3B7fB9	previewClaim(uint16,uint256)(uint128)	1	Error: server returned an error response: error code 3: execution reverted: panic: array out-of-bounds access (0x32), data: "0x4e487b710000000000000000000000000000000000000000000000000000000000000032" 
0x1a684C688AcA00944B22B9380219c7bBbC3B7fB9	previewSale(uint16,uint256)(uint128,uint128,uint128,uint128)	1	Error: server returned an error response: error code 3: execution reverted 
0x1a684C688AcA00944B22B9380219c7bBbC3B7fB9	remainingProtection(uint16)(uint256)	1	Error: server returned an error response: error code 3: execution reverted: panic: array out-of-bounds access (0x32), data: "0x4e487b710000000000000000000000000000000000000000000000000000000000000032" 
0x1a684C688AcA00944B22B9380219c7bBbC3B7fB9	effectiveActiveProtection(uint16)(uint256)	1	Error: server returned an error response: error code 3: execution reverted: panic: array out-of-bounds access (0x32), data: "0x4e487b710000000000000000000000000000000000000000000000000000000000000032" 
0x1a684C688AcA00944B22B9380219c7bBbC3B7fB9	previewPurchase(uint16,uint256)(uint128,uint128,uint128,uint128,uint128)	1	Error: server returned an error response: error code 3: execution reverted: panic: array out-of-bounds access (0x32), data: "0x4e487b710000000000000000000000000000000000000000000000000000000000000032" 
0x1a684C688AcA00944B22B9380219c7bBbC3B7fB9	previewClaim(uint16,uint256)(uint128)	1	Error: server returned an error response: error code 3: execution reverted: panic: array out-of-bounds access (0x32), data: "0x4e487b710000000000000000000000000000000000000000000000000000000000000032" 
0x1a684C688AcA00944B22B9380219c7bBbC3B7fB9	previewClaim(uint16,uint256)(uint128)	1	Error: server returned an error response: error code 3: execution reverted: panic: array out-of-bounds access (0x32), data: "0x4e487b710000000000000000000000000000000000000000000000000000000000000032" 
0x1a684C688AcA00944B22B9380219c7bBbC3B7fB9	previewSale(uint16,uint256)(uint128,uint128,uint128,uint128)	1	Error: server returned an error response: error code 3: execution reverted 
