symbol	token	getCash	tokenBalanceOf_cToken	totalSupply	totalBorrows	totalReserves
oBANANA	0x603c7f932ED1fc6575303D8Fb018fDCBb0f39a95	1591482769750980619864538 [1.591e24]	1591482769750980619864538 [1.591e24]	5203198841765268 [5.203e15]	19612853344630233124860 [1.961e22]	261502483630944797081 [2.615e20]
oETH	0x2170Ed0880ac9A755fd29B2688956BD959F933F8	6139523707312969402 [6.139e18]	6139523707312969402 [6.139e18]	30618609569 [3.061e10]	228215073359391376 [2.282e17]	1570551287162027 [1.57e15]
oBUSD	0xe9e7CEA3DedcA5984780Bafc599bD69ADd087D56	34946627265219379723687 [3.494e22]	34946627265219379723687 [3.494e22]	83923897915122 [8.392e13]	5057594482104883657346 [5.057e21]	37407155746726586717 [3.74e19]
oUSDT	0x55d398326f99059fF775485246999027B3197955	11378977051268384230385 [1.137e22]	11378977051268384230385 [1.137e22]	76600539766792 [7.66e13]	12654393446593963964067 [1.265e22]	1449831920882220012872 [1.449e21]
oCake	0x0E09FaBB73Bd3Ade0a17ECC321fD13a19e81cE82	6127183502665295105135 [6.127e21]	6127183502665295105135 [6.127e21]	23666506961497 [2.366e13]	166182763234900620699 [1.661e20]	9727651479892553856 [9.727e18]
oUSDC	0x8AC76a51cc950d9822D68b83fE1Ad97B32Cd580d	31778547035579161352078 [3.177e22]	31778547035579161352078 [3.177e22]	106241637334709 [1.062e14]	3894774283218649118508 [3.894e21]	2867136374278964430257 [2.867e21]
oBNB	0xEeeeeEeeeEeEeeEeEeEeeEEEeeeeEeeeeeeeEEeE	60450520580100396152 [6.045e19]	60450520580100396152	306719467100 [3.067e11]	8533708152937393211 [8.533e18]	104967470470552690 [1.049e17]
oBTCB	0x7130d2A12B9BCbFAe4f2634d864A1Ee1Ce3Ead9c	926712553592836909 [9.267e17]	926712553592836909 [9.267e17]	4663787612 [4.663e9]	42632489497583744 [4.263e16]	301170568713176 [3.011e14]
oDOT	0x7083609fCE4d1d8Dc0C979AAb8c869Ea2C873402	980093147254060370535 [9.8e20]	980093147254060370535 [9.8e20]	4619437372238 [4.619e12]	29884904534311389866 [2.988e19]	264825299550026954 [2.648e17]
oBNBx	0x1bdd3Cf7F79cfB8EdbB955f20ad99211551BA275	305630603600000000 [3.056e17]	305630603600000000 [3.056e17]	1528153018 [1.528e9]	0	0
