addr	symbol	underlying	underlying_decimals	cash	totalSupply	totalBorrows	totalReserves	exchangeRateStored	reserveFactor	accrualBlock	market_tuple	borrowCap	mintPaused	borrowPaused	priceLen	priceReg
0xC2E840BdD02B4a1d970C87A912D8576a7e61D314	oBANANA	0x603c7f932ED1fc6575303D8Fb018fDCBb0f39a95	18		5203198841765268 [5.203e15]	19612853344630233124860 [1.961e22]	261502483630944797081 [2.615e20]	309585347321740793072663406 [3.095e26]	300000000000000000 [3e17]	112617716 [1.126e8]	true 400000000000000000 [4e17] 700000000000000000 [7e17] 1120000000000000000 [1.12e18] 1 508701939588073 [5.087e14] 	0	true	true	1000000000000 [1e12]	1000000000000 [1e12]
0xaA1b1E1f251610aE10E4D553b05C662e60992EEd	oETH	0x2170Ed0880ac9A755fd29B2688956BD959F933F8	18		30618609569 [3.061e10]	228215073359391376 [2.282e17]	1570551287162027 [1.57e15]	207918266668472921700620284 [2.079e26]	250000000000000000 [2.5e17]	122480566 [1.224e8]	true 700000000000000000 [7e17] 750000000000000000 [7.5e17] 1100000000000000000 [1.1e18] 0 27793758899 [2.779e10] 	1177000000000000000000 [1.177e21]	true	true	2437626700000000000000 [2.437e21]	2437626700000000000000 [2.437e21]
0x0096B6B49D13b347033438c4a699df3Afd9d2f96	oBUSD	0xe9e7CEA3DedcA5984780Bafc599bD69ADd087D56	18		83923897915122 [8.392e13]	5057594482104883657346 [5.057e21]	37407155746726586717 [3.74e19]	476226862484375075479272753 [4.762e26]	200000000000000000 [2e17]	122273860 [1.222e8]	true 0 750000000000000000 [7.5e17] 1100000000000000000 [1.1e18] 0 80157947230724 [8.015e13] 	4600000000000000000000000 [4.6e24]	true	true	1000000000000000000 [1e18]	1000000000000000000 [1e18]
0xdBFd516D42743CA3f1C555311F7846095D85F6Fd	oUSDT	0x55d398326f99059fF775485246999027B3197955	18		76600539766792 [7.66e13]	12654393446593963964067 [1.265e22]	1449831920882220012872 [1.449e21]	294822185923689578643594408 [2.948e26]	250000000000000000 [2.5e17]	123375968 [1.233e8]	true 700000000000000000 [7e17] 750000000000000000 [7.5e17] 1100000000000000000 [1.1e18] 0 41732693069757 [4.173e13] 	2150000000000000000000000 [2.15e24]	true	true	999110000000000000 [9.991e17]	999110000000000000 [9.991e17]
0x3353f5bcfD7E4b146F2eD8F1e8D875733Cd754a7	oCake	0x0E09FaBB73Bd3Ade0a17ECC321fD13a19e81cE82	18		23666506961497 [2.366e13]	166182763234900620699 [1.661e20]	9727651479892553856 [9.727e18]	265507648621029886955160461 [2.655e26]	300000000000000000 [3e17]	110296255 [1.102e8]	true 400000000000000000 [4e17] 500000000000000000 [5e17] 1120000000000000000 [1.12e18] 0 17495226845963 [1.749e13] 	0	true	true	2117177010000000000 [2.117e18]	2117177010000000000 [2.117e18]
0x91B66a9Ef4f4CAD7F8AF942855C37Dd53520f151	oUSDC	0x8AC76a51cc950d9822D68b83fE1Ad97B32Cd580d	18		106241637334709 [1.062e14]	3894774283218649118508 [3.894e21]	2867136374278964430257 [2.867e21]	308788397539136094904131577 [3.087e26]	200000000000000000 [2e17]	117084997 [1.17e8]	true 700000000000000000 [7e17] 750000000000000000 [7.5e17] 1100000000000000000 [1.1e18] 0 88686344638348 [8.868e13] 	2600000000000000000000000 [2.6e24]	true	true	999823150000000000 [9.998e17]	999823150000000000 [9.998e17]
0x34878F6a484005AA90E7188a546Ea9E52b538F6f	oBNB	0xEeeeeEeeeEeEeeEeEeEeeEEEeeeeEeeeeeeeEEeE	NA		306719467100 [3.067e11]	8533708152937393211 [8.533e18]	104967470470552690 [1.049e17]	224567621722264125155034869 [2.245e26]	250000000000000000 [2.5e17]	125646966 [1.256e8]	true 700000000000000000 [7e17] 750000000000000000 [7.5e17] 1100000000000000000 [1.1e18] 0 240538041605 [2.405e11] 	8525000000000000000000 [8.525e21]	true	true	726050003110000000000 [7.26e20]	726050003110000000000 [7.26e20]
0x5fce5D208DC325ff602c77497dC18F8EAdac8ADA	oBTCB	0x7130d2A12B9BCbFAe4f2634d864A1Ee1Ce3Ead9c	18		4663787612 [4.663e9]	42632489497583744 [4.263e16]	301170568713176 [3.011e14]	207780446525554062259042683 [2.077e26]	250000000000000000 [2.5e17]	122480566 [1.224e8]	true 700000000000000000 [7e17] 750000000000000000 [7.5e17] 1100000000000000000 [1.1e18] 0 4143438725 [4.143e9] 	113190000000000000000 [1.131e20]	true	true	81357331343170000000000 [8.135e22]	81357331343170000000000 [8.135e22]
0x92D106c39aC068EB113B3Ecb3273B23Cd19e6e26	oDOT	0x7083609fCE4d1d8Dc0C979AAb8c869Ea2C873402	18		4619437372238 [4.619e12]	29884904534311389866 [2.988e19]	264825299550026954 [2.648e17]	218579265205979259313135447 [2.185e26]	300000000000000000 [3e17]	110295771 [1.102e8]	true 500000000000000000 [5e17] 600000000000000000 [6e17] 1120000000000000000 [1.12e18] 1500000000000000000000000 [1.5e24] 3251208722940 [3.251e12] 	0	true	true	1034519800000000000 [1.034e18]	1034519800000000000 [1.034e18]
0x3EE2bd8C244B5B3656673c2A49447e41D31F8E1e	oBNBx	0x1bdd3Cf7F79cfB8EdbB955f20ad99211551BA275	18		1528153018 [1.528e9]	0	0	200000000000000000000000000 [2e26]	300000000000000000 [3e17]	73305981 [7.33e7]	true 600000000000000000 [6e17] 600000000000000000 [6e17] 1120000000000000000 [1.12e18] 1 956359268 [9.563e8] 	0	true	true	ERR	ERR
