symbol	underlying	oracle	price
oBANANA	0x603c7f932ED1fc6575303D8Fb018fDCBb0f39a95	0x660DC9a3449258b2A06eED5063F0eE5CEf8DDC42	1000000000000 [1e12]
oETH	0x2170Ed0880ac9A755fd29B2688956BD959F933F8	0x7c37BF8dBd4Ae90cdf45d382cEB1580c5d9300CC	2442609906330000000000 [2.442e21]
oBUSD	0xe9e7CEA3DedcA5984780Bafc599bD69ADd087D56	0x8F1755EBe8Fb4f7f57476652a476BC4F957B094e	1000000000000000000 [1e18]
oUSDT	0x55d398326f99059fF775485246999027B3197955	0x7c37BF8dBd4Ae90cdf45d382cEB1580c5d9300CC	999140000000000000 [9.991e17]
oCake	0x0E09FaBB73Bd3Ade0a17ECC321fD13a19e81cE82	0x7c37BF8dBd4Ae90cdf45d382cEB1580c5d9300CC	2117570310000000000 [2.117e18]
oUSDC	0x8AC76a51cc950d9822D68b83fE1Ad97B32Cd580d	0x7c37BF8dBd4Ae90cdf45d382cEB1580c5d9300CC	999842320000000000 [9.998e17]
oBNB	0xEeeeeEeeeEeEeeEeEeEeeEEEeeeeEeeeeeeeEEeE	0x7c37BF8dBd4Ae90cdf45d382cEB1580c5d9300CC	726916010000000000000 [7.269e20]
oBTCB	0x7130d2A12B9BCbFAe4f2634d864A1Ee1Ce3Ead9c	0x7c37BF8dBd4Ae90cdf45d382cEB1580c5d9300CC	81443130000000000000000 [8.144e22]
oDOT	0x7083609fCE4d1d8Dc0C979AAb8c869Ea2C873402	0x7c37BF8dBd4Ae90cdf45d382cEB1580c5d9300CC	1036760000000000000 [1.036e18]
oBNBx	0x1bdd3Cf7F79cfB8EdbB955f20ad99211551BA275	0x7c37BF8dBd4Ae90cdf45d382cEB1580c5d9300CC	
