underlying	feed	feedDecimals	assetDecimals	rawPrice	price	timestamp
0x603c7f932ED1fc6575303D8Fb018fDCBb0f39a95	0x0000000000000000000000000000000000000000	0	0	NA	0	NA
0x2170Ed0880ac9A755fd29B2688956BD959F933F8	0x9ef1B8c0E4F7dc8bF5719Ea496883DC6401d5b2e	8	18	243750810000	2437508100000000000000	1791484547
0xe9e7CEA3DedcA5984780Bafc599bD69ADd087D56	0xcBb98864Ef56E9042e7d2efef76141f15731B82f	8	18	99980613	999806130000000000	1791483819
0x55d398326f99059fF775485246999027B3197955	0xB97Ad0E74fa7d920791E90258A6E2085088b4320	8	18	99914000	999140000000000000	1791483965
0x0E09FaBB73Bd3Ade0a17ECC321fD13a19e81cE82	0xB6064eD41d4f67e353768aA239cA86f4F73665a1	8	18	211395972	2113959720000000000	1791484566
0x8AC76a51cc950d9822D68b83fE1Ad97B32Cd580d	0x51597f405303C4377E36123cBc172b13269EA163	8	18	99984232	999842320000000000	1791484168
0xEeeeeEeeeEeEeeEeEeEeeEEEeeeeEeeeeeeeEEeE	0x0567F2323251f0Aab15c8dFb1967E4e8A7D42aeE	8	18	72552487000	725524870000000000000	1791484580
0x7130d2A12B9BCbFAe4f2634d864A1Ee1Ce3Ead9c	0x264990fbd0A4796A3E3d8E37C4d5F87a3aCa5Ebf	8	18	8128513000000	81285130000000000000000	1791484598
0x7083609fCE4d1d8Dc0C979AAb8c869Ea2C873402	0xC333eb0086309a16aa7c8308DfD32c8BBA0a2592	8	18	103417550	1034175500000000000	1791484597
0x1bdd3Cf7F79cfB8EdbB955f20ad99211551BA275	0xc4429B539397a3166eF3ef132c29e34715a3ABb4	8	18			
