batch,idx,declaredIn,declaredOut,exactAmountOut,tokenIn,tokenOut,amountIn,amountOut,match
1,0,BPT_osETH-WETH,WETH,4873132999218408001625,BPT_osETH-WETH,WETH,5258029782727746058041,4873132999218408001625,True
1,1,BPT_osETH-WETH,osETH,6783065423678905706961,BPT_osETH-WETH,osETH,6472006440601369092369,6783065423678905706961,True
1,2,BPT_osETH-WETH,WETH,48731329992184080017,BPT_osETH-WETH,WETH,52568238512028810719,48731329992184080017,True
1,3,BPT_osETH-WETH,osETH,67830654236789057069,BPT_osETH-WETH,osETH,64705220829773721225,67830654236789057069,True
1,4,BPT_osETH-WETH,WETH,487313299921840800,BPT_osETH-WETH,WETH,525561819625341827,487313299921840800,True
1,5,BPT_osETH-WETH,osETH,678306542367890571,BPT_osETH-WETH,osETH,646903806579698740,678306542367890571,True
1,6,BPT_osETH-WETH,WETH,4873132999218408,BPT_osETH-WETH,WETH,5254412817267390,4873132999218408,True
1,7,BPT_osETH-WETH,osETH,6783065423678906,BPT_osETH-WETH,osETH,6467554389528032,6783065423678906,True
1,8,BPT_osETH-WETH,WETH,48731329992184,BPT_osETH-WETH,WETH,52532076593410,48731329992184,True
1,9,BPT_osETH-WETH,osETH,67830654236789,BPT_osETH-WETH,osETH,64660711086693,67830654236789,True
1,10,BPT_osETH-WETH,WETH,487313299922,BPT_osETH-WETH,WETH,525199723966,487313299922,True
1,11,BPT_osETH-WETH,osETH,678306542367,BPT_osETH-WETH,osETH,646459367950,678306542367,True
1,12,BPT_osETH-WETH,WETH,4873132999,BPT_osETH-WETH,WETH,5250234040,4873132999,True
1,13,BPT_osETH-WETH,osETH,6783065424,BPT_osETH-WETH,osETH,6463666993,6783065424,True
1,14,BPT_osETH-WETH,WETH,48731330,BPT_osETH-WETH,WETH,51988151,48731330,True
1,15,BPT_osETH-WETH,osETH,67830654,BPT_osETH-WETH,osETH,65121712,67830654,True
1,16,BPT_osETH-WETH,WETH,487313,BPT_osETH-WETH,WETH,478138,487313,True
1,17,BPT_osETH-WETH,osETH,678307,BPT_osETH-WETH,osETH,692650,678307,True
1,18,BPT_osETH-WETH,WETH,4873,BPT_osETH-WETH,WETH,4738,4873,True
1,19,BPT_osETH-WETH,osETH,6783,BPT_osETH-WETH,osETH,6973,6783,True
1,20,BPT_osETH-WETH,WETH,50,BPT_osETH-WETH,WETH,50,50,True
1,21,BPT_osETH-WETH,osETH,69,BPT_osETH-WETH,osETH,72,69,True
1,22,WETH,osETH,66982,WETH,osETH,307353,66982,True
1,23,WETH,osETH,17,WETH,osETH,625492,17,True
1,24,osETH,WETH,891000,osETH,WETH,5182,891000,True
1,25,WETH,osETH,5165,WETH,osETH,173500,5165,True
1,26,WETH,osETH,17,WETH,osETH,467227,17,True
1,27,osETH,WETH,666000,osETH,WETH,9033,666000,True
1,28,WETH,osETH,9016,WETH,osETH,132041,9016,True
1,29,WETH,osETH,17,WETH,osETH,342353,17,True
1,30,osETH,WETH,495000,osETH,WETH,12223,495000,True
1,31,WETH,osETH,12206,WETH,osETH,100574,12206,True
1,32,WETH,osETH,17,WETH,osETH,248534,17,True
1,33,osETH,WETH,369000,osETH,WETH,17549,369000,True
1,34,WETH,osETH,17532,WETH,osETH,81018,17532,True
1,35,WETH,osETH,17,WETH,osETH,180744,17,True
1,36,osETH,WETH,270000,osETH,WETH,14451,270000,True
1,37,WETH,osETH,14434,WETH,osETH,59801,14434,True
1,38,WETH,osETH,17,WETH,osETH,132219,17,True
1,39,osETH,WETH,198000,osETH,WETH,11394,198000,True
1,40,WETH,osETH,11377,WETH,osETH,43522,11377,True
1,41,WETH,osETH,17,WETH,osETH,97179,17,True
1,42,osETH,WETH,160000,osETH,WETH,22571,160000,True
1,43,WETH,osETH,22554,WETH,osETH,46521,22554,True
1,44,WETH,osETH,17,WETH,osETH,72880,17,True
1,45,osETH,WETH,120000,osETH,WETH,17680,120000,True
1,46,WETH,osETH,17663,WETH,osETH,34992,17663,True
1,47,WETH,osETH,17,WETH,osETH,55507,17,True
1,48,osETH,WETH,89100,osETH,WETH,12055,89100,True
1,49,WETH,osETH,12038,WETH,osETH,24595,12038,True
1,50,WETH,osETH,17,WETH,osETH,40578,17,True
1,51,osETH,WETH,67500,osETH,WETH,10431,67500,True
1,52,WETH,osETH,10414,WETH,osETH,19485,10414,True
1,53,WETH,osETH,17,WETH,osETH,31093,17,True
1,54,osETH,WETH,52200,osETH,WETH,9024,52200,True
1,55,WETH,osETH,9007,WETH,osETH,15863,9007,True
1,56,WETH,osETH,17,WETH,osETH,23232,17,True
1,57,osETH,WETH,40500,osETH,WETH,7884,40500,True
1,58,WETH,osETH,7867,WETH,osETH,12817,7867,True
1,59,WETH,osETH,17,WETH,osETH,17991,17,True
1,60,osETH,WETH,31500,osETH,WETH,6571,31500,True
1,61,WETH,osETH,6554,WETH,osETH,10203,6554,True
1,62,WETH,osETH,17,WETH,osETH,13414,17,True
1,63,osETH,WETH,24300,osETH,WETH,5489,24300,True
1,64,WETH,osETH,5472,WETH,osETH,8237,5472,True
1,65,WETH,osETH,17,WETH,osETH,11093,17,True
1,66,osETH,WETH,19800,osETH,WETH,4766,19800,True
1,67,WETH,osETH,4749,WETH,osETH,6908,4749,True
1,68,WETH,osETH,17,WETH,osETH,8499,17,True
1,69,osETH,WETH,16200,osETH,WETH,4414,16200,True
1,70,WETH,osETH,4397,WETH,osETH,6056,4397,True
1,71,WETH,osETH,17,WETH,osETH,6537,17,True
1,72,osETH,WETH,12600,osETH,WETH,3459,12600,True
1,73,WETH,osETH,3442,WETH,osETH,4937,3442,True
1,74,WETH,osETH,17,WETH,osETH,5309,17,True
1,75,osETH,WETH,10800,osETH,WETH,3313,10800,True
1,76,WETH,osETH,3296,WETH,osETH,4365,3296,True
1,77,WETH,osETH,17,WETH,osETH,4440,17,True
1,78,osETH,WETH,9000,osETH,WETH,2903,9000,True
1,79,WETH,osETH,2886,WETH,osETH,3926,2886,True
1,80,WETH,osETH,17,WETH,osETH,3590,17,True
1,81,osETH,WETH,7371,osETH,WETH,2303,7371,True
1,82,WETH,osETH,2286,WETH,osETH,3137,2286,True
1,83,WETH,osETH,17,WETH,osETH,3131,17,True
1,84,osETH,WETH,6480,osETH,WETH,2141,6480,True
1,85,WETH,osETH,2124,WETH,osETH,2937,2124,True
1,86,WETH,osETH,17,WETH,osETH,3098,17,True
1,87,osETH,WETH,6075,osETH,WETH,2031,6075,True
1,88,WETH,osETH,2014,WETH,osETH,2827,2014,True
1,89,WETH,osETH,17,WETH,osETH,2670,17,True
1,90,osETH,WETH,5589,osETH,WETH,1919,5589,True
1,91,WETH,osETH,1902,WETH,osETH,2385,1902,True
1,92,WETH,osETH,17,WETH,osETH,2200,17,True
1,93,osETH,WETH,4779,osETH,WETH,1747,4779,True
1,94,WETH,osETH,1730,WETH,osETH,2189,1730,True
1,95,WETH,osETH,17,WETH,osETH,2173,17,True
1,96,osETH,WETH,4455,osETH,WETH,1681,4455,True
1,97,WETH,osETH,1664,WETH,osETH,2109,1664,True
1,98,WETH,osETH,17,WETH,osETH,1716,17,True
1,99,osETH,WETH,3969,osETH,WETH,1579,3969,True
1,100,WETH,osETH,1562,WETH,osETH,1984,1562,True
1,101,WETH,osETH,17,WETH,osETH,1701,17,True
1,102,osETH,WETH,3726,osETH,WETH,1509,3726,True
1,103,WETH,osETH,1492,WETH,osETH,1909,1492,True
1,104,WETH,osETH,17,WETH,osETH,1692,17,True
1,105,osETH,WETH,3645,osETH,WETH,1501,3645,True
1,106,WETH,osETH,1484,WETH,osETH,1893,1484,True
1,107,WETH,osETH,17,WETH,osETH,1687,17,True
1,108,osETH,WETH,3564,osETH,WETH,1461,3564,True
1,109,WETH,osETH,1444,WETH,osETH,1858,1444,True
1,110,WETH,osETH,17,WETH,osETH,1685,17,True
1,111,osETH,WETH,3564,osETH,WETH,1471,3564,True
1,112,WETH,BPT_osETH-WETH,10000,WETH,BPT_osETH-WETH,732,10000,True
1,113,osETH,BPT_osETH-WETH,10000000,osETH,BPT_osETH-WETH,204919,10000000,True
1,114,WETH,BPT_osETH-WETH,10000000000,WETH,BPT_osETH-WETH,284413470,10000000000,True
1,115,osETH,BPT_osETH-WETH,10000000000000,osETH,BPT_osETH-WETH,254010116648,10000000000000,True
1,116,WETH,BPT_osETH-WETH,10000000000000000,WETH,BPT_osETH-WETH,271897585567321,10000000000000000,True
1,117,osETH,BPT_osETH-WETH,10000000000000000000,osETH,BPT_osETH-WETH,256361266651656439,10000000000000000000,True
1,118,WETH,BPT_osETH-WETH,10000000000000000000000,WETH,BPT_osETH-WETH,271408019480204835904,10000000000000000000000,True
1,119,osETH,BPT_osETH-WETH,941319322493191942754,osETH,BPT_osETH-WETH,201920283560223457,941319322493191942754,True
1,120,WETH,BPT_osETH-WETH,941319322493191942754,WETH,BPT_osETH-WETH,27346764635720970362,941319322493191942754,True
2,0,BPT_wstETH-WETH,wstETH,4228132612127881562978,BPT_wstETH-WETH,wstETH,4898304304000840260889,4228132612127881562978,True
2,1,BPT_wstETH-WETH,WETH,1957287132413516128516,BPT_wstETH-WETH,WETH,1859059995326819484010,1957287132413516128516,True
2,2,BPT_wstETH-WETH,wstETH,42281326121278815630,BPT_wstETH-WETH,wstETH,48979555179633984015,42281326121278815630,True
2,3,BPT_wstETH-WETH,WETH,19572871324135161285,BPT_wstETH-WETH,WETH,18589276206414043501,19572871324135161285,True
2,4,BPT_wstETH-WETH,wstETH,422813261212788156,BPT_wstETH-WETH,wstETH,489760671760852997,422813261212788156,True
2,5,BPT_wstETH-WETH,WETH,195728713241351613,BPT_wstETH-WETH,WETH,185879529463863731,195728713241351613,True
2,6,BPT_wstETH-WETH,wstETH,4228132612127882,BPT_wstETH-WETH,wstETH,4897254036331967,4228132612127882,True
2,7,BPT_wstETH-WETH,WETH,1957287132413516,BPT_wstETH-WETH,WETH,1858666894275222,1957287132413516,True
2,8,BPT_wstETH-WETH,wstETH,42281326121278,BPT_wstETH-WETH,wstETH,48965857772220,42281326121278,True
2,9,BPT_wstETH-WETH,WETH,19572871324136,BPT_wstETH-WETH,WETH,18588555879063,19572871324136,True
2,10,BPT_wstETH-WETH,wstETH,422813261213,BPT_wstETH-WETH,wstETH,489497122168,422813261213,True
2,11,BPT_wstETH-WETH,WETH,195728713241,BPT_wstETH-WETH,WETH,186014169223,195728713241,True
2,12,BPT_wstETH-WETH,wstETH,4228132612,BPT_wstETH-WETH,wstETH,4894844203,4228132612,True
2,13,BPT_wstETH-WETH,WETH,1957287132,BPT_wstETH-WETH,WETH,1860274832,1957287132,True
2,14,BPT_wstETH-WETH,wstETH,42281326,BPT_wstETH-WETH,wstETH,48948440,42281326,True
2,15,BPT_wstETH-WETH,WETH,19572872,BPT_wstETH-WETH,WETH,18602773,19572872,True
2,16,BPT_wstETH-WETH,wstETH,422814,BPT_wstETH-WETH,wstETH,489486,422814,True
2,17,BPT_wstETH-WETH,WETH,195728,BPT_wstETH-WETH,WETH,186029,195728,True
2,18,BPT_wstETH-WETH,wstETH,4228,BPT_wstETH-WETH,wstETH,4895,4228,True
2,19,BPT_wstETH-WETH,WETH,1958,BPT_wstETH-WETH,WETH,1863,1958,True
2,20,BPT_wstETH-WETH,wstETH,43,BPT_wstETH-WETH,wstETH,51,43,True
2,21,BPT_wstETH-WETH,WETH,20,BPT_wstETH-WETH,WETH,20,20,True
2,22,WETH,wstETH,99999999995,WETH,wstETH,221844531789055,99999999995,True
2,23,WETH,wstETH,4,WETH,wstETH,162427217924000,4,True
2,24,wstETH,WETH,380000000000000,wstETH,WETH,6669,380000000000000,True
2,25,WETH,wstETH,6665,WETH,wstETH,153355583539260,6665,True
2,26,WETH,wstETH,4,WETH,wstETH,115410816396923,4,True
2,27,wstETH,WETH,270000000000000,wstETH,WETH,6532,270000000000000,True
2,28,WETH,wstETH,6528,WETH,wstETH,108652758957137,6528,True
2,29,WETH,wstETH,4,WETH,wstETH,81792773553386,4,True
2,30,wstETH,WETH,190000000000000,wstETH,WETH,2481,190000000000000,True
2,31,WETH,wstETH,2477,WETH,wstETH,75667561162762,2477,True
2,32,WETH,wstETH,4,WETH,wstETH,57982225921522,4,True
2,33,wstETH,WETH,130000000000000,wstETH,WETH,301,130000000000000,True
2,34,WETH,wstETH,297,WETH,wstETH,49041319890251,297,True
2,35,WETH,wstETH,4,WETH,wstETH,41174774884406,4,True
2,36,wstETH,WETH,97000000000000,wstETH,WETH,47550,97000000000000,True
2,37,WETH,wstETH,47546,WETH,wstETH,40065301635948,47546,True
2,38,WETH,wstETH,4,WETH,wstETH,29635440620905,4,True
2,39,wstETH,WETH,70000000000000,wstETH,WETH,301300,70000000000000,True
2,40,WETH,wstETH,301296,WETH,wstETH,29015777634736,301296,True
2,41,WETH,wstETH,4,WETH,wstETH,21333267415845,4,True
2,42,wstETH,WETH,50000000000000,wstETH,WETH,9423,50000000000000,True
2,43,WETH,wstETH,9419,WETH,wstETH,20317796023891,9419,True
2,44,WETH,wstETH,4,WETH,wstETH,15228326646378,4,True
2,45,wstETH,WETH,36000000000000,wstETH,WETH,3493488,36000000000000,True
2,46,WETH,wstETH,3493484,WETH,wstETH,15390461384880,3493484,True
2,47,WETH,wstETH,4,WETH,wstETH,11290800603225,4,True
2,48,wstETH,WETH,26000000000000,wstETH,WETH,1161,26000000000000,True
2,49,WETH,wstETH,1157,WETH,wstETH,10213597257882,1157,True
2,50,WETH,wstETH,4,WETH,wstETH,7999975017034,4,True
2,51,wstETH,WETH,18000000000000,wstETH,WETH,345,18000000000000,True
2,52,WETH,wstETH,341,WETH,wstETH,6847955792944,341,True
2,53,WETH,wstETH,4,WETH,wstETH,5694064113760,4,True
2,54,wstETH,WETH,13000000000000,wstETH,WETH,674,13000000000000,True
2,55,WETH,wstETH,670,WETH,wstETH,5061384893923,670,True
2,56,WETH,wstETH,4,WETH,wstETH,4051593201144,4,True
2,57,wstETH,WETH,9500000000000,wstETH,WETH,10205,9500000000000,True
2,58,WETH,wstETH,10201,WETH,wstETH,3892445974157,10201,True
2,59,WETH,wstETH,4,WETH,wstETH,2913932386251,4,True
2,60,wstETH,WETH,6210000000000,wstETH,WETH,85,6210000000000,True
2,61,WETH,wstETH,81,WETH,wstETH,2169189330835,81,True
2,62,WETH,wstETH,4,WETH,wstETH,2090131478023,4,True
2,63,wstETH,WETH,4900000000000,wstETH,WETH,9850,4900000000000,True
2,64,WETH,wstETH,9846,WETH,wstETH,2001330418337,9846,True
2,65,WETH,wstETH,4,WETH,wstETH,1499557725059,4,True
2,66,wstETH,WETH,3500000000000,wstETH,WETH,4550,3500000000000,True
2,67,WETH,wstETH,4546,WETH,wstETH,1405071454059,4546,True
2,68,WETH,wstETH,4,WETH,wstETH,1063801487396,4,True
2,69,wstETH,WETH,2500000000000,wstETH,WETH,17524,2500000000000,True
2,70,WETH,wstETH,17520,WETH,wstETH,1018157157260,17520,True
2,71,WETH,wstETH,4,WETH,wstETH,758617370664,4,True
2,72,wstETH,WETH,1700000000000,wstETH,WETH,296,1700000000000,True
2,73,WETH,wstETH,292,WETH,wstETH,642398255918,292,True
2,74,WETH,wstETH,4,WETH,wstETH,539880067725,4,True
2,75,wstETH,WETH,1200000000000,wstETH,WETH,224,1200000000000,True
2,76,WETH,wstETH,220,WETH,wstETH,408912173165,220,True
2,77,WETH,wstETH,4,WETH,wstETH,356684426950,4,True
2,78,wstETH,WETH,840000000000,wstETH,WETH,46311,840000000000,True
2,79,WETH,wstETH,46307,WETH,wstETH,344044567864,46307,True
2,80,WETH,wstETH,4,WETH,wstETH,254858598730,4,True
2,81,wstETH,WETH,600000000000,wstETH,WETH,37219,600000000000,True
2,82,WETH,wstETH,37215,WETH,wstETH,245134139039,37215,True
2,83,WETH,wstETH,4,WETH,wstETH,181740415001,4,True
2,84,wstETH,WETH,430000000000,wstETH,WETH,620177452,430000000000,True
2,85,WETH,wstETH,620177448,WETH,wstETH,179780111369,620177448,True
2,86,WETH,wstETH,4,WETH,wstETH,131944803824,4,True
2,87,wstETH,WETH,310000000000,wstETH,WETH,21595,310000000000,True
2,88,WETH,wstETH,21591,WETH,wstETH,129359632569,21591,True
2,89,WETH,wstETH,4,WETH,wstETH,96355968651,4,True
2,90,wstETH,WETH,220000000000,wstETH,WETH,675,220000000000,True
2,91,WETH,wstETH,671,WETH,wstETH,85367264643,671,True
2,92,WETH,wstETH,4,WETH,wstETH,68350712062,4,True
2,93,wstETH,WETH,160000000000,wstETH,WETH,7042,160000000000,True
2,94,WETH,wstETH,7038,WETH,wstETH,65107845047,7038,True
2,95,WETH,wstETH,4,WETH,wstETH,49091683014,4,True
2,96,wstETH,WETH,110000000000,wstETH,WETH,298,110000000000,True
2,97,wstETH,BPT_wstETH-WETH,10000,wstETH,BPT_wstETH-WETH,2,10000,True
2,98,WETH,BPT_wstETH-WETH,10000000,WETH,BPT_wstETH-WETH,562519,10000000,True
2,99,wstETH,BPT_wstETH-WETH,10000000000,wstETH,BPT_wstETH-WETH,49,10000000000,True
2,100,WETH,BPT_wstETH-WETH,10000000000000,WETH,BPT_wstETH-WETH,1931769584288,10000000000000,True
2,101,wstETH,BPT_wstETH-WETH,10000000000000000,wstETH,BPT_wstETH-WETH,30366794632390,10000000000000000,True
2,102,WETH,BPT_wstETH-WETH,10000000000000000000,WETH,BPT_wstETH-WETH,39868764024287009,10000000000000000000,True
2,103,wstETH,BPT_wstETH-WETH,3418009626758926269710,wstETH,BPT_wstETH-WETH,10997540304013142098,3418009626758926269710,True
2,104,WETH,BPT_wstETH-WETH,3418009626758926269710,WETH,BPT_wstETH-WETH,13179032742041136873,3418009626758926269710,True
