[]	create	0x506d1f9efe24f0d47853adca907eb8d89ae03207	CREATE	-	-
[0]	create	0x54b53503c0e2173df29f8da735fbd45ee8aba30d	CREATE	-	-
[1]	call	0x54b53503c0e2173df29f8da735fbd45ee8aba30d	0xdacf5fa19b1f720111609043ac67a9818262850c	-	0x38fff2d0
[2]	call	0x54b53503c0e2173df29f8da735fbd45ee8aba30d	0xdacf5fa19b1f720111609043ac67a9818262850c	-	0x82687a56
[3]	call	0x54b53503c0e2173df29f8da735fbd45ee8aba30d	0xba12222222228d8ba445958a75a0704d566bf2c8	-	0xf94d4668
[4]	call	0x54b53503c0e2173df29f8da735fbd45ee8aba30d	0xc02aaa39b223fe8d0a0e5c4f27ead9083c756cc2	-	0x095ea7b3
[5]	call	0x54b53503c0e2173df29f8da735fbd45ee8aba30d	0xdacf5fa19b1f720111609043ac67a9818262850c	-	0x095ea7b3
[6]	call	0x54b53503c0e2173df29f8da735fbd45ee8aba30d	0xf1c9acdc66974dfb6decb12aa385b9cd01190e38	-	0x095ea7b3
[7]	call	0x54b53503c0e2173df29f8da735fbd45ee8aba30d	0xdacf5fa19b1f720111609043ac67a9818262850c	-	0x1dd746ea
[8]	call	0x54b53503c0e2173df29f8da735fbd45ee8aba30d	0xdacf5fa19b1f720111609043ac67a9818262850c	-	0x238a2d59
[9]	call	0x54b53503c0e2173df29f8da735fbd45ee8aba30d	0xdacf5fa19b1f720111609043ac67a9818262850c	-	0x2df2c7c0
[9,0]	call	0xdacf5fa19b1f720111609043ac67a9818262850c	0xba12222222228d8ba445958a75a0704d566bf2c8	-	0x0e8e3e84
[9,1]	call	0xdacf5fa19b1f720111609043ac67a9818262850c	0x8023518b2192fb5384dadc596765b3dd1cdfe471	-	0x679aefce
[9,1,0]	call	0x8023518b2192fb5384dadc596765b3dd1cdfe471	0x2a261e60fb14586b474c208b1b7ac6d0f5000306	-	0x07a2d13a
[10]	call	0x54b53503c0e2173df29f8da735fbd45ee8aba30d	0xdacf5fa19b1f720111609043ac67a9818262850c	-	0x6daccffa
[11]	call	0x54b53503c0e2173df29f8da735fbd45ee8aba30d	0xdacf5fa19b1f720111609043ac67a9818262850c	-	0x55c67628
[12]	call	0x54b53503c0e2173df29f8da735fbd45ee8aba30d	0xdacf5fa19b1f720111609043ac67a9818262850c	-	0x679aefce
[12,0]	call	0xdacf5fa19b1f720111609043ac67a9818262850c	0xba12222222228d8ba445958a75a0704d566bf2c8	-	0xf94d4668
[13]	call	0x54b53503c0e2173df29f8da735fbd45ee8aba30d	0xba12222222228d8ba445958a75a0704d566bf2c8	-	0xf94d4668
[14]	call	0x54b53503c0e2173df29f8da735fbd45ee8aba30d	0xdacf5fa19b1f720111609043ac67a9818262850c	-	0x876f303b
[14,0]	call	0xdacf5fa19b1f720111609043ac67a9818262850c	0xba12222222228d8ba445958a75a0704d566bf2c8	-	0xf94d4668
[15]	call	0x54b53503c0e2173df29f8da735fbd45ee8aba30d	0xdacf5fa19b1f720111609043ac67a9818262850c	-	0x1dd746ea
[16]	call	0x54b53503c0e2173df29f8da735fbd45ee8aba30d	0x679b362b9f38be63fbd4a499413141a997eb381e	-	0x524c9e20
[17]	call	0x54b53503c0e2173df29f8da735fbd45ee8aba30d	0x679b362b9f38be63fbd4a499413141a997eb381e	-	0x524c9e20
[18]	call	0x54b53503c0e2173df29f8da735fbd45ee8aba30d	0x679b362b9f38be63fbd4a499413141a997eb381e	-	0x524c9e20
[19]	call	0x54b53503c0e2173df29f8da735fbd45ee8aba30d	0x679b362b9f38be63fbd4a499413141a997eb381e	-	0x524c9e20
[20]	call	0x54b53503c0e2173df29f8da735fbd45ee8aba30d	0x679b362b9f38be63fbd4a499413141a997eb381e	-	0x524c9e20
[21]	call	0x54b53503c0e2173df29f8da735fbd45ee8aba30d	0x679b362b9f38be63fbd4a499413141a997eb381e	-	0x524c9e20
[22]	call	0x54b53503c0e2173df29f8da735fbd45ee8aba30d	0x679b362b9f38be63fbd4a499413141a997eb381e	-	0x524c9e20
[23]	call	0x54b53503c0e2173df29f8da735fbd45ee8aba30d	0x679b362b9f38be63fbd4a499413141a997eb381e	-	0x524c9e20
[24]	call	0x54b53503c0e2173df29f8da735fbd45ee8aba30d	0x679b362b9f38be63fbd4a499413141a997eb381e	-	0x524c9e20
[25]	call	0x54b53503c0e2173df29f8da735fbd45ee8aba30d	0x679b362b9f38be63fbd4a499413141a997eb381e	-	0x524c9e20
[26]	call	0x54b53503c0e2173df29f8da735fbd45ee8aba30d	0x679b362b9f38be63fbd4a499413141a997eb381e	-	0x524c9e20
[27]	call	0x54b53503c0e2173df29f8da735fbd45ee8aba30d	0x679b362b9f38be63fbd4a499413141a997eb381e	-	0x524c9e20
[28]	call	0x54b53503c0e2173df29f8da735fbd45ee8aba30d	0x679b362b9f38be63fbd4a499413141a997eb381e	-	0x524c9e20
[29]	call	0x54b53503c0e2173df29f8da735fbd45ee8aba30d	0x679b362b9f38be63fbd4a499413141a997eb381e	-	0x524c9e20
[30]	call	0x54b53503c0e2173df29f8da735fbd45ee8aba30d	0x679b362b9f38be63fbd4a499413141a997eb381e	-	0x524c9e20
[31]	call	0x54b53503c0e2173df29f8da735fbd45ee8aba30d	0x679b362b9f38be63fbd4a499413141a997eb381e	-	0x524c9e20
[32]	call	0x54b53503c0e2173df29f8da735fbd45ee8aba30d	0x679b362b9f38be63fbd4a499413141a997eb381e	-	0x524c9e20
[33]	call	0x54b53503c0e2173df29f8da735fbd45ee8aba30d	0x679b362b9f38be63fbd4a499413141a997eb381e	-	0x524c9e20
[34]	call	0x54b53503c0e2173df29f8da735fbd45ee8aba30d	0x679b362b9f38be63fbd4a499413141a997eb381e	-	0x524c9e20
[35]	call	0x54b53503c0e2173df29f8da735fbd45ee8aba30d	0x679b362b9f38be63fbd4a499413141a997eb381e	-	0x524c9e20
[36]	call	0x54b53503c0e2173df29f8da735fbd45ee8aba30d	0x679b362b9f38be63fbd4a499413141a997eb381e	-	0x524c9e20
[37]	call	0x54b53503c0e2173df29f8da735fbd45ee8aba30d	0x679b362b9f38be63fbd4a499413141a997eb381e	-	0x524c9e20
[38]	call	0x54b53503c0e2173df29f8da735fbd45ee8aba30d	0x679b362b9f38be63fbd4a499413141a997eb381e	-	0x524c9e20
[39]	call	0x54b53503c0e2173df29f8da735fbd45ee8aba30d	0x679b362b9f38be63fbd4a499413141a997eb381e	-	0x524c9e20
[40]	call	0x54b53503c0e2173df29f8da735fbd45ee8aba30d	0x679b362b9f38be63fbd4a499413141a997eb381e	-	0x524c9e20
[41]	call	0x54b53503c0e2173df29f8da735fbd45ee8aba30d	0x679b362b9f38be63fbd4a499413141a997eb381e	-	0x524c9e20
[42]	call	0x54b53503c0e2173df29f8da735fbd45ee8aba30d	0x679b362b9f38be63fbd4a499413141a997eb381e	-	0x524c9e20
[43]	call	0x54b53503c0e2173df29f8da735fbd45ee8aba30d	0x679b362b9f38be63fbd4a499413141a997eb381e	-	0x524c9e20
[44]	call	0x54b53503c0e2173df29f8da735fbd45ee8aba30d	0x679b362b9f38be63fbd4a499413141a997eb381e	-	0x524c9e20
[45]	call	0x54b53503c0e2173df29f8da735fbd45ee8aba30d	0x679b362b9f38be63fbd4a499413141a997eb381e	-	0x524c9e20
[46]	call	0x54b53503c0e2173df29f8da735fbd45ee8aba30d	0x679b362b9f38be63fbd4a499413141a997eb381e	-	0x524c9e20
[47]	call	0x54b53503c0e2173df29f8da735fbd45ee8aba30d	0x679b362b9f38be63fbd4a499413141a997eb381e	-	0x524c9e20
[48]	call	0x54b53503c0e2173df29f8da735fbd45ee8aba30d	0x679b362b9f38be63fbd4a499413141a997eb381e	-	0x524c9e20
[49]	call	0x54b53503c0e2173df29f8da735fbd45ee8aba30d	0x679b362b9f38be63fbd4a499413141a997eb381e	-	0x524c9e20
[50]	call	0x54b53503c0e2173df29f8da735fbd45ee8aba30d	0x679b362b9f38be63fbd4a499413141a997eb381e	-	0x524c9e20
[51]	call	0x54b53503c0e2173df29f8da735fbd45ee8aba30d	0x679b362b9f38be63fbd4a499413141a997eb381e	-	0x524c9e20
[52]	call	0x54b53503c0e2173df29f8da735fbd45ee8aba30d	0x679b362b9f38be63fbd4a499413141a997eb381e	-	0x524c9e20
[53]	call	0x54b53503c0e2173df29f8da735fbd45ee8aba30d	0x679b362b9f38be63fbd4a499413141a997eb381e	-	0x524c9e20
[54]	call	0x54b53503c0e2173df29f8da735fbd45ee8aba30d	0x679b362b9f38be63fbd4a499413141a997eb381e	-	0x524c9e20
[55]	call	0x54b53503c0e2173df29f8da735fbd45ee8aba30d	0x679b362b9f38be63fbd4a499413141a997eb381e	-	0x524c9e20
[56]	call	0x54b53503c0e2173df29f8da735fbd45ee8aba30d	0x679b362b9f38be63fbd4a499413141a997eb381e	-	0x524c9e20
[57]	call	0x54b53503c0e2173df29f8da735fbd45ee8aba30d	0x679b362b9f38be63fbd4a499413141a997eb381e	-	0x524c9e20
[58]	call	0x54b53503c0e2173df29f8da735fbd45ee8aba30d	0x679b362b9f38be63fbd4a499413141a997eb381e	-	0x524c9e20
[59]	call	0x54b53503c0e2173df29f8da735fbd45ee8aba30d	0x679b362b9f38be63fbd4a499413141a997eb381e	-	0x524c9e20
[60]	call	0x54b53503c0e2173df29f8da735fbd45ee8aba30d	0x679b362b9f38be63fbd4a499413141a997eb381e	-	0x524c9e20
[61]	call	0x54b53503c0e2173df29f8da735fbd45ee8aba30d	0x679b362b9f38be63fbd4a499413141a997eb381e	-	0x524c9e20
[62]	call	0x54b53503c0e2173df29f8da735fbd45ee8aba30d	0x679b362b9f38be63fbd4a499413141a997eb381e	-	0x524c9e20
[63]	call	0x54b53503c0e2173df29f8da735fbd45ee8aba30d	0x679b362b9f38be63fbd4a499413141a997eb381e	-	0x524c9e20
[64]	call	0x54b53503c0e2173df29f8da735fbd45ee8aba30d	0x679b362b9f38be63fbd4a499413141a997eb381e	-	0x524c9e20
[65]	call	0x54b53503c0e2173df29f8da735fbd45ee8aba30d	0x679b362b9f38be63fbd4a499413141a997eb381e	-	0x524c9e20
[66]	call	0x54b53503c0e2173df29f8da735fbd45ee8aba30d	0x679b362b9f38be63fbd4a499413141a997eb381e	-	0x524c9e20
[67]	call	0x54b53503c0e2173df29f8da735fbd45ee8aba30d	0x679b362b9f38be63fbd4a499413141a997eb381e	-	0x524c9e20
[68]	call	0x54b53503c0e2173df29f8da735fbd45ee8aba30d	0x679b362b9f38be63fbd4a499413141a997eb381e	-	0x524c9e20
[69]	call	0x54b53503c0e2173df29f8da735fbd45ee8aba30d	0x679b362b9f38be63fbd4a499413141a997eb381e	-	0x524c9e20
[70]	call	0x54b53503c0e2173df29f8da735fbd45ee8aba30d	0x679b362b9f38be63fbd4a499413141a997eb381e	-	0x524c9e20
[71]	call	0x54b53503c0e2173df29f8da735fbd45ee8aba30d	0x679b362b9f38be63fbd4a499413141a997eb381e	-	0x524c9e20
[72]	call	0x54b53503c0e2173df29f8da735fbd45ee8aba30d	0x679b362b9f38be63fbd4a499413141a997eb381e	-	0x524c9e20
[73]	call	0x54b53503c0e2173df29f8da735fbd45ee8aba30d	0x679b362b9f38be63fbd4a499413141a997eb381e	-	0x524c9e20
[74]	call	0x54b53503c0e2173df29f8da735fbd45ee8aba30d	0x679b362b9f38be63fbd4a499413141a997eb381e	-	0x524c9e20
[75]	call	0x54b53503c0e2173df29f8da735fbd45ee8aba30d	0x679b362b9f38be63fbd4a499413141a997eb381e	-	0x524c9e20
[76]	call	0x54b53503c0e2173df29f8da735fbd45ee8aba30d	0x679b362b9f38be63fbd4a499413141a997eb381e	-	0x524c9e20
[77]	call	0x54b53503c0e2173df29f8da735fbd45ee8aba30d	0x679b362b9f38be63fbd4a499413141a997eb381e	-	0x524c9e20
[78]	call	0x54b53503c0e2173df29f8da735fbd45ee8aba30d	0x679b362b9f38be63fbd4a499413141a997eb381e	-	0x524c9e20
[79]	call	0x54b53503c0e2173df29f8da735fbd45ee8aba30d	0x679b362b9f38be63fbd4a499413141a997eb381e	-	0x524c9e20
[80]	call	0x54b53503c0e2173df29f8da735fbd45ee8aba30d	0x679b362b9f38be63fbd4a499413141a997eb381e	-	0x524c9e20
[81]	call	0x54b53503c0e2173df29f8da735fbd45ee8aba30d	0x679b362b9f38be63fbd4a499413141a997eb381e	-	0x524c9e20
[82]	call	0x54b53503c0e2173df29f8da735fbd45ee8aba30d	0x679b362b9f38be63fbd4a499413141a997eb381e	-	0x524c9e20
[83]	call	0x54b53503c0e2173df29f8da735fbd45ee8aba30d	0x679b362b9f38be63fbd4a499413141a997eb381e	-	0x524c9e20
[84]	call	0x54b53503c0e2173df29f8da735fbd45ee8aba30d	0x679b362b9f38be63fbd4a499413141a997eb381e	-	0x524c9e20
[85]	call	0x54b53503c0e2173df29f8da735fbd45ee8aba30d	0x679b362b9f38be63fbd4a499413141a997eb381e	-	0x524c9e20
[86]	call	0x54b53503c0e2173df29f8da735fbd45ee8aba30d	0x679b362b9f38be63fbd4a499413141a997eb381e	-	0x524c9e20
[87]	call	0x54b53503c0e2173df29f8da735fbd45ee8aba30d	0x679b362b9f38be63fbd4a499413141a997eb381e	-	0x524c9e20
[88]	call	0x54b53503c0e2173df29f8da735fbd45ee8aba30d	0x679b362b9f38be63fbd4a499413141a997eb381e	-	0x524c9e20
[89]	call	0x54b53503c0e2173df29f8da735fbd45ee8aba30d	0x679b362b9f38be63fbd4a499413141a997eb381e	-	0x524c9e20
[90]	call	0x54b53503c0e2173df29f8da735fbd45ee8aba30d	0x679b362b9f38be63fbd4a499413141a997eb381e	-	0x524c9e20
[91]	call	0x54b53503c0e2173df29f8da735fbd45ee8aba30d	0x679b362b9f38be63fbd4a499413141a997eb381e	-	0x524c9e20
[92]	call	0x54b53503c0e2173df29f8da735fbd45ee8aba30d	0x679b362b9f38be63fbd4a499413141a997eb381e	-	0x524c9e20
[93]	call	0x54b53503c0e2173df29f8da735fbd45ee8aba30d	0x679b362b9f38be63fbd4a499413141a997eb381e	-	0x524c9e20
[94]	call	0x54b53503c0e2173df29f8da735fbd45ee8aba30d	0x679b362b9f38be63fbd4a499413141a997eb381e	-	0x524c9e20
[95]	call	0x54b53503c0e2173df29f8da735fbd45ee8aba30d	0x679b362b9f38be63fbd4a499413141a997eb381e	-	0x524c9e20
[96]	call	0x54b53503c0e2173df29f8da735fbd45ee8aba30d	0x679b362b9f38be63fbd4a499413141a997eb381e	-	0x524c9e20
[97]	call	0x54b53503c0e2173df29f8da735fbd45ee8aba30d	0x679b362b9f38be63fbd4a499413141a997eb381e	-	0x524c9e20
[98]	call	0x54b53503c0e2173df29f8da735fbd45ee8aba30d	0x679b362b9f38be63fbd4a499413141a997eb381e	-	0x524c9e20
[99]	call	0x54b53503c0e2173df29f8da735fbd45ee8aba30d	0x679b362b9f38be63fbd4a499413141a997eb381e	-	0x524c9e20
[100]	call	0x54b53503c0e2173df29f8da735fbd45ee8aba30d	0x679b362b9f38be63fbd4a499413141a997eb381e	-	0x524c9e20
[101]	call	0x54b53503c0e2173df29f8da735fbd45ee8aba30d	0x679b362b9f38be63fbd4a499413141a997eb381e	-	0x524c9e20
[102]	call	0x54b53503c0e2173df29f8da735fbd45ee8aba30d	0x679b362b9f38be63fbd4a499413141a997eb381e	-	0x524c9e20
[103]	call	0x54b53503c0e2173df29f8da735fbd45ee8aba30d	0x679b362b9f38be63fbd4a499413141a997eb381e	-	0x524c9e20
[104]	call	0x54b53503c0e2173df29f8da735fbd45ee8aba30d	0x679b362b9f38be63fbd4a499413141a997eb381e	-	0x524c9e20
[105]	call	0x54b53503c0e2173df29f8da735fbd45ee8aba30d	0x679b362b9f38be63fbd4a499413141a997eb381e	-	0x524c9e20
[106]	call	0x54b53503c0e2173df29f8da735fbd45ee8aba30d	0x679b362b9f38be63fbd4a499413141a997eb381e	-	0x524c9e20
[107]	call	0x54b53503c0e2173df29f8da735fbd45ee8aba30d	0x679b362b9f38be63fbd4a499413141a997eb381e	-	0x524c9e20
[108]	call	0x54b53503c0e2173df29f8da735fbd45ee8aba30d	0x679b362b9f38be63fbd4a499413141a997eb381e	-	0x524c9e20
[109]	call	0x54b53503c0e2173df29f8da735fbd45ee8aba30d	0x679b362b9f38be63fbd4a499413141a997eb381e	-	0x524c9e20
[110]	call	0x54b53503c0e2173df29f8da735fbd45ee8aba30d	0x679b362b9f38be63fbd4a499413141a997eb381e	-	0x524c9e20
[111]	call	0x54b53503c0e2173df29f8da735fbd45ee8aba30d	0x679b362b9f38be63fbd4a499413141a997eb381e	-	0x524c9e20
[112]	call	0x54b53503c0e2173df29f8da735fbd45ee8aba30d	0x679b362b9f38be63fbd4a499413141a997eb381e	-	0x524c9e20
[113]	call	0x54b53503c0e2173df29f8da735fbd45ee8aba30d	0x679b362b9f38be63fbd4a499413141a997eb381e	-	0x524c9e20
[114]	call	0x54b53503c0e2173df29f8da735fbd45ee8aba30d	0x679b362b9f38be63fbd4a499413141a997eb381e	-	0x524c9e20
[115]	call	0x54b53503c0e2173df29f8da735fbd45ee8aba30d	0x679b362b9f38be63fbd4a499413141a997eb381e	-	0x524c9e20
[116]	call	0x54b53503c0e2173df29f8da735fbd45ee8aba30d	0x679b362b9f38be63fbd4a499413141a997eb381e	-	0x524c9e20
[117]	call	0x54b53503c0e2173df29f8da735fbd45ee8aba30d	0x679b362b9f38be63fbd4a499413141a997eb381e	-	0x524c9e20
[118]	call	0x54b53503c0e2173df29f8da735fbd45ee8aba30d	0x679b362b9f38be63fbd4a499413141a997eb381e	-	0x524c9e20
[119]	call	0x54b53503c0e2173df29f8da735fbd45ee8aba30d	0x679b362b9f38be63fbd4a499413141a997eb381e	-	0x524c9e20
[120]	call	0x54b53503c0e2173df29f8da735fbd45ee8aba30d	0x679b362b9f38be63fbd4a499413141a997eb381e	-	0x524c9e20
[121]	call	0x54b53503c0e2173df29f8da735fbd45ee8aba30d	0x679b362b9f38be63fbd4a499413141a997eb381e	-	0x524c9e20
[122]	call	0x54b53503c0e2173df29f8da735fbd45ee8aba30d	0x679b362b9f38be63fbd4a499413141a997eb381e	-	0x524c9e20
[123]	call	0x54b53503c0e2173df29f8da735fbd45ee8aba30d	0x679b362b9f38be63fbd4a499413141a997eb381e	-	0x524c9e20
[124]	call	0x54b53503c0e2173df29f8da735fbd45ee8aba30d	0x679b362b9f38be63fbd4a499413141a997eb381e	-	0x524c9e20
[125]	call	0x54b53503c0e2173df29f8da735fbd45ee8aba30d	0x679b362b9f38be63fbd4a499413141a997eb381e	-	0x524c9e20
[126]	call	0x54b53503c0e2173df29f8da735fbd45ee8aba30d	0x679b362b9f38be63fbd4a499413141a997eb381e	-	0x524c9e20
[127]	call	0x54b53503c0e2173df29f8da735fbd45ee8aba30d	0x679b362b9f38be63fbd4a499413141a997eb381e	-	0x524c9e20
[128]	call	0x54b53503c0e2173df29f8da735fbd45ee8aba30d	0x679b362b9f38be63fbd4a499413141a997eb381e	-	0x524c9e20
[129]	call	0x54b53503c0e2173df29f8da735fbd45ee8aba30d	0x679b362b9f38be63fbd4a499413141a997eb381e	-	0x524c9e20
[130]	call	0x54b53503c0e2173df29f8da735fbd45ee8aba30d	0x679b362b9f38be63fbd4a499413141a997eb381e	-	0x524c9e20
[131]	call	0x54b53503c0e2173df29f8da735fbd45ee8aba30d	0x679b362b9f38be63fbd4a499413141a997eb381e	-	0x524c9e20
[132]	call	0x54b53503c0e2173df29f8da735fbd45ee8aba30d	0x679b362b9f38be63fbd4a499413141a997eb381e	-	0x524c9e20
[133]	call	0x54b53503c0e2173df29f8da735fbd45ee8aba30d	0x679b362b9f38be63fbd4a499413141a997eb381e	-	0x524c9e20
[134]	call	0x54b53503c0e2173df29f8da735fbd45ee8aba30d	0x679b362b9f38be63fbd4a499413141a997eb381e	-	0x524c9e20
[135]	call	0x54b53503c0e2173df29f8da735fbd45ee8aba30d	0x679b362b9f38be63fbd4a499413141a997eb381e	-	0x524c9e20
[136]	call	0x54b53503c0e2173df29f8da735fbd45ee8aba30d	0x679b362b9f38be63fbd4a499413141a997eb381e	-	0x524c9e20
[137]	call	0x54b53503c0e2173df29f8da735fbd45ee8aba30d	0x679b362b9f38be63fbd4a499413141a997eb381e	-	0x524c9e20
[138]	call	0x54b53503c0e2173df29f8da735fbd45ee8aba30d	0x679b362b9f38be63fbd4a499413141a997eb381e	-	0x524c9e20
[139]	call	0x54b53503c0e2173df29f8da735fbd45ee8aba30d	0x679b362b9f38be63fbd4a499413141a997eb381e	-	0x524c9e20
[140]	call	0x54b53503c0e2173df29f8da735fbd45ee8aba30d	0x679b362b9f38be63fbd4a499413141a997eb381e	-	0x524c9e20
[141]	call	0x54b53503c0e2173df29f8da735fbd45ee8aba30d	0x679b362b9f38be63fbd4a499413141a997eb381e	-	0x524c9e20
[142]	call	0x54b53503c0e2173df29f8da735fbd45ee8aba30d	0x679b362b9f38be63fbd4a499413141a997eb381e	-	0x524c9e20
[143]	call	0x54b53503c0e2173df29f8da735fbd45ee8aba30d	0x679b362b9f38be63fbd4a499413141a997eb381e	-	0x524c9e20
[144]	call	0x54b53503c0e2173df29f8da735fbd45ee8aba30d	0x679b362b9f38be63fbd4a499413141a997eb381e	-	0x524c9e20
[145]	call	0x54b53503c0e2173df29f8da735fbd45ee8aba30d	0xba12222222228d8ba445958a75a0704d566bf2c8	-	0x945bcec9
[145,0]	call	0xba12222222228d8ba445958a75a0704d566bf2c8	0xdacf5fa19b1f720111609043ac67a9818262850c	-	0x01ec954a
[145,1]	call	0xba12222222228d8ba445958a75a0704d566bf2c8	0xdacf5fa19b1f720111609043ac67a9818262850c	-	0x01ec954a
[145,2]	call	0xba12222222228d8ba445958a75a0704d566bf2c8	0xdacf5fa19b1f720111609043ac67a9818262850c	-	0x01ec954a
[145,3]	call	0xba12222222228d8ba445958a75a0704d566bf2c8	0xdacf5fa19b1f720111609043ac67a9818262850c	-	0x01ec954a
[145,4]	call	0xba12222222228d8ba445958a75a0704d566bf2c8	0xdacf5fa19b1f720111609043ac67a9818262850c	-	0x01ec954a
[145,5]	call	0xba12222222228d8ba445958a75a0704d566bf2c8	0xdacf5fa19b1f720111609043ac67a9818262850c	-	0x01ec954a
[145,6]	call	0xba12222222228d8ba445958a75a0704d566bf2c8	0xdacf5fa19b1f720111609043ac67a9818262850c	-	0x01ec954a
[145,7]	call	0xba12222222228d8ba445958a75a0704d566bf2c8	0xdacf5fa19b1f720111609043ac67a9818262850c	-	0x01ec954a
[145,8]	call	0xba12222222228d8ba445958a75a0704d566bf2c8	0xdacf5fa19b1f720111609043ac67a9818262850c	-	0x01ec954a
[145,9]	call	0xba12222222228d8ba445958a75a0704d566bf2c8	0xdacf5fa19b1f720111609043ac67a9818262850c	-	0x01ec954a
[145,10]	call	0xba12222222228d8ba445958a75a0704d566bf2c8	0xdacf5fa19b1f720111609043ac67a9818262850c	-	0x01ec954a
[145,11]	call	0xba12222222228d8ba445958a75a0704d566bf2c8	0xdacf5fa19b1f720111609043ac67a9818262850c	-	0x01ec954a
[145,12]	call	0xba12222222228d8ba445958a75a0704d566bf2c8	0xdacf5fa19b1f720111609043ac67a9818262850c	-	0x01ec954a
[145,13]	call	0xba12222222228d8ba445958a75a0704d566bf2c8	0xdacf5fa19b1f720111609043ac67a9818262850c	-	0x01ec954a
[145,14]	call	0xba12222222228d8ba445958a75a0704d566bf2c8	0xdacf5fa19b1f720111609043ac67a9818262850c	-	0x01ec954a
[145,15]	call	0xba12222222228d8ba445958a75a0704d566bf2c8	0xdacf5fa19b1f720111609043ac67a9818262850c	-	0x01ec954a
[145,16]	call	0xba12222222228d8ba445958a75a0704d566bf2c8	0xdacf5fa19b1f720111609043ac67a9818262850c	-	0x01ec954a
[145,17]	call	0xba12222222228d8ba445958a75a0704d566bf2c8	0xdacf5fa19b1f720111609043ac67a9818262850c	-	0x01ec954a
[145,18]	call	0xba12222222228d8ba445958a75a0704d566bf2c8	0xdacf5fa19b1f720111609043ac67a9818262850c	-	0x01ec954a
[145,19]	call	0xba12222222228d8ba445958a75a0704d566bf2c8	0xdacf5fa19b1f720111609043ac67a9818262850c	-	0x01ec954a
[145,20]	call	0xba12222222228d8ba445958a75a0704d566bf2c8	0xdacf5fa19b1f720111609043ac67a9818262850c	-	0x01ec954a
[145,21]	call	0xba12222222228d8ba445958a75a0704d566bf2c8	0xdacf5fa19b1f720111609043ac67a9818262850c	-	0x01ec954a
[145,22]	call	0xba12222222228d8ba445958a75a0704d566bf2c8	0xdacf5fa19b1f720111609043ac67a9818262850c	-	0x01ec954a
[145,23]	call	0xba12222222228d8ba445958a75a0704d566bf2c8	0xdacf5fa19b1f720111609043ac67a9818262850c	-	0x01ec954a
[145,24]	call	0xba12222222228d8ba445958a75a0704d566bf2c8	0xdacf5fa19b1f720111609043ac67a9818262850c	-	0x01ec954a
[145,25]	call	0xba12222222228d8ba445958a75a0704d566bf2c8	0xdacf5fa19b1f720111609043ac67a9818262850c	-	0x01ec954a
[145,26]	call	0xba12222222228d8ba445958a75a0704d566bf2c8	0xdacf5fa19b1f720111609043ac67a9818262850c	-	0x01ec954a
[145,27]	call	0xba12222222228d8ba445958a75a0704d566bf2c8	0xdacf5fa19b1f720111609043ac67a9818262850c	-	0x01ec954a
[145,28]	call	0xba12222222228d8ba445958a75a0704d566bf2c8	0xdacf5fa19b1f720111609043ac67a9818262850c	-	0x01ec954a
[145,29]	call	0xba12222222228d8ba445958a75a0704d566bf2c8	0xdacf5fa19b1f720111609043ac67a9818262850c	-	0x01ec954a
[145,30]	call	0xba12222222228d8ba445958a75a0704d566bf2c8	0xdacf5fa19b1f720111609043ac67a9818262850c	-	0x01ec954a
[145,31]	call	0xba12222222228d8ba445958a75a0704d566bf2c8	0xdacf5fa19b1f720111609043ac67a9818262850c	-	0x01ec954a
[145,32]	call	0xba12222222228d8ba445958a75a0704d566bf2c8	0xdacf5fa19b1f720111609043ac67a9818262850c	-	0x01ec954a
[145,33]	call	0xba12222222228d8ba445958a75a0704d566bf2c8	0xdacf5fa19b1f720111609043ac67a9818262850c	-	0x01ec954a
[145,34]	call	0xba12222222228d8ba445958a75a0704d566bf2c8	0xdacf5fa19b1f720111609043ac67a9818262850c	-	0x01ec954a
[145,35]	call	0xba12222222228d8ba445958a75a0704d566bf2c8	0xdacf5fa19b1f720111609043ac67a9818262850c	-	0x01ec954a
[145,36]	call	0xba12222222228d8ba445958a75a0704d566bf2c8	0xdacf5fa19b1f720111609043ac67a9818262850c	-	0x01ec954a
[145,37]	call	0xba12222222228d8ba445958a75a0704d566bf2c8	0xdacf5fa19b1f720111609043ac67a9818262850c	-	0x01ec954a
[145,38]	call	0xba12222222228d8ba445958a75a0704d566bf2c8	0xdacf5fa19b1f720111609043ac67a9818262850c	-	0x01ec954a
[145,39]	call	0xba12222222228d8ba445958a75a0704d566bf2c8	0xdacf5fa19b1f720111609043ac67a9818262850c	-	0x01ec954a
[145,40]	call	0xba12222222228d8ba445958a75a0704d566bf2c8	0xdacf5fa19b1f720111609043ac67a9818262850c	-	0x01ec954a
[145,41]	call	0xba12222222228d8ba445958a75a0704d566bf2c8	0xdacf5fa19b1f720111609043ac67a9818262850c	-	0x01ec954a
[145,42]	call	0xba12222222228d8ba445958a75a0704d566bf2c8	0xdacf5fa19b1f720111609043ac67a9818262850c	-	0x01ec954a
[145,43]	call	0xba12222222228d8ba445958a75a0704d566bf2c8	0xdacf5fa19b1f720111609043ac67a9818262850c	-	0x01ec954a
[145,44]	call	0xba12222222228d8ba445958a75a0704d566bf2c8	0xdacf5fa19b1f720111609043ac67a9818262850c	-	0x01ec954a
[145,45]	call	0xba12222222228d8ba445958a75a0704d566bf2c8	0xdacf5fa19b1f720111609043ac67a9818262850c	-	0x01ec954a
[145,46]	call	0xba12222222228d8ba445958a75a0704d566bf2c8	0xdacf5fa19b1f720111609043ac67a9818262850c	-	0x01ec954a
[145,47]	call	0xba12222222228d8ba445958a75a0704d566bf2c8	0xdacf5fa19b1f720111609043ac67a9818262850c	-	0x01ec954a
[145,48]	call	0xba12222222228d8ba445958a75a0704d566bf2c8	0xdacf5fa19b1f720111609043ac67a9818262850c	-	0x01ec954a
[145,49]	call	0xba12222222228d8ba445958a75a0704d566bf2c8	0xdacf5fa19b1f720111609043ac67a9818262850c	-	0x01ec954a
[145,50]	call	0xba12222222228d8ba445958a75a0704d566bf2c8	0xdacf5fa19b1f720111609043ac67a9818262850c	-	0x01ec954a
[145,51]	call	0xba12222222228d8ba445958a75a0704d566bf2c8	0xdacf5fa19b1f720111609043ac67a9818262850c	-	0x01ec954a
[145,52]	call	0xba12222222228d8ba445958a75a0704d566bf2c8	0xdacf5fa19b1f720111609043ac67a9818262850c	-	0x01ec954a
[145,53]	call	0xba12222222228d8ba445958a75a0704d566bf2c8	0xdacf5fa19b1f720111609043ac67a9818262850c	-	0x01ec954a
[145,54]	call	0xba12222222228d8ba445958a75a0704d566bf2c8	0xdacf5fa19b1f720111609043ac67a9818262850c	-	0x01ec954a
[145,55]	call	0xba12222222228d8ba445958a75a0704d566bf2c8	0xdacf5fa19b1f720111609043ac67a9818262850c	-	0x01ec954a
[145,56]	call	0xba12222222228d8ba445958a75a0704d566bf2c8	0xdacf5fa19b1f720111609043ac67a9818262850c	-	0x01ec954a
[145,57]	call	0xba12222222228d8ba445958a75a0704d566bf2c8	0xdacf5fa19b1f720111609043ac67a9818262850c	-	0x01ec954a
[145,58]	call	0xba12222222228d8ba445958a75a0704d566bf2c8	0xdacf5fa19b1f720111609043ac67a9818262850c	-	0x01ec954a
[145,59]	call	0xba12222222228d8ba445958a75a0704d566bf2c8	0xdacf5fa19b1f720111609043ac67a9818262850c	-	0x01ec954a
[145,60]	call	0xba12222222228d8ba445958a75a0704d566bf2c8	0xdacf5fa19b1f720111609043ac67a9818262850c	-	0x01ec954a
[145,61]	call	0xba12222222228d8ba445958a75a0704d566bf2c8	0xdacf5fa19b1f720111609043ac67a9818262850c	-	0x01ec954a
[145,62]	call	0xba12222222228d8ba445958a75a0704d566bf2c8	0xdacf5fa19b1f720111609043ac67a9818262850c	-	0x01ec954a
[145,63]	call	0xba12222222228d8ba445958a75a0704d566bf2c8	0xdacf5fa19b1f720111609043ac67a9818262850c	-	0x01ec954a
[145,64]	call	0xba12222222228d8ba445958a75a0704d566bf2c8	0xdacf5fa19b1f720111609043ac67a9818262850c	-	0x01ec954a
[145,65]	call	0xba12222222228d8ba445958a75a0704d566bf2c8	0xdacf5fa19b1f720111609043ac67a9818262850c	-	0x01ec954a
[145,66]	call	0xba12222222228d8ba445958a75a0704d566bf2c8	0xdacf5fa19b1f720111609043ac67a9818262850c	-	0x01ec954a
[145,67]	call	0xba12222222228d8ba445958a75a0704d566bf2c8	0xdacf5fa19b1f720111609043ac67a9818262850c	-	0x01ec954a
[145,68]	call	0xba12222222228d8ba445958a75a0704d566bf2c8	0xdacf5fa19b1f720111609043ac67a9818262850c	-	0x01ec954a
[145,69]	call	0xba12222222228d8ba445958a75a0704d566bf2c8	0xdacf5fa19b1f720111609043ac67a9818262850c	-	0x01ec954a
[145,70]	call	0xba12222222228d8ba445958a75a0704d566bf2c8	0xdacf5fa19b1f720111609043ac67a9818262850c	-	0x01ec954a
[145,71]	call	0xba12222222228d8ba445958a75a0704d566bf2c8	0xdacf5fa19b1f720111609043ac67a9818262850c	-	0x01ec954a
[145,72]	call	0xba12222222228d8ba445958a75a0704d566bf2c8	0xdacf5fa19b1f720111609043ac67a9818262850c	-	0x01ec954a
[145,73]	call	0xba12222222228d8ba445958a75a0704d566bf2c8	0xdacf5fa19b1f720111609043ac67a9818262850c	-	0x01ec954a
[145,74]	call	0xba12222222228d8ba445958a75a0704d566bf2c8	0xdacf5fa19b1f720111609043ac67a9818262850c	-	0x01ec954a
[145,75]	call	0xba12222222228d8ba445958a75a0704d566bf2c8	0xdacf5fa19b1f720111609043ac67a9818262850c	-	0x01ec954a
[145,76]	call	0xba12222222228d8ba445958a75a0704d566bf2c8	0xdacf5fa19b1f720111609043ac67a9818262850c	-	0x01ec954a
[145,77]	call	0xba12222222228d8ba445958a75a0704d566bf2c8	0xdacf5fa19b1f720111609043ac67a9818262850c	-	0x01ec954a
[145,78]	call	0xba12222222228d8ba445958a75a0704d566bf2c8	0xdacf5fa19b1f720111609043ac67a9818262850c	-	0x01ec954a
[145,79]	call	0xba12222222228d8ba445958a75a0704d566bf2c8	0xdacf5fa19b1f720111609043ac67a9818262850c	-	0x01ec954a
[145,80]	call	0xba12222222228d8ba445958a75a0704d566bf2c8	0xdacf5fa19b1f720111609043ac67a9818262850c	-	0x01ec954a
[145,81]	call	0xba12222222228d8ba445958a75a0704d566bf2c8	0xdacf5fa19b1f720111609043ac67a9818262850c	-	0x01ec954a
[145,82]	call	0xba12222222228d8ba445958a75a0704d566bf2c8	0xdacf5fa19b1f720111609043ac67a9818262850c	-	0x01ec954a
[145,83]	call	0xba12222222228d8ba445958a75a0704d566bf2c8	0xdacf5fa19b1f720111609043ac67a9818262850c	-	0x01ec954a
[145,84]	call	0xba12222222228d8ba445958a75a0704d566bf2c8	0xdacf5fa19b1f720111609043ac67a9818262850c	-	0x01ec954a
[145,85]	call	0xba12222222228d8ba445958a75a0704d566bf2c8	0xdacf5fa19b1f720111609043ac67a9818262850c	-	0x01ec954a
[145,86]	call	0xba12222222228d8ba445958a75a0704d566bf2c8	0xdacf5fa19b1f720111609043ac67a9818262850c	-	0x01ec954a
[145,87]	call	0xba12222222228d8ba445958a75a0704d566bf2c8	0xdacf5fa19b1f720111609043ac67a9818262850c	-	0x01ec954a
[145,88]	call	0xba12222222228d8ba445958a75a0704d566bf2c8	0xdacf5fa19b1f720111609043ac67a9818262850c	-	0x01ec954a
[145,89]	call	0xba12222222228d8ba445958a75a0704d566bf2c8	0xdacf5fa19b1f720111609043ac67a9818262850c	-	0x01ec954a
[145,90]	call	0xba12222222228d8ba445958a75a0704d566bf2c8	0xdacf5fa19b1f720111609043ac67a9818262850c	-	0x01ec954a
[145,91]	call	0xba12222222228d8ba445958a75a0704d566bf2c8	0xdacf5fa19b1f720111609043ac67a9818262850c	-	0x01ec954a
[145,92]	call	0xba12222222228d8ba445958a75a0704d566bf2c8	0xdacf5fa19b1f720111609043ac67a9818262850c	-	0x01ec954a
[145,93]	call	0xba12222222228d8ba445958a75a0704d566bf2c8	0xdacf5fa19b1f720111609043ac67a9818262850c	-	0x01ec954a
[145,94]	call	0xba12222222228d8ba445958a75a0704d566bf2c8	0xdacf5fa19b1f720111609043ac67a9818262850c	-	0x01ec954a
[145,95]	call	0xba12222222228d8ba445958a75a0704d566bf2c8	0xdacf5fa19b1f720111609043ac67a9818262850c	-	0x01ec954a
[145,96]	call	0xba12222222228d8ba445958a75a0704d566bf2c8	0xdacf5fa19b1f720111609043ac67a9818262850c	-	0x01ec954a
[145,97]	call	0xba12222222228d8ba445958a75a0704d566bf2c8	0xdacf5fa19b1f720111609043ac67a9818262850c	-	0x01ec954a
[145,98]	call	0xba12222222228d8ba445958a75a0704d566bf2c8	0xdacf5fa19b1f720111609043ac67a9818262850c	-	0x01ec954a
[145,99]	call	0xba12222222228d8ba445958a75a0704d566bf2c8	0xdacf5fa19b1f720111609043ac67a9818262850c	-	0x01ec954a
[145,100]	call	0xba12222222228d8ba445958a75a0704d566bf2c8	0xdacf5fa19b1f720111609043ac67a9818262850c	-	0x01ec954a
[145,101]	call	0xba12222222228d8ba445958a75a0704d566bf2c8	0xdacf5fa19b1f720111609043ac67a9818262850c	-	0x01ec954a
[145,102]	call	0xba12222222228d8ba445958a75a0704d566bf2c8	0xdacf5fa19b1f720111609043ac67a9818262850c	-	0x01ec954a
[145,103]	call	0xba12222222228d8ba445958a75a0704d566bf2c8	0xdacf5fa19b1f720111609043ac67a9818262850c	-	0x01ec954a
[145,104]	call	0xba12222222228d8ba445958a75a0704d566bf2c8	0xdacf5fa19b1f720111609043ac67a9818262850c	-	0x01ec954a
[145,105]	call	0xba12222222228d8ba445958a75a0704d566bf2c8	0xdacf5fa19b1f720111609043ac67a9818262850c	-	0x01ec954a
[145,106]	call	0xba12222222228d8ba445958a75a0704d566bf2c8	0xdacf5fa19b1f720111609043ac67a9818262850c	-	0x01ec954a
[145,107]	call	0xba12222222228d8ba445958a75a0704d566bf2c8	0xdacf5fa19b1f720111609043ac67a9818262850c	-	0x01ec954a
[145,108]	call	0xba12222222228d8ba445958a75a0704d566bf2c8	0xdacf5fa19b1f720111609043ac67a9818262850c	-	0x01ec954a
[145,109]	call	0xba12222222228d8ba445958a75a0704d566bf2c8	0xdacf5fa19b1f720111609043ac67a9818262850c	-	0x01ec954a
[145,110]	call	0xba12222222228d8ba445958a75a0704d566bf2c8	0xdacf5fa19b1f720111609043ac67a9818262850c	-	0x01ec954a
[145,111]	call	0xba12222222228d8ba445958a75a0704d566bf2c8	0xdacf5fa19b1f720111609043ac67a9818262850c	-	0x01ec954a
[145,112]	call	0xba12222222228d8ba445958a75a0704d566bf2c8	0xdacf5fa19b1f720111609043ac67a9818262850c	-	0x01ec954a
[145,113]	call	0xba12222222228d8ba445958a75a0704d566bf2c8	0xdacf5fa19b1f720111609043ac67a9818262850c	-	0x01ec954a
[145,114]	call	0xba12222222228d8ba445958a75a0704d566bf2c8	0xdacf5fa19b1f720111609043ac67a9818262850c	-	0x01ec954a
[145,115]	call	0xba12222222228d8ba445958a75a0704d566bf2c8	0xdacf5fa19b1f720111609043ac67a9818262850c	-	0x01ec954a
[145,116]	call	0xba12222222228d8ba445958a75a0704d566bf2c8	0xdacf5fa19b1f720111609043ac67a9818262850c	-	0x01ec954a
[145,117]	call	0xba12222222228d8ba445958a75a0704d566bf2c8	0xdacf5fa19b1f720111609043ac67a9818262850c	-	0x01ec954a
[145,118]	call	0xba12222222228d8ba445958a75a0704d566bf2c8	0xdacf5fa19b1f720111609043ac67a9818262850c	-	0x01ec954a
[145,119]	call	0xba12222222228d8ba445958a75a0704d566bf2c8	0xdacf5fa19b1f720111609043ac67a9818262850c	-	0x01ec954a
[145,120]	call	0xba12222222228d8ba445958a75a0704d566bf2c8	0xdacf5fa19b1f720111609043ac67a9818262850c	-	0x01ec954a
[146]	call	0x54b53503c0e2173df29f8da735fbd45ee8aba30d	0xba12222222228d8ba445958a75a0704d566bf2c8	-	0xf94d4668
[147]	call	0x54b53503c0e2173df29f8da735fbd45ee8aba30d	0xdacf5fa19b1f720111609043ac67a9818262850c	-	0x679aefce
[147,0]	call	0xdacf5fa19b1f720111609043ac67a9818262850c	0xba12222222228d8ba445958a75a0704d566bf2c8	-	0xf94d4668
[148]	call	0x54b53503c0e2173df29f8da735fbd45ee8aba30d	0x93d199263632a4ef4bb438f1feb99e57b4b5f0bd	-	0x38fff2d0
[149]	call	0x54b53503c0e2173df29f8da735fbd45ee8aba30d	0x93d199263632a4ef4bb438f1feb99e57b4b5f0bd	-	0x82687a56
[150]	call	0x54b53503c0e2173df29f8da735fbd45ee8aba30d	0xba12222222228d8ba445958a75a0704d566bf2c8	-	0xf94d4668
[151]	call	0x54b53503c0e2173df29f8da735fbd45ee8aba30d	0x7f39c581f595b53c5cb19bd0b3f8da6c935e2ca0	-	0x095ea7b3
[152]	call	0x54b53503c0e2173df29f8da735fbd45ee8aba30d	0x93d199263632a4ef4bb438f1feb99e57b4b5f0bd	-	0x095ea7b3
[153]	call	0x54b53503c0e2173df29f8da735fbd45ee8aba30d	0xc02aaa39b223fe8d0a0e5c4f27ead9083c756cc2	-	0x095ea7b3
[154]	call	0x54b53503c0e2173df29f8da735fbd45ee8aba30d	0x93d199263632a4ef4bb438f1feb99e57b4b5f0bd	-	0x1dd746ea
[155]	call	0x54b53503c0e2173df29f8da735fbd45ee8aba30d	0x93d199263632a4ef4bb438f1feb99e57b4b5f0bd	-	0x238a2d59
[156]	call	0x54b53503c0e2173df29f8da735fbd45ee8aba30d	0x93d199263632a4ef4bb438f1feb99e57b4b5f0bd	-	0x2df2c7c0
[156,0]	call	0x93d199263632a4ef4bb438f1feb99e57b4b5f0bd	0xba12222222228d8ba445958a75a0704d566bf2c8	-	0x0e8e3e84
[156,1]	call	0x93d199263632a4ef4bb438f1feb99e57b4b5f0bd	0x72d07d7dca67b8a406ad1ec34ce969c90bfee768	-	0x679aefce
[156,1,0]	call	0x72d07d7dca67b8a406ad1ec34ce969c90bfee768	0x7f39c581f595b53c5cb19bd0b3f8da6c935e2ca0	-	0x035faf82
[156,1,0,0]	call	0x7f39c581f595b53c5cb19bd0b3f8da6c935e2ca0	0xae7ab96520de3a18e5e111b5eaab095312d7fe84	-	0x7a28fb88
[156,1,0,0,0]	call	0xae7ab96520de3a18e5e111b5eaab095312d7fe84	0xb8ffc3cd6e7cf5a098a1c92f48009765b24088dc	-	0xbe00bbd8
[156,1,0,0,0,0]	call	0xb8ffc3cd6e7cf5a098a1c92f48009765b24088dc	0x2b33cf282f867a7ff693a66e11b0fcc5552e4425	-	0xbe00bbd8
[156,1,0,0,1]	call	0xae7ab96520de3a18e5e111b5eaab095312d7fe84	0x17144556fd3424edc8fc8a4c940b2d04936d17eb	-	0x7a28fb88
[157]	call	0x54b53503c0e2173df29f8da735fbd45ee8aba30d	0x93d199263632a4ef4bb438f1feb99e57b4b5f0bd	-	0x6daccffa
[158]	call	0x54b53503c0e2173df29f8da735fbd45ee8aba30d	0x93d199263632a4ef4bb438f1feb99e57b4b5f0bd	-	0x55c67628
[159]	call	0x54b53503c0e2173df29f8da735fbd45ee8aba30d	0x93d199263632a4ef4bb438f1feb99e57b4b5f0bd	-	0x679aefce
[159,0]	call	0x93d199263632a4ef4bb438f1feb99e57b4b5f0bd	0xba12222222228d8ba445958a75a0704d566bf2c8	-	0xf94d4668
[160]	call	0x54b53503c0e2173df29f8da735fbd45ee8aba30d	0xba12222222228d8ba445958a75a0704d566bf2c8	-	0xf94d4668
[161]	call	0x54b53503c0e2173df29f8da735fbd45ee8aba30d	0x93d199263632a4ef4bb438f1feb99e57b4b5f0bd	-	0x876f303b
[161,0]	call	0x93d199263632a4ef4bb438f1feb99e57b4b5f0bd	0xba12222222228d8ba445958a75a0704d566bf2c8	-	0xf94d4668
[162]	call	0x54b53503c0e2173df29f8da735fbd45ee8aba30d	0x93d199263632a4ef4bb438f1feb99e57b4b5f0bd	-	0x1dd746ea
[163]	call	0x54b53503c0e2173df29f8da735fbd45ee8aba30d	0x679b362b9f38be63fbd4a499413141a997eb381e	-	0x524c9e20
[164]	call	0x54b53503c0e2173df29f8da735fbd45ee8aba30d	0x679b362b9f38be63fbd4a499413141a997eb381e	-	0x524c9e20
[165]	call	0x54b53503c0e2173df29f8da735fbd45ee8aba30d	0x679b362b9f38be63fbd4a499413141a997eb381e	-	0x524c9e20
[166]	call	0x54b53503c0e2173df29f8da735fbd45ee8aba30d	0x679b362b9f38be63fbd4a499413141a997eb381e	-	0x524c9e20
[167]	call	0x54b53503c0e2173df29f8da735fbd45ee8aba30d	0x679b362b9f38be63fbd4a499413141a997eb381e	-	0x524c9e20
[168]	call	0x54b53503c0e2173df29f8da735fbd45ee8aba30d	0x679b362b9f38be63fbd4a499413141a997eb381e	-	0x524c9e20
[169]	call	0x54b53503c0e2173df29f8da735fbd45ee8aba30d	0x679b362b9f38be63fbd4a499413141a997eb381e	-	0x524c9e20
[170]	call	0x54b53503c0e2173df29f8da735fbd45ee8aba30d	0x679b362b9f38be63fbd4a499413141a997eb381e	-	0x524c9e20
[171]	call	0x54b53503c0e2173df29f8da735fbd45ee8aba30d	0x679b362b9f38be63fbd4a499413141a997eb381e	-	0x524c9e20
[172]	call	0x54b53503c0e2173df29f8da735fbd45ee8aba30d	0x679b362b9f38be63fbd4a499413141a997eb381e	-	0x524c9e20
[173]	call	0x54b53503c0e2173df29f8da735fbd45ee8aba30d	0x679b362b9f38be63fbd4a499413141a997eb381e	-	0x524c9e20
[174]	call	0x54b53503c0e2173df29f8da735fbd45ee8aba30d	0x679b362b9f38be63fbd4a499413141a997eb381e	-	0x524c9e20
[175]	call	0x54b53503c0e2173df29f8da735fbd45ee8aba30d	0x679b362b9f38be63fbd4a499413141a997eb381e	-	0x524c9e20
[176]	call	0x54b53503c0e2173df29f8da735fbd45ee8aba30d	0x679b362b9f38be63fbd4a499413141a997eb381e	-	0x524c9e20
[177]	call	0x54b53503c0e2173df29f8da735fbd45ee8aba30d	0x679b362b9f38be63fbd4a499413141a997eb381e	-	0x524c9e20
[178]	call	0x54b53503c0e2173df29f8da735fbd45ee8aba30d	0x679b362b9f38be63fbd4a499413141a997eb381e	-	0x524c9e20
[179]	call	0x54b53503c0e2173df29f8da735fbd45ee8aba30d	0x679b362b9f38be63fbd4a499413141a997eb381e	-	0x524c9e20
[180]	call	0x54b53503c0e2173df29f8da735fbd45ee8aba30d	0x679b362b9f38be63fbd4a499413141a997eb381e	-	0x524c9e20
[181]	call	0x54b53503c0e2173df29f8da735fbd45ee8aba30d	0x679b362b9f38be63fbd4a499413141a997eb381e	-	0x524c9e20
[182]	call	0x54b53503c0e2173df29f8da735fbd45ee8aba30d	0x679b362b9f38be63fbd4a499413141a997eb381e	-	0x524c9e20
[183]	call	0x54b53503c0e2173df29f8da735fbd45ee8aba30d	0x679b362b9f38be63fbd4a499413141a997eb381e	-	0x524c9e20
[184]	call	0x54b53503c0e2173df29f8da735fbd45ee8aba30d	0x679b362b9f38be63fbd4a499413141a997eb381e	-	0x524c9e20
[185]	call	0x54b53503c0e2173df29f8da735fbd45ee8aba30d	0x679b362b9f38be63fbd4a499413141a997eb381e	-	0x524c9e20
[186]	call	0x54b53503c0e2173df29f8da735fbd45ee8aba30d	0x679b362b9f38be63fbd4a499413141a997eb381e	-	0x524c9e20
[187]	call	0x54b53503c0e2173df29f8da735fbd45ee8aba30d	0x679b362b9f38be63fbd4a499413141a997eb381e	-	0x524c9e20
[188]	call	0x54b53503c0e2173df29f8da735fbd45ee8aba30d	0x679b362b9f38be63fbd4a499413141a997eb381e	-	0x524c9e20
[189]	call	0x54b53503c0e2173df29f8da735fbd45ee8aba30d	0x679b362b9f38be63fbd4a499413141a997eb381e	-	0x524c9e20
[190]	call	0x54b53503c0e2173df29f8da735fbd45ee8aba30d	0x679b362b9f38be63fbd4a499413141a997eb381e	-	0x524c9e20
[191]	call	0x54b53503c0e2173df29f8da735fbd45ee8aba30d	0x679b362b9f38be63fbd4a499413141a997eb381e	-	0x524c9e20
[192]	call	0x54b53503c0e2173df29f8da735fbd45ee8aba30d	0x679b362b9f38be63fbd4a499413141a997eb381e	-	0x524c9e20
[193]	call	0x54b53503c0e2173df29f8da735fbd45ee8aba30d	0x679b362b9f38be63fbd4a499413141a997eb381e	-	0x524c9e20
[194]	call	0x54b53503c0e2173df29f8da735fbd45ee8aba30d	0x679b362b9f38be63fbd4a499413141a997eb381e	-	0x524c9e20
[195]	call	0x54b53503c0e2173df29f8da735fbd45ee8aba30d	0x679b362b9f38be63fbd4a499413141a997eb381e	-	0x524c9e20
[196]	call	0x54b53503c0e2173df29f8da735fbd45ee8aba30d	0x679b362b9f38be63fbd4a499413141a997eb381e	-	0x524c9e20
[197]	call	0x54b53503c0e2173df29f8da735fbd45ee8aba30d	0x679b362b9f38be63fbd4a499413141a997eb381e	-	0x524c9e20
[198]	call	0x54b53503c0e2173df29f8da735fbd45ee8aba30d	0x679b362b9f38be63fbd4a499413141a997eb381e	-	0x524c9e20
[199]	call	0x54b53503c0e2173df29f8da735fbd45ee8aba30d	0x679b362b9f38be63fbd4a499413141a997eb381e	-	0x524c9e20
[200]	call	0x54b53503c0e2173df29f8da735fbd45ee8aba30d	0x679b362b9f38be63fbd4a499413141a997eb381e	-	0x524c9e20
[201]	call	0x54b53503c0e2173df29f8da735fbd45ee8aba30d	0x679b362b9f38be63fbd4a499413141a997eb381e	-	0x524c9e20
[202]	call	0x54b53503c0e2173df29f8da735fbd45ee8aba30d	0x679b362b9f38be63fbd4a499413141a997eb381e	-	0x524c9e20
[203]	call	0x54b53503c0e2173df29f8da735fbd45ee8aba30d	0x679b362b9f38be63fbd4a499413141a997eb381e	-	0x524c9e20
[204]	call	0x54b53503c0e2173df29f8da735fbd45ee8aba30d	0x679b362b9f38be63fbd4a499413141a997eb381e	-	0x524c9e20
[205]	call	0x54b53503c0e2173df29f8da735fbd45ee8aba30d	0x679b362b9f38be63fbd4a499413141a997eb381e	-	0x524c9e20
[206]	call	0x54b53503c0e2173df29f8da735fbd45ee8aba30d	0x679b362b9f38be63fbd4a499413141a997eb381e	-	0x524c9e20
[207]	call	0x54b53503c0e2173df29f8da735fbd45ee8aba30d	0x679b362b9f38be63fbd4a499413141a997eb381e	-	0x524c9e20
[208]	call	0x54b53503c0e2173df29f8da735fbd45ee8aba30d	0x679b362b9f38be63fbd4a499413141a997eb381e	-	0x524c9e20
[209]	call	0x54b53503c0e2173df29f8da735fbd45ee8aba30d	0x679b362b9f38be63fbd4a499413141a997eb381e	-	0x524c9e20
[210]	call	0x54b53503c0e2173df29f8da735fbd45ee8aba30d	0x679b362b9f38be63fbd4a499413141a997eb381e	-	0x524c9e20
[211]	call	0x54b53503c0e2173df29f8da735fbd45ee8aba30d	0x679b362b9f38be63fbd4a499413141a997eb381e	-	0x524c9e20
[212]	call	0x54b53503c0e2173df29f8da735fbd45ee8aba30d	0x679b362b9f38be63fbd4a499413141a997eb381e	-	0x524c9e20
[213]	call	0x54b53503c0e2173df29f8da735fbd45ee8aba30d	0x679b362b9f38be63fbd4a499413141a997eb381e	-	0x524c9e20
[214]	call	0x54b53503c0e2173df29f8da735fbd45ee8aba30d	0x679b362b9f38be63fbd4a499413141a997eb381e	-	0x524c9e20
[215]	call	0x54b53503c0e2173df29f8da735fbd45ee8aba30d	0x679b362b9f38be63fbd4a499413141a997eb381e	-	0x524c9e20
[216]	call	0x54b53503c0e2173df29f8da735fbd45ee8aba30d	0x679b362b9f38be63fbd4a499413141a997eb381e	-	0x524c9e20
[217]	call	0x54b53503c0e2173df29f8da735fbd45ee8aba30d	0x679b362b9f38be63fbd4a499413141a997eb381e	-	0x524c9e20
[218]	call	0x54b53503c0e2173df29f8da735fbd45ee8aba30d	0x679b362b9f38be63fbd4a499413141a997eb381e	-	0x524c9e20
[219]	call	0x54b53503c0e2173df29f8da735fbd45ee8aba30d	0x679b362b9f38be63fbd4a499413141a997eb381e	-	0x524c9e20
[220]	call	0x54b53503c0e2173df29f8da735fbd45ee8aba30d	0x679b362b9f38be63fbd4a499413141a997eb381e	-	0x524c9e20
[221]	call	0x54b53503c0e2173df29f8da735fbd45ee8aba30d	0x679b362b9f38be63fbd4a499413141a997eb381e	-	0x524c9e20
[222]	call	0x54b53503c0e2173df29f8da735fbd45ee8aba30d	0x679b362b9f38be63fbd4a499413141a997eb381e	-	0x524c9e20
[223]	call	0x54b53503c0e2173df29f8da735fbd45ee8aba30d	0x679b362b9f38be63fbd4a499413141a997eb381e	-	0x524c9e20
[224]	call	0x54b53503c0e2173df29f8da735fbd45ee8aba30d	0x679b362b9f38be63fbd4a499413141a997eb381e	-	0x524c9e20
[225]	call	0x54b53503c0e2173df29f8da735fbd45ee8aba30d	0x679b362b9f38be63fbd4a499413141a997eb381e	-	0x524c9e20
[226]	call	0x54b53503c0e2173df29f8da735fbd45ee8aba30d	0x679b362b9f38be63fbd4a499413141a997eb381e	-	0x524c9e20
[227]	call	0x54b53503c0e2173df29f8da735fbd45ee8aba30d	0x679b362b9f38be63fbd4a499413141a997eb381e	-	0x524c9e20
[228]	call	0x54b53503c0e2173df29f8da735fbd45ee8aba30d	0x679b362b9f38be63fbd4a499413141a997eb381e	-	0x524c9e20
[229]	call	0x54b53503c0e2173df29f8da735fbd45ee8aba30d	0x679b362b9f38be63fbd4a499413141a997eb381e	-	0x524c9e20
[230]	call	0x54b53503c0e2173df29f8da735fbd45ee8aba30d	0x679b362b9f38be63fbd4a499413141a997eb381e	-	0x524c9e20
[231]	call	0x54b53503c0e2173df29f8da735fbd45ee8aba30d	0x679b362b9f38be63fbd4a499413141a997eb381e	-	0x524c9e20
[232]	call	0x54b53503c0e2173df29f8da735fbd45ee8aba30d	0x679b362b9f38be63fbd4a499413141a997eb381e	-	0x524c9e20
[233]	call	0x54b53503c0e2173df29f8da735fbd45ee8aba30d	0x679b362b9f38be63fbd4a499413141a997eb381e	-	0x524c9e20
[234]	call	0x54b53503c0e2173df29f8da735fbd45ee8aba30d	0x679b362b9f38be63fbd4a499413141a997eb381e	-	0x524c9e20
[235]	call	0x54b53503c0e2173df29f8da735fbd45ee8aba30d	0x679b362b9f38be63fbd4a499413141a997eb381e	-	0x524c9e20
[236]	call	0x54b53503c0e2173df29f8da735fbd45ee8aba30d	0x679b362b9f38be63fbd4a499413141a997eb381e	-	0x524c9e20
[237]	call	0x54b53503c0e2173df29f8da735fbd45ee8aba30d	0x679b362b9f38be63fbd4a499413141a997eb381e	-	0x524c9e20
[238]	call	0x54b53503c0e2173df29f8da735fbd45ee8aba30d	0x679b362b9f38be63fbd4a499413141a997eb381e	-	0x524c9e20
[239]	call	0x54b53503c0e2173df29f8da735fbd45ee8aba30d	0xba12222222228d8ba445958a75a0704d566bf2c8	-	0x945bcec9
[239,0]	call	0xba12222222228d8ba445958a75a0704d566bf2c8	0x93d199263632a4ef4bb438f1feb99e57b4b5f0bd	-	0x01ec954a
[239,1]	call	0xba12222222228d8ba445958a75a0704d566bf2c8	0x93d199263632a4ef4bb438f1feb99e57b4b5f0bd	-	0x01ec954a
[239,2]	call	0xba12222222228d8ba445958a75a0704d566bf2c8	0x93d199263632a4ef4bb438f1feb99e57b4b5f0bd	-	0x01ec954a
[239,3]	call	0xba12222222228d8ba445958a75a0704d566bf2c8	0x93d199263632a4ef4bb438f1feb99e57b4b5f0bd	-	0x01ec954a
[239,4]	call	0xba12222222228d8ba445958a75a0704d566bf2c8	0x93d199263632a4ef4bb438f1feb99e57b4b5f0bd	-	0x01ec954a
[239,5]	call	0xba12222222228d8ba445958a75a0704d566bf2c8	0x93d199263632a4ef4bb438f1feb99e57b4b5f0bd	-	0x01ec954a
[239,6]	call	0xba12222222228d8ba445958a75a0704d566bf2c8	0x93d199263632a4ef4bb438f1feb99e57b4b5f0bd	-	0x01ec954a
[239,7]	call	0xba12222222228d8ba445958a75a0704d566bf2c8	0x93d199263632a4ef4bb438f1feb99e57b4b5f0bd	-	0x01ec954a
[239,8]	call	0xba12222222228d8ba445958a75a0704d566bf2c8	0x93d199263632a4ef4bb438f1feb99e57b4b5f0bd	-	0x01ec954a
[239,9]	call	0xba12222222228d8ba445958a75a0704d566bf2c8	0x93d199263632a4ef4bb438f1feb99e57b4b5f0bd	-	0x01ec954a
[239,10]	call	0xba12222222228d8ba445958a75a0704d566bf2c8	0x93d199263632a4ef4bb438f1feb99e57b4b5f0bd	-	0x01ec954a
[239,11]	call	0xba12222222228d8ba445958a75a0704d566bf2c8	0x93d199263632a4ef4bb438f1feb99e57b4b5f0bd	-	0x01ec954a
[239,12]	call	0xba12222222228d8ba445958a75a0704d566bf2c8	0x93d199263632a4ef4bb438f1feb99e57b4b5f0bd	-	0x01ec954a
[239,13]	call	0xba12222222228d8ba445958a75a0704d566bf2c8	0x93d199263632a4ef4bb438f1feb99e57b4b5f0bd	-	0x01ec954a
[239,14]	call	0xba12222222228d8ba445958a75a0704d566bf2c8	0x93d199263632a4ef4bb438f1feb99e57b4b5f0bd	-	0x01ec954a
[239,15]	call	0xba12222222228d8ba445958a75a0704d566bf2c8	0x93d199263632a4ef4bb438f1feb99e57b4b5f0bd	-	0x01ec954a
[239,16]	call	0xba12222222228d8ba445958a75a0704d566bf2c8	0x93d199263632a4ef4bb438f1feb99e57b4b5f0bd	-	0x01ec954a
[239,17]	call	0xba12222222228d8ba445958a75a0704d566bf2c8	0x93d199263632a4ef4bb438f1feb99e57b4b5f0bd	-	0x01ec954a
[239,18]	call	0xba12222222228d8ba445958a75a0704d566bf2c8	0x93d199263632a4ef4bb438f1feb99e57b4b5f0bd	-	0x01ec954a
[239,19]	call	0xba12222222228d8ba445958a75a0704d566bf2c8	0x93d199263632a4ef4bb438f1feb99e57b4b5f0bd	-	0x01ec954a
[239,20]	call	0xba12222222228d8ba445958a75a0704d566bf2c8	0x93d199263632a4ef4bb438f1feb99e57b4b5f0bd	-	0x01ec954a
[239,21]	call	0xba12222222228d8ba445958a75a0704d566bf2c8	0x93d199263632a4ef4bb438f1feb99e57b4b5f0bd	-	0x01ec954a
[239,22]	call	0xba12222222228d8ba445958a75a0704d566bf2c8	0x93d199263632a4ef4bb438f1feb99e57b4b5f0bd	-	0x01ec954a
[239,23]	call	0xba12222222228d8ba445958a75a0704d566bf2c8	0x93d199263632a4ef4bb438f1feb99e57b4b5f0bd	-	0x01ec954a
[239,24]	call	0xba12222222228d8ba445958a75a0704d566bf2c8	0x93d199263632a4ef4bb438f1feb99e57b4b5f0bd	-	0x01ec954a
[239,25]	call	0xba12222222228d8ba445958a75a0704d566bf2c8	0x93d199263632a4ef4bb438f1feb99e57b4b5f0bd	-	0x01ec954a
[239,26]	call	0xba12222222228d8ba445958a75a0704d566bf2c8	0x93d199263632a4ef4bb438f1feb99e57b4b5f0bd	-	0x01ec954a
[239,27]	call	0xba12222222228d8ba445958a75a0704d566bf2c8	0x93d199263632a4ef4bb438f1feb99e57b4b5f0bd	-	0x01ec954a
[239,28]	call	0xba12222222228d8ba445958a75a0704d566bf2c8	0x93d199263632a4ef4bb438f1feb99e57b4b5f0bd	-	0x01ec954a
[239,29]	call	0xba12222222228d8ba445958a75a0704d566bf2c8	0x93d199263632a4ef4bb438f1feb99e57b4b5f0bd	-	0x01ec954a
[239,30]	call	0xba12222222228d8ba445958a75a0704d566bf2c8	0x93d199263632a4ef4bb438f1feb99e57b4b5f0bd	-	0x01ec954a
[239,31]	call	0xba12222222228d8ba445958a75a0704d566bf2c8	0x93d199263632a4ef4bb438f1feb99e57b4b5f0bd	-	0x01ec954a
[239,32]	call	0xba12222222228d8ba445958a75a0704d566bf2c8	0x93d199263632a4ef4bb438f1feb99e57b4b5f0bd	-	0x01ec954a
[239,33]	call	0xba12222222228d8ba445958a75a0704d566bf2c8	0x93d199263632a4ef4bb438f1feb99e57b4b5f0bd	-	0x01ec954a
[239,34]	call	0xba12222222228d8ba445958a75a0704d566bf2c8	0x93d199263632a4ef4bb438f1feb99e57b4b5f0bd	-	0x01ec954a
[239,35]	call	0xba12222222228d8ba445958a75a0704d566bf2c8	0x93d199263632a4ef4bb438f1feb99e57b4b5f0bd	-	0x01ec954a
[239,36]	call	0xba12222222228d8ba445958a75a0704d566bf2c8	0x93d199263632a4ef4bb438f1feb99e57b4b5f0bd	-	0x01ec954a
[239,37]	call	0xba12222222228d8ba445958a75a0704d566bf2c8	0x93d199263632a4ef4bb438f1feb99e57b4b5f0bd	-	0x01ec954a
[239,38]	call	0xba12222222228d8ba445958a75a0704d566bf2c8	0x93d199263632a4ef4bb438f1feb99e57b4b5f0bd	-	0x01ec954a
[239,39]	call	0xba12222222228d8ba445958a75a0704d566bf2c8	0x93d199263632a4ef4bb438f1feb99e57b4b5f0bd	-	0x01ec954a
[239,40]	call	0xba12222222228d8ba445958a75a0704d566bf2c8	0x93d199263632a4ef4bb438f1feb99e57b4b5f0bd	-	0x01ec954a
[239,41]	call	0xba12222222228d8ba445958a75a0704d566bf2c8	0x93d199263632a4ef4bb438f1feb99e57b4b5f0bd	-	0x01ec954a
[239,42]	call	0xba12222222228d8ba445958a75a0704d566bf2c8	0x93d199263632a4ef4bb438f1feb99e57b4b5f0bd	-	0x01ec954a
[239,43]	call	0xba12222222228d8ba445958a75a0704d566bf2c8	0x93d199263632a4ef4bb438f1feb99e57b4b5f0bd	-	0x01ec954a
[239,44]	call	0xba12222222228d8ba445958a75a0704d566bf2c8	0x93d199263632a4ef4bb438f1feb99e57b4b5f0bd	-	0x01ec954a
[239,45]	call	0xba12222222228d8ba445958a75a0704d566bf2c8	0x93d199263632a4ef4bb438f1feb99e57b4b5f0bd	-	0x01ec954a
[239,46]	call	0xba12222222228d8ba445958a75a0704d566bf2c8	0x93d199263632a4ef4bb438f1feb99e57b4b5f0bd	-	0x01ec954a
[239,47]	call	0xba12222222228d8ba445958a75a0704d566bf2c8	0x93d199263632a4ef4bb438f1feb99e57b4b5f0bd	-	0x01ec954a
[239,48]	call	0xba12222222228d8ba445958a75a0704d566bf2c8	0x93d199263632a4ef4bb438f1feb99e57b4b5f0bd	-	0x01ec954a
[239,49]	call	0xba12222222228d8ba445958a75a0704d566bf2c8	0x93d199263632a4ef4bb438f1feb99e57b4b5f0bd	-	0x01ec954a
[239,50]	call	0xba12222222228d8ba445958a75a0704d566bf2c8	0x93d199263632a4ef4bb438f1feb99e57b4b5f0bd	-	0x01ec954a
[239,51]	call	0xba12222222228d8ba445958a75a0704d566bf2c8	0x93d199263632a4ef4bb438f1feb99e57b4b5f0bd	-	0x01ec954a
[239,52]	call	0xba12222222228d8ba445958a75a0704d566bf2c8	0x93d199263632a4ef4bb438f1feb99e57b4b5f0bd	-	0x01ec954a
[239,53]	call	0xba12222222228d8ba445958a75a0704d566bf2c8	0x93d199263632a4ef4bb438f1feb99e57b4b5f0bd	-	0x01ec954a
[239,54]	call	0xba12222222228d8ba445958a75a0704d566bf2c8	0x93d199263632a4ef4bb438f1feb99e57b4b5f0bd	-	0x01ec954a
[239,55]	call	0xba12222222228d8ba445958a75a0704d566bf2c8	0x93d199263632a4ef4bb438f1feb99e57b4b5f0bd	-	0x01ec954a
[239,56]	call	0xba12222222228d8ba445958a75a0704d566bf2c8	0x93d199263632a4ef4bb438f1feb99e57b4b5f0bd	-	0x01ec954a
[239,57]	call	0xba12222222228d8ba445958a75a0704d566bf2c8	0x93d199263632a4ef4bb438f1feb99e57b4b5f0bd	-	0x01ec954a
[239,58]	call	0xba12222222228d8ba445958a75a0704d566bf2c8	0x93d199263632a4ef4bb438f1feb99e57b4b5f0bd	-	0x01ec954a
[239,59]	call	0xba12222222228d8ba445958a75a0704d566bf2c8	0x93d199263632a4ef4bb438f1feb99e57b4b5f0bd	-	0x01ec954a
[239,60]	call	0xba12222222228d8ba445958a75a0704d566bf2c8	0x93d199263632a4ef4bb438f1feb99e57b4b5f0bd	-	0x01ec954a
[239,61]	call	0xba12222222228d8ba445958a75a0704d566bf2c8	0x93d199263632a4ef4bb438f1feb99e57b4b5f0bd	-	0x01ec954a
[239,62]	call	0xba12222222228d8ba445958a75a0704d566bf2c8	0x93d199263632a4ef4bb438f1feb99e57b4b5f0bd	-	0x01ec954a
[239,63]	call	0xba12222222228d8ba445958a75a0704d566bf2c8	0x93d199263632a4ef4bb438f1feb99e57b4b5f0bd	-	0x01ec954a
[239,64]	call	0xba12222222228d8ba445958a75a0704d566bf2c8	0x93d199263632a4ef4bb438f1feb99e57b4b5f0bd	-	0x01ec954a
[239,65]	call	0xba12222222228d8ba445958a75a0704d566bf2c8	0x93d199263632a4ef4bb438f1feb99e57b4b5f0bd	-	0x01ec954a
[239,66]	call	0xba12222222228d8ba445958a75a0704d566bf2c8	0x93d199263632a4ef4bb438f1feb99e57b4b5f0bd	-	0x01ec954a
[239,67]	call	0xba12222222228d8ba445958a75a0704d566bf2c8	0x93d199263632a4ef4bb438f1feb99e57b4b5f0bd	-	0x01ec954a
[239,68]	call	0xba12222222228d8ba445958a75a0704d566bf2c8	0x93d199263632a4ef4bb438f1feb99e57b4b5f0bd	-	0x01ec954a
[239,69]	call	0xba12222222228d8ba445958a75a0704d566bf2c8	0x93d199263632a4ef4bb438f1feb99e57b4b5f0bd	-	0x01ec954a
[239,70]	call	0xba12222222228d8ba445958a75a0704d566bf2c8	0x93d199263632a4ef4bb438f1feb99e57b4b5f0bd	-	0x01ec954a
[239,71]	call	0xba12222222228d8ba445958a75a0704d566bf2c8	0x93d199263632a4ef4bb438f1feb99e57b4b5f0bd	-	0x01ec954a
[239,72]	call	0xba12222222228d8ba445958a75a0704d566bf2c8	0x93d199263632a4ef4bb438f1feb99e57b4b5f0bd	-	0x01ec954a
[239,73]	call	0xba12222222228d8ba445958a75a0704d566bf2c8	0x93d199263632a4ef4bb438f1feb99e57b4b5f0bd	-	0x01ec954a
[239,74]	call	0xba12222222228d8ba445958a75a0704d566bf2c8	0x93d199263632a4ef4bb438f1feb99e57b4b5f0bd	-	0x01ec954a
[239,75]	call	0xba12222222228d8ba445958a75a0704d566bf2c8	0x93d199263632a4ef4bb438f1feb99e57b4b5f0bd	-	0x01ec954a
[239,76]	call	0xba12222222228d8ba445958a75a0704d566bf2c8	0x93d199263632a4ef4bb438f1feb99e57b4b5f0bd	-	0x01ec954a
[239,77]	call	0xba12222222228d8ba445958a75a0704d566bf2c8	0x93d199263632a4ef4bb438f1feb99e57b4b5f0bd	-	0x01ec954a
[239,78]	call	0xba12222222228d8ba445958a75a0704d566bf2c8	0x93d199263632a4ef4bb438f1feb99e57b4b5f0bd	-	0x01ec954a
[239,79]	call	0xba12222222228d8ba445958a75a0704d566bf2c8	0x93d199263632a4ef4bb438f1feb99e57b4b5f0bd	-	0x01ec954a
[239,80]	call	0xba12222222228d8ba445958a75a0704d566bf2c8	0x93d199263632a4ef4bb438f1feb99e57b4b5f0bd	-	0x01ec954a
[239,81]	call	0xba12222222228d8ba445958a75a0704d566bf2c8	0x93d199263632a4ef4bb438f1feb99e57b4b5f0bd	-	0x01ec954a
[239,82]	call	0xba12222222228d8ba445958a75a0704d566bf2c8	0x93d199263632a4ef4bb438f1feb99e57b4b5f0bd	-	0x01ec954a
[239,83]	call	0xba12222222228d8ba445958a75a0704d566bf2c8	0x93d199263632a4ef4bb438f1feb99e57b4b5f0bd	-	0x01ec954a
[239,84]	call	0xba12222222228d8ba445958a75a0704d566bf2c8	0x93d199263632a4ef4bb438f1feb99e57b4b5f0bd	-	0x01ec954a
[239,85]	call	0xba12222222228d8ba445958a75a0704d566bf2c8	0x93d199263632a4ef4bb438f1feb99e57b4b5f0bd	-	0x01ec954a
[239,86]	call	0xba12222222228d8ba445958a75a0704d566bf2c8	0x93d199263632a4ef4bb438f1feb99e57b4b5f0bd	-	0x01ec954a
[239,87]	call	0xba12222222228d8ba445958a75a0704d566bf2c8	0x93d199263632a4ef4bb438f1feb99e57b4b5f0bd	-	0x01ec954a
[239,88]	call	0xba12222222228d8ba445958a75a0704d566bf2c8	0x93d199263632a4ef4bb438f1feb99e57b4b5f0bd	-	0x01ec954a
[239,89]	call	0xba12222222228d8ba445958a75a0704d566bf2c8	0x93d199263632a4ef4bb438f1feb99e57b4b5f0bd	-	0x01ec954a
[239,90]	call	0xba12222222228d8ba445958a75a0704d566bf2c8	0x93d199263632a4ef4bb438f1feb99e57b4b5f0bd	-	0x01ec954a
[239,91]	call	0xba12222222228d8ba445958a75a0704d566bf2c8	0x93d199263632a4ef4bb438f1feb99e57b4b5f0bd	-	0x01ec954a
[239,92]	call	0xba12222222228d8ba445958a75a0704d566bf2c8	0x93d199263632a4ef4bb438f1feb99e57b4b5f0bd	-	0x01ec954a
[239,93]	call	0xba12222222228d8ba445958a75a0704d566bf2c8	0x93d199263632a4ef4bb438f1feb99e57b4b5f0bd	-	0x01ec954a
[239,94]	call	0xba12222222228d8ba445958a75a0704d566bf2c8	0x93d199263632a4ef4bb438f1feb99e57b4b5f0bd	-	0x01ec954a
[239,95]	call	0xba12222222228d8ba445958a75a0704d566bf2c8	0x93d199263632a4ef4bb438f1feb99e57b4b5f0bd	-	0x01ec954a
[239,96]	call	0xba12222222228d8ba445958a75a0704d566bf2c8	0x93d199263632a4ef4bb438f1feb99e57b4b5f0bd	-	0x01ec954a
[239,97]	call	0xba12222222228d8ba445958a75a0704d566bf2c8	0x93d199263632a4ef4bb438f1feb99e57b4b5f0bd	-	0x01ec954a
[239,98]	call	0xba12222222228d8ba445958a75a0704d566bf2c8	0x93d199263632a4ef4bb438f1feb99e57b4b5f0bd	-	0x01ec954a
[239,99]	call	0xba12222222228d8ba445958a75a0704d566bf2c8	0x93d199263632a4ef4bb438f1feb99e57b4b5f0bd	-	0x01ec954a
[239,100]	call	0xba12222222228d8ba445958a75a0704d566bf2c8	0x93d199263632a4ef4bb438f1feb99e57b4b5f0bd	-	0x01ec954a
[239,101]	call	0xba12222222228d8ba445958a75a0704d566bf2c8	0x93d199263632a4ef4bb438f1feb99e57b4b5f0bd	-	0x01ec954a
[239,102]	call	0xba12222222228d8ba445958a75a0704d566bf2c8	0x93d199263632a4ef4bb438f1feb99e57b4b5f0bd	-	0x01ec954a
[239,103]	call	0xba12222222228d8ba445958a75a0704d566bf2c8	0x93d199263632a4ef4bb438f1feb99e57b4b5f0bd	-	0x01ec954a
[239,104]	call	0xba12222222228d8ba445958a75a0704d566bf2c8	0x93d199263632a4ef4bb438f1feb99e57b4b5f0bd	-	0x01ec954a
[240]	call	0x54b53503c0e2173df29f8da735fbd45ee8aba30d	0xba12222222228d8ba445958a75a0704d566bf2c8	-	0xf94d4668
[241]	call	0x54b53503c0e2173df29f8da735fbd45ee8aba30d	0x93d199263632a4ef4bb438f1feb99e57b4b5f0bd	-	0x679aefce
[241,0]	call	0x93d199263632a4ef4bb438f1feb99e57b4b5f0bd	0xba12222222228d8ba445958a75a0704d566bf2c8	-	0xf94d4668
