account,shortfall,gross,calls,gas,net,repay_usd,debt_mkt,coll_mkt
0xf89eb7b7bf79738397ca2f2ab3de37aec1be562e,3.2776190110039827,1.8165758239261192,2,0.12,1.696575823926119,0.7118522829599999,cUSDT,cNEAR
0xb3b54fa012cf1d18e8a18acfacf5fcced7680d49,0.783233990551942,1.5984083292179871,2,0.12,1.478408329217987,0.62636010194,cUSDT,cNEAR
0xba10c358599fa3dcdf73f454cc1c29400c37aab3,0.3542176507681051,1.4443565074652014,2,0.12,1.3243565074652013,0.5660119284931022,cUSDC,cNEAR
0x0dd70ce6fb66d7158cb394caa70cb8c6340b1fd3,0.6760490100848049,1.2596847626012444,2,0.12,1.1396847626012443,0.493643084715,cUSDC,cNEAR
0xa22dec4522ff13dbdfe040f2c332ccce672cbd18,0.1586483811909086,1.1907087540486103,2,0.12,1.0707087540486104,0.46661288585561356,cUSDC,cNEAR
0xfca5e25ecd5bbe57d1950b153d878f63ad982293,0.4042028615039482,1.1162655690587133,2,0.12,0.9962655690587133,0.4374402193556737,cUSDC,cNEAR
0xfd72ab7cd4f429bc601f7ec7cfc2849a0e893daf,0.1884128299153999,1.0670594380738783,2,0.12,0.9470594380738783,0.41814312787958685,cUSDT,cNEAR
0x2bf36a08bac0f22f8b814195a67b83062dd85f65,0.127773037219703,0.9590117959906912,2,0.12,0.8390117959906912,0.37580305064618535,cUSDT,cNEAR
0x15c4b3929326dbb2787ebd0f5338e549ed79e708,2.333531651799006,0.9334939292692015,1,0.06,0.8734939292692014,0.36581598546575883,cUSDC,cNEAR
0x2a0d05af1e77058d60357f199db42c85a1fe82b4,0.2604465028360894,0.9269795540440589,2,0.12,0.8069795540440589,0.36326314337652854,cUSDC,cNEAR
0xb2d46872391fd3057af3bd17970e2e0bd3c8a873,0.46504718561636005,0.8792815945823684,2,0.12,0.7592815945823684,0.34455958414958215,cUSDT,cNEAR
0xf9279344417ed0302d6ae8417443fb3ee51bb932,0.374732413026058,0.8054823804712883,1,0.06,0.7454823804712882,0.31564026332977424,cUSDT,cNEAR
0xb89baa103616aedb9fb6f656c0227ab6fc5b9263,0.8479086784149114,0.7250114583196922,1,0.06,0.6650114583196922,0.2841065343815904,cUSDT,cNEAR
0x5510e0a55d1406c6dd8334c66bacef252fdf6a44,0.429167697517736,0.7090795248361048,1,0.06,0.6490795248361048,0.27786336904112735,cUSDT,cNEAR
0x7ab2481838b4057e96652c97e36c1d3ee207b587,1.7633205437000075,0.6832647901234743,1,0.06,0.6232647901234742,0.26775662347236656,cUSDC,cNEAR
0x0a472767d714cf5893ff5f65c4b16fe4f0610939,1.6767476168908038,0.6779433939302909,1,0.06,0.617943393930291,0.26567128394157064,cUSDC,cNEAR
0x86951b2e7cab5c9cae52de4329c179432264a159,0.32324966780776565,0.6536600727701338,2,0.12,0.5336600727701338,0.25615517807086746,cUSDC,cNEAR
0xacfe4511ce883c14c4ea40563f176c3c09b4c47c,2.420560163099375,0.6446745720859205,1,0.06,0.5846745720859206,0.25262532940341925,cUSDT,cNEAR
0x53adc2c7e50d3bfce5c76559e5aecc2b7aa3cdca,0.08458286829123146,0.6249310982748668,2,0.12,0.5049310982748668,0.24489691726499999,cUSDC,cNEAR
0x80331eef842d5fec20c1228a6401bfdef9d4a006,0.08463143772594917,0.6249310982748668,2,0.12,0.5049310982748668,0.24489691726499999,cUSDC,cNEAR
0x88fa39ead8a93ddcea922f0c56a3e41f0998146c,0.08463734554334189,0.6249310982748668,2,0.12,0.5049310982748668,0.24489691726499999,cUSDC,cNEAR
0x428e52d6797726e0e8ffe24f991cb1527d53add2,0.08799984006665146,0.6240591977992549,2,0.12,0.5040591977992549,0.24455523841555768,cUSDC,cNEAR
0x2656e86725c592b82ea02e2c6a82f830467c62e0,0.0922937793892825,0.6069590459772448,2,0.12,0.4869590459772448,0.23785406051365113,cUSDC,cNEAR
0x60537eefa821bf7f8ffdfc952cd0533820367e6a,0.09233295054016225,0.6068032325250939,2,0.12,0.48680323252509394,0.23779300060767825,cUSDC,cNEAR
0x6762cfdc2c79dc59c54e251cb42b9b81ecba1252,0.09234549514310231,0.6067732231951807,2,0.12,0.4867732231951807,0.23778124060340705,cUSDC,cNEAR
0xce998166488b29ca735669520ee9b86306cc4875,0.09235283648694674,0.6067440210884736,2,0.12,0.4867440210884736,0.23776979693236883,cUSDC,cNEAR
0x5066562502b86e622331780c0e603e6de1cf1b4b,0.09235552982826427,0.6067333076220813,2,0.12,0.48673330762208133,0.23776559855770008,cUSDC,cNEAR
0xc5981efb5e9bbc502f7302f979bdc64e87aa9362,0.09236945272492236,0.606673947656391,2,0.12,0.48667394765639105,0.23774233667707578,cUSDC,cNEAR
0xcc97062e695dffaa4e4bb042547e97d1c72c0ec3,0.09237205515754167,0.6066675738219551,2,0.12,0.48666757382195514,0.23773983890986775,cUSDC,cNEAR
0x048f066bc407d62a098a4a57bffaa9d2c0ffe698,0.09237771460670773,0.606660973965021,2,0.12,0.48666097396502106,0.2377372525693544,cUSDC,cNEAR
0x11c6843e31e6d4fc29588b4eba01e22db592187c,0.09238421174471423,0.606635129906852,2,0.12,0.486635129906852,0.23772712484456568,cUSDC,cNEAR
0x7f1cc15c8a68c129ff168a798e123658ace03221,0.0923728489548513,0.6066087240213311,2,0.12,0.48660872402133115,0.23771677695184668,cUSDC,cNEAR
0xceea0f9b5eac5a1a86ac02155cd5ddd1e8e6538c,0.09235745345863951,0.6065983592753637,2,0.12,0.48659835927536366,0.23771271523313456,cUSDC,cNEAR
0x3d738f791d3ca4fb351824fa8669a26c6e588ae7,0.0924084307114261,0.6065387926605327,2,0.12,0.4865387926605327,0.23768937237120258,cUSDC,cNEAR
0x1779a9dd6770113eafd6bea2c5f49b2846e39d40,0.0924086726088681,0.6065378304504708,2,0.12,0.48653783045047083,0.23768899530198884,cUSDC,cNEAR
0xebe37334f96174f07158b7522a9cb13a03447fd4,0.0924052097183534,0.6065356929234209,2,0.12,0.4865356929234209,0.23768815765158774,cUSDC,cNEAR
0x9b4acd097dfea1d01cceef1817406a882de20df0,0.09240805241916535,0.6065243853407487,2,0.12,0.4865243853407487,0.23768372645565947,cUSDC,cNEAR
0x0684536bb5602cb40cbb2910384e4329496692a3,0.09241132696373285,0.6065113599870936,2,0.12,0.4865113599870936,0.23767862210261123,cUSDC,cNEAR
0x1437f557a85c09a2e86dba75f180fb120a7450c2,0.09241683867687728,0.606505347788654,2,0.12,0.48650534778865395,0.2376762660526916,cUSDC,cNEAR
0x179922dbe59eb952a7b43a8dec95aa01756a0179,0.09242837829818618,0.606443533864417,2,0.12,0.48644353386441697,0.23765204251903888,cUSDC,cNEAR
0xdd474866ec6444202fb3e7621dad1f01e42e8e84,0.09243767917365824,0.606406537210431,2,0.12,0.48640653721043103,0.23763754433430254,cUSDC,cNEAR
0x114e67715a2cde49e3a3e4807ad890609eb9c157,0.09249862598784461,0.6061800174632037,2,0.12,0.4861800174632037,0.2375487761677818,cUSDC,cNEAR
0x231fe88588f78e3c1d4dcd0c0031d3e90a3f7bc7,0.09253718985593114,0.6059550152956039,2,0.12,0.4859550152956039,0.23746060270773922,cUSDC,cNEAR
0x17579bc9a390297a4640de213c4df69a456d272d,0.09255707090341427,0.6058759332525401,2,0.12,0.4858759332525401,0.23742961217356545,cUSDC,cNEAR
0x7fbeeda92c6a13769f32899d353e3016b4308022,0.09259476483271632,0.6058214682883722,2,0.12,0.48582146828837225,0.23740826853766628,cUSDC,cNEAR
0x52ae7f29a90f7f4782891fa3ea8d5cdca9aa3bcc,0.09262577627083927,0.6056026397638534,2,0.12,0.4856026397638534,0.2373225143941899,cUSDC,cNEAR
0x8e292970079be7c358549c71ae0bfb7b897b1c7f,0.09264135357289434,0.6055963692539876,2,0.12,0.48559636925398764,0.23732005711763568,cUSDC,cNEAR
0xa4c54fb6ec10f3dde08cd861adb438e1e5104522,0.09265582848495228,0.6055586816169375,2,0.12,0.4855586816169375,0.2373052881516519,cUSDC,cNEAR
0xc19c0cd96bc31eb69e22f235f7995df753af5afe,0.09266087750835862,0.6055545098874078,2,0.12,0.4855545098874078,0.23730365334150358,cUSDC,cNEAR
0x691cee58a54b9d976eaed81cb32018f14e26b795,0.0926616583987587,0.6055514036925104,2,0.12,0.4855514036925104,0.23730243609122287,cUSDC,cNEAR
0x0e8e460f20094f04c7756c56a1035d93635b0c9b,0.09266221687338995,0.6055491822142469,2,0.12,0.4855491822142469,0.23730156554216553,cUSDC,cNEAR
0xf752ad638a6455dd7f3e87720a21b55aa6e67d47,0.09266642654404683,0.6055364151720178,2,0.12,0.48553641517201784,0.23729656241575187,cUSDC,cNEAR
0xc9209d8e4db183083115006cde7c6dda59d00ba3,0.09267443174383697,0.6054051219319779,2,0.12,0.48540512193197793,0.23724511144806557,cUSDC,cNEAR
0xca38331b5b4366a1f2d3e18604cdfad9e147bab8,0.0927830470520055,0.6050486586219114,2,0.12,0.4850486586219114,0.23710542122302422,cUSDC,cNEAR
0x2ae24c99a57a6994d4ec9d908d71bc57d6f55ffe,0.09286132926216623,0.604721358671838,2,0.12,0.48472135867183797,0.23697715948502582,cUSDC,cNEAR
0x3dc0a0ccfe744e1b4c04cbc37ea171bdc3ff5f9c,0.0928704077449759,0.6047011587183263,2,0.12,0.4847011587183263,0.23696924356220242,cUSDC,cNEAR
0x10586d953f361b40c444c13f2f8dabc3b05b252b,0.09285415667284022,0.604690219229436,2,0.12,0.484690219229436,0.23696495661422834,cUSDC,cNEAR
0x91a310215470f9c01a91f4b8de0e85bbe846a29b,0.09288602065945277,0.6046231422098948,2,0.12,0.4846231422098948,0.23693867058789628,cUSDC,cNEAR
0x0621c0b3a0e800dcda514cc9c716ec70df2a96fa,0.09289075797608819,0.6046202103752101,2,0.12,0.4846202103752101,0.23693752166559393,cUSDC,cNEAR
0x0ed1bc834acbdbce3b6039671716a3779b517f33,0.09290029912552952,0.6045822579689479,2,0.12,0.48458225796894794,0.2369226489423097,cUSDC,cNEAR
0x723d370e285454e22b7e9319776d5bc6e7685572,0.09289648394142475,0.6045815217813837,2,0.12,0.4845815217813837,0.23692236044640108,cUSDC,cNEAR
0x32be2d6d97c1722165fc335cb58c64b9e5a70363,0.09290117904776828,0.6045787578491258,2,0.12,0.48457875784912585,0.23692127732141122,cUSDC,cNEAR
0x0690bdab27fbf6497fa9a9a80628504ebd7ccc4f,0.0928894542234787,0.6045537920498049,2,0.12,0.48455379204980487,0.23691149376717993,cUSDC,cNEAR
0xd6abd18482d35cd4595d487416c22aa060d40aa0,0.09291358237969471,0.6045294203667636,2,0.12,0.4845294203667636,0.23690194303420822,cUSDC,cNEAR
0xa6d44d2010d3234c979487b45acaac9f4615550c,0.09291959247587164,0.6045055136442892,2,0.12,0.4845055136442892,0.23689257450917872,cUSDC,cNEAR
0x40b59da01951a2ef3a1fca41d8246319b6dac383,0.09292574709000773,0.6045009221586924,2,0.12,0.48450092215869245,0.23689077520574925,cUSDC,cNEAR
0x38115f40de84f82ed1dd95ee41d708d76506f6e9,0.09292606529066971,0.6044996564327053,2,0.12,0.4844996564327053,0.2368902791952399,cUSDC,cNEAR
0x8beb14bf30955802e28654db9d4d488b1329c29c,0.0929241430700326,0.6044874124711137,2,0.12,0.4844874124711137,0.23688548105276122,cUSDC,cNEAR
0x84f3ae6877f6e4fb97e77c75a5eb2ee1502331e2,0.09290702831616243,0.604483886520149,2,0.12,0.48448388652014895,0.23688409930919932,cUSDC,cNEAR
0x2663d23f07af5f368fb2a053624dfbd04756591e,0.0929365934595628,0.6044219757291275,2,0.12,0.4844219757291275,0.2368598378155587,cUSDC,cNEAR
0xfcbaf64657cc8cd410f3e277aeaf99edcedba583,0.09294759900454481,0.6043941103840498,2,0.12,0.4843941103840498,0.23684891799235436,cUSDC,cNEAR
0x2d747aeef3c7f0e99f6b864137f72faf7bad225e,0.0929519109482093,0.6043769585053647,2,0.12,0.48437695850536466,0.23684219654381888,cUSDC,cNEAR
0xe109fee29bc90365822f15112cbbe33603339abe,0.09295314316403812,0.6043720570460567,2,0.12,0.4843720570460567,0.23684027576842792,cUSDC,cNEAR
0x3aec0c85a8f081a24310de8524a6db5b7ec6bc1c,0.09295348734026435,0.6043706879954991,2,0.12,0.4843706879954991,0.2368397392672647,cUSDC,cNEAR
0x630a4922f7a770c5fa3de938e3cc89293a383788,0.09295441109626777,0.6043670135154644,2,0.12,0.4843670135154644,0.2368382993183879,cUSDC,cNEAR
0x7ab54e8aa6b4b7705bc80637e5a19c39961aa081,0.09295519848055891,0.6043638814894245,2,0.12,0.48436388148942455,0.23683707194544373,cUSDC,cNEAR
0x40b54dcdf611002972c0fcf3119fd39b76d2765a,0.09296898177011241,0.6043130328852204,2,0.12,0.48431303288522043,0.23681714548242858,cUSDC,cNEAR
0x80b8ee4a3078527e0fd18b31d11f1d413471d41b,0.09296952725696155,0.604310863069242,2,0.12,0.484310863069242,0.23681629517869812,cUSDC,cNEAR
0x47bd7bde1bfb8931071109e52901a742e182474b,0.09296969446887976,0.6043062199213602,2,0.12,0.48430621992136025,0.2368144756299418,cUSDC,cNEAR
0x79f5c2e7a1140135f405e33817b95311107176f4,0.09297403401158125,0.604288958260319,2,0.12,0.48428895826031904,0.2368077111600866,cUSDC,cNEAR
0x6a540c8b197baff88fe90ef6c7cef5c5622a7ad5,0.09297024804998626,0.6042881058326132,2,0.12,0.48428810583261317,0.2368073771121925,cUSDC,cNEAR
0x37b17ef1f0454cdbe4cd9c150b61be540569583a,0.09301597480699848,0.60412212782585,2,0.12,0.48412212782584996,0.23674233393814925,cUSDC,cNEAR
0xa7082f400f5411159938305769dff6dadd972bd7,0.09340370394287936,0.6025838122484978,2,0.12,0.4825838122484978,0.23613950149195762,cUSDC,cNEAR
0xf0d74bc0b52cd1ea008f4f1491226f63dc16ce3a,0.09356914877655649,0.6019058222487284,2,0.12,0.48190582224872835,0.23587381194420046,cUSDC,cNEAR
0x672a45359d79658d0140b615b054e755a765ef0a,0.09491392973613177,0.5965725178988076,2,0.12,0.4765725178988076,0.23378380586555092,cUSDC,cNEAR
0x1ce0a4e7156a5f14bb0ec50bcc8b69a789043d84,0.09494532120552047,0.596447650155489,2,0.12,0.47644765015548896,0.23373487291039954,cUSDC,cNEAR
0xc4417ee91ec12a94cf8cbe5e8f19e7db84b8df4c,1.7533237517401328,0.5859622668182944,2,0.12,0.46596226681829445,2.30775199413,cUSDC,cWBTC
0x33f59571fea280d50a5b6cfe31aa58d3df68554b,0.10078023312768956,0.5731144500823708,2,0.12,0.45311445008237083,0.22459109884697345,cUSDC,cNEAR
0x6487dd02cc69915e0deafbb0844285173cbc4c31,0.7224097736502344,0.48836421468880253,1,0.06,0.42836421468880254,2.1247346283830426,cNEAR,cNEAR
0xc3faf7a8e6f3704767feadbcd55bff8678e96cbd,0.12343881522597387,0.4829840398623412,2,0.12,0.3629840398623412,0.18927094967269317,cUSDC,cNEAR
0x0cee7c17a76a52d9145005624c1d272c817335fb,0.29294291921086724,0.46321293506878064,1,0.06,0.40321293506878064,0.2066573049092889,cETH,cNEAR
0xcf5fafe700fce74cdbb336e07689758969d07dee,0.43211343380039074,0.46119819626648456,1,0.06,0.40119819626648456,0.18073355098766877,cUSDC,cNEAR
0xeb26bffea1e152731e25ed5c9f07bbb19335a9c0,0.601289569232456,0.456504937805545,2,0.12,0.336504937805545,6.60002697387,cUSDC,cUSDC
0xf4e19ff7b0948571739a2c1d2dbe4e193426ddc1,0.257164177464671,0.4484601811717648,2,0.12,0.3284601811717648,1.1181051194116132,cUSDT,cETH
0x45be5642e9c511a05e0b3a6560f8dc710aafdaa7,1.4873161172083842,0.42857300923730435,2,0.12,0.30857300923730435,6.196194579704029,cUSDC,cUSDC
0x2892ffdccd3e1d34569cecca1527e909e8af843c,0.053727717844974814,0.4032443539154832,2,0.12,0.2832443539154832,0.15802269954404358,cUSDC,cNEAR
0x130344ad01c05190b916956953ecaa1254e4124c,2.1067664036718097,0.39511478480679685,2,0.12,0.27511478480679685,5.712464469794009,cUSDC,cUSDC
0x079de2682237a226812e1bb2e2b4fa03118b48fe,0.14569749392785586,0.3945517560411317,2,0.12,0.2745517560411317,0.15461625933274742,cUSDC,cNEAR
0x0703c4a13b0cdeca13694f9562186b2fa538dfb4,0.1457077802801795,0.39453072949105694,2,0.12,0.27453072949105695,0.15460801948469338,cUSDC,cNEAR
0x71bfe8dbeeac55769cc83bacb0b01b2b3d3af4df,0.1707177385081174,0.39445780171771716,2,0.12,0.27445780171771716,0.15457944067508828,cUSDC,cNEAR
0xc346e8d38baa157de0e6c6cadbaddc173cd8de37,0.1457312118568236,0.39443354627481764,2,0.12,0.27443354627481764,0.1545699354941021,cUSDC,cNEAR
0x4b33ebd86907d382a1576a496b3405663e2719a4,2.093671229121141,0.3939336354884846,2,0.12,0.2739336354884846,5.695387727100922,cUSDC,cUSDC
0x5d6e0139b87671765e7b3f5b1c43c2dabe1fce9a,2.09371655074067,0.39393033844045444,2,0.12,0.27393033844045445,5.695340059257422,cUSDC,cUSDC
0x3e75ffa07a6b799d920079574b03ce68f15cc5e2,0.0523691390134742,0.3930477688914842,2,0.12,0.2730477688914842,0.15402687945139473,cUSDC,cNEAR
0x6f3cb5c749f3f653d9660816c245f8433b111b4f,0.05236691485578582,0.3930310758498657,2,0.12,0.2730310758498657,0.15402033781113478,cUSDC,cNEAR
0xc06210a9ba4e5a27ebb20c4a1e4a16649c89c233,0.052296056919442606,0.3924992635208374,2,0.12,0.2724992635208374,0.1538119321160077,cUSDC,cNEAR
0xe94df4131427dc949b0d2e6e3749891b9cee13b3,0.052251059124808416,0.39216154013796006,2,0.12,0.27216154013796007,0.15367958566120124,cUSDC,cNEAR
0x1eb3b298891ee267966d2cc5bfa9c2e5cd0608d7,0.052204085563818926,0.3918089879728565,2,0.12,0.2718089879728565,0.15354142812887922,cUSDC,cNEAR
0x175eef73d316c65e954f383c3f2e58db193415a8,0.05210215079986646,0.3910439337386503,2,0.12,0.2710439337386503,0.15324161999960725,cUSDC,cNEAR
0x31a9cea57c4973b17c1bca5748e76b08f551baa5,0.052087052514702935,0.3909306160975853,2,0.12,0.2709306160975853,0.15319721327853805,cUSDC,cNEAR
0x093637fdb92a65ac3b40fd30f77b6c9f13521021,0.05207848543736754,0.3908663173388883,2,0.12,0.27086631733888833,0.1531720159922575,cUSDC,cNEAR
0x14602524171f1ff792ce532bed1fb3ac6e2fa9df,0.09232311424925307,0.3901795574716398,2,0.12,0.2701795574716398,0.15290288972401003,cUSDC,cNEAR
0x7c43edfed30754689e6ebaffe6e607dad4fe091d,0.05189394692316856,0.3894812945440359,2,0.12,0.2694812945440359,0.15262925565637814,cUSDC,cNEAR
0xfe8f295d4e71c1f7c10477ee1a5f004aef32f28b,0.05188409569042907,0.38940735777283764,2,0.12,0.26940735777283764,0.15260028144243845,cUSDC,cNEAR
0x8d88267bb93e2afab7fecdb7e6c58f4ef3efd469,2.3453088955282646,0.38426068094876964,2,0.12,0.26426068094876964,5.55553872308789,cUSDC,cUSDC
0x83238d0cc65eb28e3d74f56e9f7ba2a5e4e7c83f,0.21869876752056236,0.3813816133772634,2,0.12,0.2613816133772634,0.9508642066111408,cUSDT,cETH
0x8ee3fc743653bc3854a71fb06505ba4c988a3148,0.21807374616428074,0.3773930558267653,2,0.12,0.2573930558267653,0.94091989761,cUSDT,cETH
0x38be82c1ffbd244d7410a727af969829b5c98f2a,1.5195155848424033,0.3633160701621785,2,0.12,0.2433160701621785,5.252727110987431,cUSDC,cUSDC
0x5fe298de712a32c03689795746c55cc040e3f656,1.195237686958843,0.34142670164601974,2,0.12,0.22142670164601974,4.936256442910761,cUSDC,cUSDC
0x380886e656ce40bd145a9fb85ac7e3dc51d5ee8b,0.6177583154712829,0.3348268098109467,1,0.06,0.2748268098109467,0.1493792614332562,cETH,cNEAR
0x2fa39d9daff6cadcc7ebdb45c175c644c1cd4a91,0.19149619576805274,0.2926838861734729,2,0.12,0.1726838861734729,0.114696454785,cUSDC,cNEAR
0xf7f2839851c59198cb2367cee38a9c1e0734ca8d,0.6109752963014524,0.2647539461314863,2,0.12,0.1447539461314863,3.832904863494375,cUSDC,cUSDT
0xac702bd2ca3df4944c1efd8ccc2616b9bbfb9b02,5.824978060727458,0.2602715094201704,1,0.06,0.2002715094201704,1.1404619330614605,cWBTC,cETH
0x65f05b303a799377dface1bdf617c94dabc97603,0.03358678645926742,0.25207997936825344,1,0.06,0.19207997936825344,0.0987846660566689,cUSDC,cNEAR
0x73ff845a9e313d5d413d5a4051e7b4bd4e3255f4,0.07177420432289887,0.24507564537943122,2,0.12,0.12507564537943122,0.09603981977506722,cUSDC,cNEAR
0xe9222f754c1ae8f7de67f5450b7cd6fb065feb79,0.4208647852445613,0.24256227092094473,2,0.12,0.12256227092094474,3.507206543704681,cUSDT,cUSDT
0x125224f48719c4011baa7f694c6d2b3ff249b195,0.17490290084336294,0.23218992196571048,1,0.06,0.17218992196571048,0.09099018478416833,cUSDC,cNEAR
0x5da29f0ddf1a7570ddd27dde52d5136dc167ac80,0.20541090496212905,0.21631052151887803,1,0.06,0.15631052151887803,0.09650453607038506,cETH,cNEAR
0xffd5e9186f89ce3a22f836dab29115a5afb29992,1.3602784558724337,0.2152091416169699,2,0.12,0.09520914161696992,3.1114365301793168,cUSDC,cUSDC
0x6e5df9034c774b910daa8367ba71a5ccb61030e8,2.003112696618579,0.20455372891562273,2,0.12,0.08455372891562274,2.95738340737046,cUSDC,cUSDC
0xd44a079f51d0979a264519d9b1934236a399f39f,0.07102327353921718,0.20449540469191985,2,0.12,0.08449540469191985,0.08013730528398619,cUSDC,cNEAR
0x14e63b5ee087bfad2dc39453b89956daa0fff11e,0.07109764952948945,0.20408419227511687,2,0.12,0.08408419227511688,0.0799761600737476,cUSDC,cNEAR
0x461468dda58a2ae3e2e00a3936096ce0f8bad7a5,0.5488277573161537,0.19776120361830163,2,0.12,0.07776120361830163,2.181736791473542,cETH,cETH
0x1e3eef86f764f9910e9be00aceb462d169c9af03,0.19873944305625782,0.19540711728724441,2,0.12,0.07540711728724442,0.48719085301500004,cUSDT,cETH
0xd14ab59a934a22b072f331453c205f85c168aae4,1.3507114684365507,0.1938075368510237,2,0.12,0.0738075368510237,2.8020178206723547,cUSDC,cUSDC
0x7dfd7dde044de1fff1579e0da47e3d5ad48c38f2,1.4906716214434816,0.1897501822240799,2,0.12,0.06975018222407992,2.7433576666133206,cUSDC,cUSDC
0x4d2b555cde30df8e8c10082c94ae8ee5e3047989,1.3118448715177142,0.18925083962646694,2,0.12,0.06925083962646694,2.7363768512699758,cUSDT,cUSDT
0xf953b83f7ffcfdec76fd5182a6afe069144e2840,1.1961003626373325,0.1892217488682717,2,0.12,0.0692217488682717,2.73571771770281,cUSDC,cUSDC
0x1040a43093b700d9bfe90346990afaa4d1151508,1.8061034969934462,0.18298901949043866,2,0.12,0.06298901949043867,2.6456065740812855,cUSDC,cUSDC
0x41a298b84b86b99c54db38106a61c9273f05d420,0.07655093040297414,0.18248782011021647,2,0.12,0.062487820110216474,0.0715130111251806,cUSDC,cNEAR
0x8ce01215e3c05c96ea70bb534ca3f1075f28d7d0,0.07655657684125165,0.1824653599317275,2,0.12,0.0624653599317275,0.07150420946930469,cUSDC,cNEAR
0xac6721b486ce7fab1599ed21ddacc17b6b82fd23,0.0766356448353372,0.1821508463972401,2,0.12,0.06215084639724011,0.07138095844971755,cUSDC,cNEAR
0xed3ffe5339dc69594b17b527fe915cf7d0441f74,0.07667529166373716,0.18199314081389373,2,0.12,0.06199314081389373,0.0713191570586464,cUSDC,cNEAR
0x60240fcb2b096287294113aa19e8a9040fd88fec,0.07669327487155773,0.18192160792225426,2,0.12,0.06192160792225426,0.07129112487286798,cUSDC,cNEAR
0x14426f07f8b661017b48dc9804836dfba68d7e38,0.07669617926433475,0.1819100549437273,2,0.12,0.06191005494372731,0.07128659751163681,cUSDC,cNEAR
0xb466dbb6f2b469a5343e15113056549a35f9abc8,0.07670125748714442,0.1818898549902157,2,0.12,0.06188985499021571,0.07127868158881341,cUSDC,cNEAR
0x844db2556da4cc031e3fe2b3efcc7ed08046fe3e,0.0767187828756452,0.18182014319412942,2,0.12,0.06182014319412943,0.0712513630508087,cUSDC,cNEAR
0x9c765e7ff535a83753df2561aa2cb00450a15b54,0.07672491635575229,0.18179574567994558,2,0.12,0.061795745679945585,0.07124180219517352,cUSDC,cNEAR
0x28a73db535deb1218012df65af0bc240fba34d7e,0.07672497155382631,0.18179552611523353,2,0.12,0.061795526115233534,0.07124171615253415,cUSDC,cNEAR
0x6ca3e7eeaf8b2ef854f3a61122bdb9dcb56cfd4f,0.07673168136676504,0.18176883608714417,2,0.12,0.061768836087144174,0.07123125691051715,cUSDC,cNEAR
0x4420bab69ff08fd3a949524a7d50c940c2fffe39,0.07673488610200363,0.18175608841827207,2,0.12,0.06175608841827207,0.0712262613761011,cUSDC,cNEAR
0xdc7e3ef07536f859cbfc45449e13df1e4e10aa00,0.07674256350471045,0.18172554954993558,2,0.12,0.06172554954993559,0.071214293857229,cUSDC,cNEAR
0xe9d40532d731c6b31beaa758bbfa512cc65c28cb,0.07674941293630701,0.18169830415228033,2,0.12,0.06169830415228034,0.07120361697794768,cUSDC,cNEAR
0xc415e7d76833a578959450630a2128f8f9a4ee9c,0.0767700943558634,0.1816160384208914,2,0.12,0.06161603842089142,0.07117137882550284,cUSDC,cNEAR
0x413ac868423068cfd41ba2d3a0d77df5aa93179c,0.07679639460310711,0.18150346630144942,2,0.12,0.06150346630144943,0.07112726425815703,cUSDC,cNEAR
0x099eded9fbedc3a91ec0e090d3daffc64147b3b4,0.07682860269084994,0.18138330628386923,2,0.12,0.06138330628386923,0.07108017615842073,cUSDC,cNEAR
0x04ace77b533a353ccf63169dcaabd547475bdbba,0.07687233903559232,0.18120137754655163,2,0.12,0.06120137754655164,0.07100888223969273,cUSDC,cNEAR
0xb328af7b25bfe5dcce7da8272a1941a5fe500277,0.07688894392658843,0.1811432833068487,2,0.12,0.061143283306848706,0.07098611636957783,cUSDC,cNEAR
0xeb60de404634439947a68ca5ec37a46bb1508b1d,0.0769943300376713,0.18072408260919737,2,0.12,0.06072408260919737,0.07082184072566515,cUSDC,cNEAR
0x24c2da0322017d710e702c293d6cd01f90218a77,0.07713564197757618,0.18016197757290817,2,0.12,0.06016197757290817,0.07060156397684221,cUSDC,cNEAR
0x7741295be36a5e9a93bb1bb8744d07d86f9ab8fa,0.07713802198865004,0.18015251045914604,2,0.12,0.06015251045914605,0.0705978540206852,cUSDC,cNEAR
0x7b68e47ed5659426455aae891a4884305818355b,0.07717111161055117,0.18002088787203802,2,0.12,0.06002088787203802,0.07054627398903983,cUSDC,cNEAR
0x50ca66e203c0f02456e5ffede2c603c0685c711e,0.023977592403935332,0.17995978882393632,1,0.06,0.11995978882393632,0.07052233059980981,cUSDC,cNEAR
0x83c05b0667b2f5b329ffc6eea7107aa7656e80ac,0.07719095369468795,0.17994196081582992,2,0.12,0.05994196081582992,0.07051534419084682,cUSDC,cNEAR
0xe148500a09b1ca3225748cf432db90f4fd577f8d,0.07719537929877585,0.1799362908800296,2,0.12,0.05993629088002961,0.07051312226621799,cUSDC,cNEAR
0xf9a4972c09a77e7a5a054169fdad56a0f31e1a37,0.07719771872303055,0.17992698521090872,2,0.12,0.05992698521090872,0.0705094755767076,cUSDC,cNEAR
0x9cc8c7877499380c33ad621e82e16b0c5411c4bd,0.0771978924172866,0.17991436023996393,2,0.12,0.05991436023996394,0.07050452812494296,cUSDC,cNEAR
0xfa8511a93e000452201576452f3a748f53c00d0e,0.07720139751231657,0.17991235186862692,2,0.12,0.05991235186862692,0.07050374108785917,cUSDC,cNEAR
0x876ba86212605cac1baa890b7be6df5d960a5d61,0.07720507630160263,0.17989771852634517,2,0.12,0.05989771852634518,0.07049800659901076,cUSDC,cNEAR
0xd8acd8bb1d339d797556f76db360698fb75dff54,0.0772069578892077,0.17987829996489718,2,0.12,0.059878299964897186,0.07049039688675691,cUSDC,cNEAR
0xf74c892e701f8ee6832a1846bd4c1a2ad8b8154c,0.07721747636925369,0.17983645997167405,2,0.12,0.059836459971674055,0.07047400070262237,cUSDC,cNEAR
0xd3624e7bb8c8eb4f97a5e93f18c0dce240069933,0.07722999983816477,0.1797866446131738,2,0.12,0.05978664461317382,0.07045447914614546,cUSDC,cNEAR
0x69dc44658dd2f3e555eb6ac121d78371f3418347,0.07723242043605774,0.17977701605477042,2,0.12,0.05977701605477043,0.07045070592334184,cUSDC,cNEAR
0xb903fd5eae6304fe1417e105043365dced9d6018,0.07724612092272362,0.17972251880167434,2,0.12,0.05972251880167434,0.07042934963411333,cUSDC,cNEAR
0xd5a3c4232857db4cfc72db54c1fa386a4cdabe05,0.07726085395539802,0.17967584838478545,2,0.12,0.05967584838478546,0.07041106051191232,cUSDC,cNEAR
0x5a7ef04d9703688473bdab9597bc30718670df5c,0.07726451975690192,0.17966126670478888,2,0.12,0.059661266704788884,0.07040534626839082,cUSDC,cNEAR
0x30deaf2890da863cc4e1726e855983bf244ecd74,0.0772722604750466,0.17963047598281207,2,0.12,0.05963047598281207,0.07039328005355,cUSDC,cNEAR
0xe0e8620ce6f1c379ec74fd5eedea14ae1df7c0ef,0.07727684676827856,0.17960029875047195,2,0.12,0.05960029875047196,0.07038145425196632,cUSDC,cNEAR
0x030bd1f19858db7e531944e567d36e106208464b,0.07728376277958832,0.1795847225714854,2,0.12,0.05958472257148539,0.07037535028590171,cUSDC,cNEAR
0x3cce8f7a6567bab2e027763de06b4c4da8e2ac90,0.07728747403832967,0.17956996007349063,2,0.12,0.059569960073490635,0.07036956518373601,cUSDC,cNEAR
0x7d442832ea3f9a46ba1958fd5bfc885af8d85537,0.07729401825704635,0.1795439287395375,2,0.12,0.05954392873953751,0.07035936406963716,cUSDC,cNEAR
0x2257cb623f851ceeb53398c97e365c4432c9a1c1,0.0772928379750162,0.17953668956182445,2,0.12,0.05953668956182445,0.07035652719320333,cUSDC,cNEAR
0x87cfe81e5a03df5d2c72e685c59e77f3619d03c2,0.07729758502671158,0.17952974098446559,2,0.12,0.05952974098446559,0.0703538041967334,cUSDC,cNEAR
0xc94778fb08013b66b598046d45fce28872c52120,0.0773419074393456,0.1793415029905684,2,0.12,0.059341502990568396,0.07028003781745604,cUSDC,cNEAR
0x2738077b8358c6f9a760c18d6a31a4ec8f049397,0.07740049857144317,0.1791084415064781,2,0.12,0.05910844150647809,0.07018870608641482,cUSDC,cNEAR
0x4b91645673b4fff762f6fae45ec856bc3b64fed1,0.07740822143138741,0.17907772182014342,2,0.12,0.059077721820143425,0.07017666770889852,cUSDC,cNEAR
0xb1ae6d35108f51a5b9c0951a5a966aeaa3cf0de5,0.07741363408958674,0.17905619156278804,2,0.12,0.059056191562788046,0.07016823046890709,cUSDC,cNEAR
0xbd22d3b737d295b93157c132e21f7cc5f3aaadf8,0.07741935033719313,0.17903345369951612,2,0.12,0.059033453699516125,0.070159319994399,cUSDC,cNEAR
0xad43c975a4c40e0b27736ba580151ccb3197fe9e,0.0774224300650288,0.179021203280139,2,0.12,0.05902120328013902,0.07015451932125451,cUSDC,cNEAR
0xac48e5550b9530e4bca25ef1e62837f75e9a408e,0.07746813730570819,0.17883143479104294,2,0.12,0.05883143479104294,0.07008015317416731,cUSDC,cNEAR
0x52741c176b56d2984c4b6116e2edad4018ab183b,0.07750933131520664,0.1786755309298928,2,0.12,0.058675530929892805,0.07001905783887231,cUSDC,cNEAR
0xb1bad58dffdf49e30b1deb599fe2c786d366334e,0.0775321493231245,0.17865239268391064,2,0.12,0.05865239268391065,0.07000999046308065,cUSDC,cNEAR
0xeb909e03d5731c9014389ba0ed499eb4fcf6dc4a,0.023735974199230014,0.17814636400787132,1,0.06,0.11814636400787132,0.06981168882126476,cUSDC,cNEAR
0x9b1cd47acdcf20bb816ba7e26c4b3dd5fdd1b486,0.07770872948717909,0.17788237278085037,2,0.12,0.05788237278085037,0.06970823639609194,cUSDC,cNEAR
0x8dde8bb0f20dbea108de0f6488fd4f3ec06dca29,0.07780295096450218,0.17749962628319035,2,0.12,0.05749962628319036,0.06955824636098303,cUSDC,cNEAR
0x826542cfc30d8abb0a6d287f528e4f44633219c2,0.023614833908433247,0.17723716592064892,1,0.06,0.11723716592064892,0.06945539384833309,cUSDC,cNEAR
0xfef5048f6827b448152b05f05dfba89d27af2daf,0.02355316304850003,0.17677430564914182,1,0.06,0.11677430564914182,0.06927400896617657,cUSDC,cNEAR
0xb2b94e0e1e0747263e7b66b40f46fd755a1a26b3,1.623459802496779,0.17674291810008302,2,0.12,0.05674291810008303,2.5553021014592785,cUSDC,cUSDC
0x3c60ed802686022cc1837ed5549a366b2e7de172,0.07809323114764943,0.17634893928944917,2,0.12,0.056348939289449174,0.06910731713329367,cUSDC,cNEAR
0x6551f0ab8382a86663321b7ea9f661ede6ef4734,0.07810229499609778,0.17631288547216806,2,0.12,0.05631288547216806,0.0690931884257735,cUSDC,cNEAR
0xc2a9c427fa3bd41b3acbc82307bc582f67aac474,0.07837911333729905,0.17521176844107245,2,0.12,0.05521176844107245,0.06866168458925823,cUSDC,cNEAR
0x07cbadbd63e97a4c6d59887015b138ceb1a594e2,0.07838002572899312,0.17520813916553746,2,0.12,0.05520813916553746,0.06866026235504252,cUSDC,cNEAR
0x2fcfeff8499fd523657d8cc39f3175cc8bd1bf0f,0.023286543363209997,0.17477323642364176,1,0.06,0.11477323642364176,0.06848983342120588,cUSDC,cNEAR
0x946d00b7b76b81243c6e31df232c121d43219b0e,0.07851402071758136,0.17470298534089124,2,0.12,0.05470298534089124,0.0684623035484765,cUSDC,cNEAR
0xfed139446c9fb32c49a6ee8914ca5fef6723f5af,0.07902350702347351,0.17265250278367747,2,0.12,0.052652502783677474,0.06765876399259024,cUSDC,cNEAR
0x25ad2667b19e866109c1a93102b816730a6aec3f,0.34837373431121926,0.1671655086005952,2,0.12,0.04716550860059521,0.7272898670949467,cNEAR,cNEAR
0x7c075ac5aa99f7ac7d415772889b0feb6a682356,1.2371286283693768,0.16128597691700275,2,0.12,0.041285976917002754,2.33182975692725,cUSDC,cUSDC
0x0db91adea384123148a7ebedf0b7e80f7b293edc,1.511135101105417,0.16119223868529836,1,0.06,0.10119223868529836,0.06316773553123918,cUSDC,cNEAR
0x7dbc269bee7d9b318de29ee83243f48b9e068f0d,2.3703380051884992,0.15815822902184662,2,0.12,0.038158229021846624,2.2896937102438097,cUSDC,cUSDT
0x72158d489043d7d8fa2660f074e2ef7827ba6d21,2.371139574958446,0.1508254262195461,2,0.12,0.030825426219546093,2.1805938971430576,cUSDC,cUSDC
0xedc63f732d61df2556fd3ae84f911a84ac64b4ba,2.436981559876877,0.14992101601484453,1,0.06,0.08992101601484453,2.1675181749500703,cUSDC,cUSDC
0x840ef9e816f2baaf21519283a740c23040e0acb5,0.2582094826518574,0.14881710392795622,1,0.06,0.08881710392795622,2.1517456887654802,cUSDT,cUSDT
0xd02267af0aebf8bd1851dd9dbd254321c685300d,1.3148385657690864,0.14533798776745321,1,0.06,0.08533798776745322,2.1040920760731416,cUSDC,cUSDT
0xacf6ac75e659b58e3505d52e588aa02b2704fe1d,0.2755316373127806,0.14525708429687612,2,0.12,0.02525708429687612,0.6319725068721406,cNEAR,cNEAR
0xb905e242d8851851b8f3367570a8c7edd97fd9f8,0.2779873896904288,0.14044194144329047,2,0.12,0.02044194144329048,2.030649260375,cUSDT,cUSDT
0xd77eef7bd50a1eaf87e6028f6050c29392790f93,2.3948088226299684,0.13742914426886954,1,0.06,0.07742914426886954,1.9869140157182188,cUSDC,cUSDC
0xe86ed7d50fbe88f4642135ee4a6016a2ce82302a,2.221615966905672,0.12686111619057372,1,0.06,0.06686111619057372,1.836598080368884,cUSDC,cUSDT
0xa14ef0e1c1b3fe72706dc5f69ce0595e9dba0646,1.3067061718700996,0.1256731892073557,2,0.12,0.005673189207355711,1.8169495441780552,cUSDC,cUSDC
0xb2f456886367c8e50566377ec6d9293d4da5bb81,1.00867912251648,0.12339026932005814,2,0.12,0.003390269320058148,1.361263409404566,cETH,cETH
0x777480683bd8fc46cbbdff407364d9e6a71c6184,0.19897680526368342,0.11467879337376186,1,0.06,0.05467879337376186,1.6581400438640301,cUSDT,cUSDT
0x70c57e40e44279a9c3b4b56f115f0fd341423378,0.1692845601960169,0.11443992636109379,2,0.12,-0.005560073638906204,0.4978957652824027,cNEAR,cNEAR
0x1238c6938bfef91fdd4149128c26fe3a6f03aff8,1.3292554607898162,0.10914521594918769,2,0.12,-0.010854784050812305,1.577992502767527,cUSDC,cUSDC
0x909697d1f9d492bf936b19ce52d6856ed7280bba,1.0333105909607756,0.10883929613679211,2,0.12,-0.011160703863207888,1.5735695954856017,cUSDC,cUSDC
0x4b0ed6ee48180aea190cbd89eef6caf3d24bf079,1.0537803339659741,0.10763114734101387,2,0.12,-0.01236885265898613,1.556102501528384,cUSDC,cUSDC
0xaa0ef3aafcc82c384776c4b38bf5aeb59af7dc17,0.9112112956913382,0.10705412890981147,2,0.12,-0.012945871090188521,1.5477601225200392,cUSDC,cUSDC
0x52539ccdb0ff2fa0528f41ea6c3628e92d96d812,0.8858339723343409,0.10447017097312594,2,0.12,-0.015529829026874054,1.5105336286132849,cUSDT,cUSDT
0x9f2eede16f3430fb96f509202c92c628bfb5c670,1.6200634139820862,0.0981650665994056,1,0.06,0.038165066599405606,1.4192444238660173,cUSDC,cUSDC
0x00ee80c322d6e956d2629a73223605bbda946f2d,1.1619652744464715,0.0972609780010707,2,0.12,-0.0227390219989293,1.4044041214525744,cUSDT,cUSDC
0xc80aac6154c653c7794d76dea486a7bd6c95ab11,1.1506594858824386,0.09607436906488487,2,0.12,-0.023925630935115128,1.3891387749106359,cUSDT,cUSDT
0xdf8c6ba75e11686ef4ad8e4a99694a9cd384c0d7,1.1070251705991836,0.09454283777610661,2,0.12,-0.02545716222389338,1.3668752029453761,cUSDC,cUSDC
0xf4fd04d9aa734024ae6c07d794ed95b923a98fa4,0.0123867080740464,0.09296635507338444,1,0.06,0.03296635507338444,0.036431494335430595,cUSDC,cNEAR
0x7bf2078ebb786b99fc52d7771933a5377e7ef929,0.01238542697495967,0.09295673999955938,1,0.06,0.03295673999955938,0.03642772639694021,cUSDC,cNEAR
0xbeea6f0eda45d9e60437dadb0fbc35a38ff1ec05,0.012147880434172966,0.0911738743725327,1,0.06,0.031173874372532703,0.035729060100508726,cUSDC,cNEAR
0x847d0439cf245647bef1184093d039ccfec93556,0.012144264966101385,0.09114673908473148,1,0.06,0.03114673908473148,0.03571842637088643,cUSDC,cNEAR
0x6e31e40ceda8d3819350bdfc65e46f329259bde4,0.012143605830382086,0.09114179205240007,1,0.06,0.031141792052400072,0.035716487736417904,cUSDC,cNEAR
0xeccaa44a451951ae4b052895aaf40e1ec69773de,0.012142248607150343,0.09113160564160216,1,0.06,0.031131605641602167,0.035712495903383365,cUSDC,cNEAR
0xae1d4e9afc908e1b7e66b09a6da3eab8cdbb4599,0.012142063531255107,0.09113021658558428,1,0.06,0.031130216585584278,0.035711951562515026,cUSDC,cNEAR
0x5a3ac622f5386578ae98788af26de9d1cc7eb653,0.012140733907060374,0.09112023731471885,1,0.06,0.031120237314718857,0.03570804090311875,cUSDC,cNEAR
0x8eb6690ef8afdc473f0c857288080d9880c45cad,0.012138433446152027,0.09110297159211049,1,0.06,0.031102971592110493,0.035701274841623616,cUSDC,cNEAR
0xc132457954ae6100e7ddaccb09449c21b887f148,0.012116958154190028,0.09094179239858229,1,0.06,0.030941792398582288,0.03563811221820597,cUSDC,cNEAR
0xde86d018151ef14dcd838123a7136c6c8faddba5,0.012114182015761466,0.09092095655831384,1,0.06,0.03092095655831384,0.03562994710518078,cUSDC,cNEAR
0x54bf16f4e6a4312e94063088eb1e4648dc6edec5,0.012098273606134868,0.09080155866428437,1,0.06,0.03080155866428437,0.035583157665102554,cUSDC,cNEAR
0x80092aeb120d09ddf8a2e5145c251f390b776e08,0.012067464963468885,0.09057032957611233,1,0.06,0.03057032957611233,0.035492544010202604,cUSDC,cNEAR
0x720db64851b38316651da5ece80516f12cf72a34,0.6820126986891927,0.08906600116160712,2,0.12,-0.030933998838392873,0.9825919748079488,cETH,cETH
0x1eda445245a9f1837fc43be3aef8c05b55e8e38c,0.01177931315889346,0.08840765464916184,1,0.06,0.02840765464916184,0.03464503870262783,cUSDC,cNEAR
0x3c15c9b6c4519330abe44498afe820a3ef4e87b8,0.011360463852650632,0.08526405159549827,1,0.06,0.02526405159549827,0.033413128978384214,cUSDC,cNEAR
0xcc47dc715bf4a8a26679f168a575705fca773ff8,0.1698825634024031,0.08439971196725726,2,0.12,-0.03560028803274273,0.36719928538715224,cNEAR,cNEAR
0x1706f86e1798e341944746fe336d63b60e1d0ccb,5.161904841621637,0.08084907014352072,1,0.06,0.02084907014352072,0.2015736580914324,cUSDT,cETH
0x8f8ec040b7afaf240de07f1c7929b97eb54db3dd,0.5456338057037203,0.08015189323283756,2,0.12,-0.03984810676716244,0.8842499498023774,cETH,cETH
0x07bf6ec7de006ffd2009f4bbd1b66559dc54ceae,1.4505771777409753,0.07982337193228717,1,0.06,0.01982337193228717,1.154065080721574,cUSDC,cUSDC
0x5d293f0795a2b6f47a75123ee8f236f585c06ab6,0.11376302873685593,0.07690620229149014,1,0.06,0.016906202291490147,0.33459714334369395,cNEAR,cNEAR
0x0cb401453b86eb31dc887ab7ecf07e86e90508d6,0.10744106990028575,0.07263242503219813,1,0.06,0.012632425032198136,0.31600314676554636,cNEAR,cNEAR
0x621e8252747cb2a32c8bb646f14422f7ed655114,2.2202635421605645,0.07162643346570308,1,0.06,0.011626433465703079,1.035555924516885,cUSDC,cUSDC
0x43cc5f33bb7de3e8e0568b63c009ce47392c9edc,3.0552402635348987,0.07116175750646334,1,0.06,0.011161757506463338,0.1774597119075693,cUSDC,cETH
0x4c23dfcd99036cd1faab8f7043ec4648afcaed17,0.1231920538506061,0.07100081876428388,1,0.06,0.011000818764283882,1.0266004487550517,cUSDT,cUSDT
0xd4aacc27b2e69dcedee2671a7126f07dd60c6128,0.043453322958420325,0.07063967655957538,1,0.06,0.010639676559575387,0.02768215419874622,cUSDC,cNEAR
0x1190226a666a9dc756b4bd58fd05f65e66666666,0.49187827821769275,0.06852089335255973,2,0.12,-0.051479106647440265,0.9894104193450318,cUSDT,cUSDC
0x0cdd226cf76c560bb62e888e9dd5a1f69c652c10,2.094970330384322,0.06835523233690455,1,0.06,0.00835523233690455,0.9870183499053471,cUSDT,cUSDC
0x92525631c9a499b4371d28035204903555f9220e,1.464940864566861,0.06815202152763655,1,0.06,0.008152021527636555,0.9853238008079792,cUSDC,cUSDC
0x60ec9cf15a51269785bec8ca1f9e3e230ec52164,0.09898832940218691,0.0669181945138817,1,0.06,0.006918194513881704,0.29114214530054977,cNEAR,cNEAR
0x288a6e71a6f021d4e100039a4989ac6ad00775a7,0.9103746306076532,0.06563090151360551,2,0.12,-0.054369098486394485,0.948956844705559,cUSDT,cUSDT
0xdb22cd5f1cd10ffd47b6af579ba3d4ff44289c3f,1.9023879124363972,0.06541619166986268,1,0.06,0.00541619166986268,0.9457699003747749,cUSDC,cUSDC
0x7591b45e04ef9a752d140ed80fca5031df9db2a8,0.9983070665773653,0.0635111963815248,2,0.12,-0.05648880361847519,0.9170726820741562,cUSDT,cUSDC
0xfd823ef3ce877093fadc93ebb4b757b6d92257fa,0.16041759687974858,0.06322122568962474,1,0.06,0.0032212256896247404,0.697467812520646,cETH,cETH
0x6095577a3504f6622cc6aab8d550f86d3f348140,0.08607397440318952,0.05818781866994782,1,0.06,-0.001812181330052176,0.2531587482446751,cNEAR,cNEAR
0xe93c369507a38a6e8efa64344f0ed51b1b3bf223,1.9111519994317947,0.05121900330520324,1,0.06,-0.008780996694796761,0.7405107270341821,cUSDC,cUSDC
0xb4c3c70c0a0001923fbadee5ab20086d671ee225,0.1462052528829111,0.048010529828128035,2,0.12,-0.07198947017187196,0.20888024180445644,cNEAR,cNEAR
0x84ecf15af6fec307afeab934b46947967bc02d5f,0.8644971346224134,0.047504751039025184,1,0.06,-0.012495248960974814,0.6868110556519296,cUSDC,cUSDC
0x25a087dc3512e3be548f0ca13233ae29d3781bdc,1.373366115666504,0.04639638919766409,1,0.06,-0.013603610802335908,0.5118532222297905,cETH,cETH
0x046f601cbcbfa162228897ac75c9b61daf5cee5f,0.043588268597516,0.046128426667293665,2,0.12,-0.07387157333270633,0.11503281529245361,cUSDC,cETH
0xd6c1206c3019f8eba5cdf06e5d97c01ea9dae180,0.01902473501313944,0.042558841632660556,2,0.12,-0.07744115836733945,0.016677885205232196,cUSDC,cNEAR
0xc9f2a6f46e053b40e1c0202277ea8da32ac6ce6e,0.10001268674395998,0.03941540556305301,1,0.06,-0.02058459443694699,0.43483776845199995,cETH,cETH
0xbd23497f0bff23fbeea70cd14d923ed08c5e480f,0.05502856041725133,0.029045604849152307,2,0.12,-0.09095439515084769,0.1263692149611124,cNEAR,cNEAR
0x9b78247454716aee9f0efbf1418794e85dfe8c44,0.07987342880210342,0.028373302660611277,2,0.12,-0.09162669733938872,0.12344421821121551,cNEAR,cNEAR
0x2e099cbd558a1c54b3a448cd42f531f31d1384fe,0.03976317222387918,0.028034739252948714,1,0.06,-0.031965260747051284,0.010986205100574919,cUSDC,cNEAR
0x5470fd62ba8c157d9a89a9d9a9f4801c8ab83b24,0.028695257786423223,0.02785252637306252,1,0.06,-0.03214747362693748,0.010914799832548906,cUSDC,cNEAR
0x68be2fed75c6678f17ee81ddd2d2738d7a228d37,0.09688043772574259,0.02715921374368213,2,0.12,-0.09284078625631786,0.11816206057937653,cNEAR,cNEAR
0x7a57cd7de85cab221e354d73cbc9757d0b5aae78,0.928158124383836,0.026100924667465178,1,0.06,-0.03389907533253482,0.06508920991150118,cUSDC,cETH
0x1fefd873eded0df1a2eb5549f8e2315d05a51098,0.024221586837349054,0.025403579067917917,1,0.06,-0.03459642093208208,0.009955110600840108,cUSDC,cNEAR
0x77e8baec5e5af0010e9acc12b2f060c6dd4a1d76,4.780498786478446,0.02243174970584849,1,0.06,-0.037568250294151506,0.32431227105973737,cUSDC,cUSDC
0x12e0a5437d9144c9867e9e254e5af811b483db48,0.025554547257060942,0.02009342587955051,1,0.06,-0.039906574120449484,0.007874176959313904,cUSDC,cNEAR
0xdb317a24f1e19cd6ed606566ce13d804ecf5782d,0.04863365454777952,0.01961315844421069,1,0.06,-0.04038684155578931,0.0076857081497388735,cUSDT,cNEAR
0xf33c31ceb86a282b01cda46cb40ed1066a55b21c,0.20315716987697072,0.018421459598592926,2,0.12,-0.10157854040140707,0.26635578321178144,cUSDT,cUSDT
0x8cef7243992d3f04dc14bf99cd34f337bbdfa59a,0.2908033794862968,0.01830087355908916,1,0.06,-0.04169912644091084,0.2642562596099372,cUSDT,cUSDC
0x6d627511a7a0fcd8469682f92883042c0b0372fc,0.12425439393202532,0.01576987647629438,2,0.12,-0.10423012352370561,0.17397608365961909,cETH,cETH
0xd0ab119d4b5d10f69021df0fd190517b0c437812,0.1368023057450475,0.015764198298690912,2,0.12,-0.10423580170130908,0.17391344099382178,cETH,cETH
0x5cd2460cc25fca8f3a4ec6ca0840fe381dc8ff2a,0.12341055972925608,0.01575158012623884,2,0.12,-0.10424841987376116,0.17377423506982775,cETH,cETH
0x3fb9ccb7c35a0f0d3331f03f7dea1ee57228ae29,20.618266125467926,0.014841645093677053,1,0.06,-0.045158354906322945,0.21459526493653044,cUSDT,cUSDT
0x7f29667850c1b15d868d69d55612c29d0305158d,0.001942399639837145,0.014578353952643381,2,0.12,-0.10542164604735661,0.005712940117168074,cUSDC,cNEAR
0x77984dc88aab3d9c843256d7aabdc82540c94f69,0.06733073343064697,0.013140891417282613,2,0.12,-0.10685910858271738,0.18998751301942352,cUSDC,cUSDC
0x08d8817f3a994fe33a2b8690b8f409d12bc69cf6,0.11834604973448747,0.013004829108986454,2,0.12,-0.10699517089101354,0.18803675269705733,cUSDT,cUSDT
0x4a9c5c3598b78753f2bf5269e3f81e2c0919a565,1.9457554468716727,0.011299053914096663,1,0.06,-0.048700946085903335,0.1633587162731095,cUSDC,cUSDC
0x07d71c904d0404aabc21713a8e4568ab291d1923,0.00424200463070509,0.011195223659752531,2,0.12,-0.10880477634024746,0.00438716487295004,cUSDC,cNEAR
0xf4d25b36baf25ade0494ef86ea8fd151637da8c8,0.004277810409191656,0.011112467136654236,2,0.12,-0.10888753286334577,0.004354734389899526,cUSDC,cNEAR
0x8fd580cd943660501e2db745c16b71a23c2f2afd,0.11713526926452167,0.010920091302605878,1,0.06,-0.04907990869739412,0.1576811332480052,cUSDT,cUSDC
0xd0346cce69fb5276d845f822a29c723b3ea10a7b,0.03683698662169461,0.010631932055165771,1,0.06,-0.049368067944834226,0.04625653052531963,cNEAR,cNEAR
0xc895bff121ac4297169f764596b73acb0a14ec17,0.04068082222075308,0.009366158399596418,1,0.06,-0.05063384160040358,0.02335179374999588,cUSDT,cETH
0x65b38802f7918f8cf04208de9f41ff95d954fb4a,0.013425508591636229,0.00907592643303115,2,0.12,-0.11092407356696884,0.03948678997540068,cNEAR,cNEAR
0xd880507d359af862a5f8f318c8e934ab478ca818,1.6420291515265968,0.009044650874690252,1,0.06,-0.050955349125309746,0.1307651567344502,cUSDC,cUSDC
0xbb05393d408540d6b7d6179595f0b81d95791262,2.3858862326343147,0.007982940420398724,1,0.06,-0.052017059579601274,0.11542529171633596,cUSDT,cUSDT
0xf01f9e0f0739e1f6f03a71f74712ae3b07e01ff3,0.07582041329536661,0.006523281162872888,2,0.12,-0.11347671883712711,0.09432008652454335,cUSDT,cUSDT
0xf82e8bc7e11a22b5ab835ca25a477203a97bdb16,0.011005834285410862,0.006051687334569386,2,0.12,-0.11394831266543061,0.08761169439000001,cUSDC,cUSDT
0xe7c67e103e136ae83c4cce2beebc633946c03d1a,0.007699611869958268,0.005186893433675472,1,0.06,-0.05481310656632453,0.0020326308221750404,cUSDC,cNEAR
0xe881425f489cef8ff27b2d76fc8575200d3feb37,0.0098053112295445,0.00377440447840547,2,0.12,-0.11622559552159453,0.01642136679056717,cNEAR,cNEAR
0xd1870f321c22d14a6c05544f5722539316645530,0.002844395319490451,0.0019228711143379588,1,0.06,-0.058077128885662035,0.008365868586736621,cNEAR,cNEAR
0x9117d509f8ce9276530fe1dd9e2429ddeee14c6a,0.001172809512218157,0.001249570201503139,2,0.12,-0.11875042979849686,0.018043223264894735,cUSDT,cUSDC
0x1a3cec4cf8d5ddf03ac238f2c5261319cd62365c,0.10378209141846166,0.0010281918397480692,1,0.06,-0.05897180816025193,0.004473372005616118,cNEAR,cNEAR
0x719ffd57286da73cc73740b2b38488fed113d414,0.005537657065752891,0.0006571238335368271,2,0.12,-0.11934287616646316,0.009500521609611488,cUSDC,cUSDC
0xc89d6f2022745011daccb4eec4fa4d47d1ba5137,2.2820061070386664,0.0006300037403917033,1,0.06,-0.059369996259608294,0.009108426516068534,cUSDC,cUSDC
0x6c280c67d5dcdc9937b838240dfe42fefdadab04,1.716051083401489,0.0005393844837848171,1,0.06,-0.05946061551621518,0.0002267248854450748,cWBTC,cNEAR
0x2c075d4b23e700b7cfcfe01e09389e10c77f2917,0.004997432587348448,0.00029553264290845677,1,0.06,-0.05970446735709154,0.004272732348156458,cUSDC,cUSDC
0x219bb5dca0258176136acaf96bfa6914482ca5d1,0.001886889215873355,0.00026982857384736823,2,0.12,-0.11973017142615262,0.003901449868039943,cUSDT,cUSDT
0x9422e350c047514934eecfe29b7135af535ce9c7,0.001887140974960099,0.00026980821758102467,2,0.12,-0.11973019178241898,0.0039011555368966304,cUSDT,cUSDT
0xe247f641fa0a9c99fdbdec76006e4db389fcb507,0.001886342889997554,0.00026979190647017206,2,0.12,-0.11973020809352983,0.0039009196946343605,cUSDT,cUSDT
0x2eb861e04cc7fbdc86fb8081814fb6c108fb0c12,0.001882710737731351,0.0002696813823830392,2,0.12,-0.11973031861761696,0.00389932162746522,cUSDT,cUSDT
0xc1e3076737ae508bafc3ee8f9c89bbbb7a31c8eb,0.001882747856058242,0.00026967838113864254,2,0.12,-0.11973032161886135,0.0038992782324889625,cUSDT,cUSDT
0x19588e7614b3cf257438ab21023b3c4a6b708eef,0.001882751083738842,0.00026967812016086886,2,0.12,-0.11973032187983913,0.0038992744590127665,cUSDT,cUSDT
0x88dcaddc907abd93951e26fb78daa6ca9aed13a0,0.001882751083738842,0.00026967812016086886,2,0.12,-0.11973032187983913,0.0038992744590127665,cUSDT,cUSDT
0x176e726c835097c834043b0ea84ef1c99e379ac9,0.001882755925259741,0.0002696777286942077,2,0.12,-0.11973032227130578,0.0038992687987984714,cUSDT,cUSDT
0xd8df8a97283c925d384dbca8656ffc3297a739fd,0.001882762380620939,0.0002696772067386612,2,0.12,-0.11973032279326133,0.003899261251846079,cUSDT,cUSDT
0x13fcf466b11bc5724ebfc3468adcb1885e0a589e,0.001881514800200572,0.0002696163989174042,2,0.12,-0.1197303836010826,0.0038983820318923366,cUSDT,cUSDT
0x379f29c017ec33e145d1fe721971cc1b50a31253,3.092324491481817,0.0001967721958034854,1,0.06,-0.059803227804196515,0.0004907008820789,cUSDC,cETH
0xca90594422e2d3415383cd03e3941787d3902079,0.00029777442497265,0.00017162006249007728,1,0.06,-0.05982837993750992,0.0024814535414387526,cUSDT,cUSDT
0x05c848ec567e44900bb464ebfed284aa65976b69,0.000943004412527765,0.0001349094588348717,2,0.12,-0.11986509054116512,0.00195065512471034,cUSDT,cUSDT
0xbd614cd03e95eaee5e80c35f736ea99d5d263109,0.000940860302886574,0.00013484029972485908,2,0.12,-0.11986515970027514,0.0019496551535183157,cUSDT,cUSDT
0x51cc07736b31fdd6640fd3ebfcae6f35f783719e,0.000939665979196095,0.00013477518577033787,2,0.12,-0.11986522481422966,0.0019487136712073338,cUSDT,cUSDT
0x6a51a15377cb137f1a078189d5edf3614ed0ed01,1.7913610800263e-05,1.03243755915117e-05,2,0.12,-0.11998967562440849,0.00014928009000219182,cUSDT,cUSDT
0x3c06601a9605d41a81df6e3f65208d82fcc411d8,45.29357269172216,1.9760824087458847e-06,1,0.06,-0.05999802391759125,7.743837544640966e-07,cUSDC,cNEAR
0xe5527bd18be9c0aaea8d0b11821648f6b190fa5d,6010.78696018747,1.859905773710724e-06,1,0.06,-0.059998140094226285,7.288317689073852e-07,cUSDT,cNEAR
0xd8722ef251b167ca0602de455f23d02d16128eb1,3.8845657790669352,1.763035681329957e-06,1,0.06,-0.05999823696431867,6.908717809434589e-07,cUSDT,cNEAR
0x3655f4df2b12e2d846337dee808630807bb9d1ce,2.552016475811118,1.569241912827614e-06,1,0.06,-0.05999843075808717,6.149518050156061e-07,cUSDC,cNEAR
0x62a448d4287fdb695491f1df8f63bb87e027a31d,1.9083676657082094,1.472375128085169e-06,1,0.06,-0.059998527624871914,5.769918170516799e-07,cUSDC,cNEAR
0x8839acbfadf949d7b28c89994f38e694813cb13b,49.602956512579546,5.672372255012261e-09,1,0.06,-0.059999994327627745,2.530665864261754e-09,cETH,cNEAR
