protocol,chain,markets,empty,tiny,empty_atk,direct,borrowable_usd,verdict,status
midas-capital,polygon,56,15,29,11,0,5.86,LIVE (empty+funded),ok
hundredfinance,ethereum,11,5,8,2,0,0.0,"empty market, no unpaused cash",ok
midas-capital,moonbeam,17,5,7,1,0,0.38,LIVE (empty+funded),ok
zkfox,zksync,8,2,2,0,0,259682288209.47,cash but no empty market,ok
filda,bittorrent,5,0,0,0,0,43105023260.02,cash but no empty market,ok
sonne-finance,optimism,13,0,1,0,1,0.0,direct truncation drain,ok
benqi-lending,avax,22,0,0,0,0,121542214.98,cash but no empty market,ok
takara,sei,21,0,2,0,0,49163442.5,cash but no empty market,ok
capyfi,ethereum,13,0,0,0,0,48255157.91,cash but no empty market,ok
kinetic,flare,13,0,0,0,0,38210288.61,cash but no empty market,ok
basic,iotex,5,0,0,0,0,25277912.92,cash but no empty market,ok
fluxfinance,ethereum,5,0,0,0,0,4286230.36,cash but no empty market,ok
wanlend,wan,30,0,2,0,0,2867161.51,cash but no empty market,ok
mendi-finance,linea,9,0,0,0,0,1225447.83,cash but no empty market,ok
moonwell,ethereum,4,0,0,0,0,643589.3,cash but no empty market,ok
reactorfusion,zksync,6,0,0,0,0,297303.79,cash but no empty market,ok
teralend,flare,6,0,0,0,0,265006.96,cash but no empty market,ok
OCP,bsc,15,0,2,0,0,183288.3,cash but no empty market,ok
moonwell,optimism,14,0,1,0,0,165766.39,cash but no empty market,ok
neku,moonriver,49,4,4,0,0,146607.71,cash but no empty market,ok
neku,arbitrum,37,0,0,0,0,118145.1,cash but no empty market,ok
capyfi,base,7,0,0,0,0,80920.44,cash but no empty market,ok
ironbank,optimism,8,0,0,0,0,77223.44,cash but no empty market,ok
sonne-finance,base,7,0,0,0,0,57058.84,cash but no empty market,ok
aquarius-loan,core,7,1,2,0,0,56986.16,cash but no empty market,ok
qie-lend,qie,4,0,0,0,0,52028.39,cash but no empty market,ok
capyfi,worldchain,7,0,0,0,0,43781.2,cash but no empty market,ok
ironbank,avax,11,0,0,0,0,40775.47,cash but no empty market,ok
aquarius-loan,arbitrum,9,0,0,0,0,23452.9,cash but no empty market,ok
tonpound,ethereum,9,0,0,0,0,22148.24,cash but no empty market,ok
bao-markets,ethereum,7,2,2,0,0,19154.66,cash but no empty market,ok
zoro,zksync,15,0,0,0,0,18210.73,cash but no empty market,ok
lander,bsc,9,0,0,0,0,9334.01,cash but no empty market,ok
damm-finance,ethereum,41,0,4,0,0,7381.24,cash but no empty market,ok
solidlizard-lending,arbitrum,7,0,0,0,0,7103.58,cash but no empty market,ok
xpert,base,6,0,2,0,0,4817.77,cash but no empty market,ok
cream,arbitrum,3,0,0,0,0,4513.59,cash but no empty market,ok
torches,kcc,7,0,0,0,0,3559.09,cash but no empty market,ok
zenolend,apechain,6,2,2,0,0,2817.51,cash but no empty market,ok
filda,polygon,14,0,0,0,0,1208.89,cash but no empty market,ok
filda,rei,6,0,0,0,0,822.97,cash but no empty market,ok
trustin,bitlayer,10,0,0,0,0,709.24,cash but no empty market,ok
zenolend,unichain,4,0,0,0,0,647.09,cash but no empty market,ok
jiblend,jbc,10,0,2,0,0,561.43,cash but no empty market,ok
zenolend,hemi,15,12,12,0,0,511.38,cash but no empty market,ok
nebula,nibiru,4,0,0,0,0,487.85,cash but no empty market,ok
jax-protocol,taiko,1,0,0,0,0,352.51,cash but no empty market,ok
neku,bsc,55,0,0,0,0,341.6,cash but no empty market,ok
paxo-finance,polygon,12,0,2,0,0,150.19,cash but no empty market,ok
paxo-finance,boba,3,0,0,0,0,111.29,cash but no empty market,ok
paxo-finance,xdc,9,0,1,0,0,78.83,closed/no cash,ok
paxo-finance,linea,4,0,0,0,0,24.07,closed/no cash,ok
mantradao,ethereum,64,3,3,0,0,24.03,closed/no cash,ok
zenolend,soneium,9,0,3,0,0,7.35,closed/no cash,ok
midas-capital,bsc,80,15,20,0,0,3.39,closed/no cash,ok
strike,ethereum,18,1,1,0,0,1.26,closed/no cash,ok
xpert,ink,5,0,2,0,0,1.13,closed/no cash,ok
filda,bsc,5,0,0,0,0,0.71,closed/no cash,ok
filda,arbitrum,8,0,0,0,0,0.34,closed/no cash,ok
rho-markets,scroll,16,0,3,0,0,0.11,closed/no cash,ok
filda,kava,3,0,0,0,0,0.1,closed/no cash,ok
fenrirfinance,bsc,16,1,1,0,0,0.1,closed/no cash,ok
mare-finance-v2,kava,3,0,0,0,0,0.09,closed/no cash,ok
aurigami,aurora,14,0,0,0,0,0.06,closed/no cash,ok
bencu,metis,7,1,1,0,0,0.01,closed/no cash,ok
quantus,megaeth,0,0,0,0,0,0.0,closed/no cash,no_rpc
capyfi,lac,0,0,0,0,0,0.0,closed/no cash,no_rpc
elara,zircuit,0,0,0,0,0,0.0,closed/no cash,getAllMarkets_failed
minterest,taiko,3,0,0,0,0,0.0,closed/no cash,ok
shoebillFinance-v2,metis,3,0,0,0,0,0.0,closed/no cash,ok
hover,kava,3,0,0,0,0,0.0,closed/no cash,ok
quantus,monad,8,0,0,0,0,0.0,closed/no cash,ok
sumer,monad,8,1,1,0,0,0.0,closed/no cash,ok
ionise-io,zilliqa,2,0,0,0,0,0.0,closed/no cash,ok
nyke,etc,0,0,0,0,0,0.0,closed/no cash,no_rpc
enclabs,plasma,8,0,1,0,0,0.0,closed/no cash,ok
loanshark,scroll,4,0,0,0,0,0.0,closed/no cash,ok
deepr-finance,iotex,0,0,0,0,0,0.0,closed/no cash,getAllMarkets_failed
filda,iotex,9,0,0,0,0,0.0,closed/no cash,ok
coslend,evmos,0,0,0,0,0,0.0,closed/no cash,no_rpc
tashi,evmos,0,0,0,0,0,0.0,closed/no cash,no_rpc
metalend,ronin,3,2,2,0,0,0.0,closed/no cash,ok
forlend,findora,0,0,0,0,0,0.0,closed/no cash,no_rpc
enzo,bitlayer,7,0,0,0,0,0.0,closed/no cash,ok
sumer,bitlayer,3,1,1,0,0,0.0,closed/no cash,ok
reactorfusion,telos,0,0,0,0,0,0.0,closed/no cash,no_rpc
deepr-finance,shimmer,0,0,0,0,0,0.0,closed/no cash,no_rpc
0xLend,kcc,9,0,0,0,0,0.0,closed/no cash,ok
sumer,core,12,2,2,0,0,0.0,closed/no cash,ok
segment-finance,core,13,0,3,0,0,0.0,closed/no cash,ok
blume-fm,blast,2,0,0,0,0,0.0,closed/no cash,ok
asofinance,blast,7,0,2,0,0,0.0,closed/no cash,ok
0xLend,blast,1,0,0,0,0,0.0,closed/no cash,ok
novation,blast,0,0,0,0,0,0.0,closed/no cash,getAllMarkets_failed
orbitlending-io,blast,21,1,1,0,0,0.0,closed/no cash,ok
enclabs,sonic,28,0,1,0,0,0.0,closed/no cash,ok
machfi,sonic,8,0,0,0,0,0.0,closed/no cash,ok
sturdy-v2,linea,0,0,0,0,0,0.0,closed/no cash,getAllMarkets_failed
sumer,base,8,0,0,0,0,0.0,closed/no cash,ok
cream,base,7,3,3,0,0,0.0,closed/no cash,ok
venus,base,5,0,0,0,0,0.0,closed/no cash,ok
unitus,base,0,0,0,0,0,0.0,closed/no cash,getAllMarkets_failed
moonwell,base,21,0,0,0,0,0.0,closed/no cash,ok
ionic-protocol,base,28,1,2,0,0,0.0,closed/no cash,ok
sumer,meter,7,2,2,0,0,0.0,closed/no cash,ok
basilisk,zksync,2,0,0,0,0,0.0,closed/no cash,ok
0xLend,zksync,2,0,0,0,0,0.0,closed/no cash,ok
venus,zksync,9,0,0,0,0,0.0,closed/no cash,ok
traderjoe-lend,avax,12,0,0,0,0,0.0,closed/no cash,ok
sumer,berachain,11,2,3,0,0,0.0,closed/no cash,ok
tropykus,rsk,8,0,0,0,0,0.0,closed/no cash,ok
segment-finance,rsk,8,0,0,0,0,0.0,closed/no cash,ok
segment-finance,opbnb,5,0,0,0,0,0.0,closed/no cash,ok
venus,opbnb,5,0,1,0,0,0.0,closed/no cash,ok
filda,heco,0,0,0,0,0,0.0,closed/no cash,no_rpc
wepiggy,heco,0,0,0,0,0,0.0,closed/no cash,no_rpc
demeter,heco,0,0,0,0,0,0.0,closed/no cash,no_rpc
huckleberry-lending,moonriver,0,0,0,0,0,0.0,closed/no cash,getAllMarkets_failed
wepiggy,moonriver,0,0,0,0,0,0.0,closed/no cash,getAllMarkets_failed
hundredfinance,moonriver,0,0,0,0,0,0.0,closed/no cash,getAllMarkets_failed
moonwell-apollo,moonriver,0,0,0,0,0,0.0,closed/no cash,getAllMarkets_failed
filda,elastos,0,0,0,0,0,0.0,closed/no cash,no_rpc
lumen-money,neon,0,0,0,0,0,0.0,closed/no cash,no_rpc
sumer,bsquared,6,6,6,0,0,0.0,closed/no cash,ok
segment-finance,bsquared,6,0,0,0,0,0.0,closed/no cash,ok
shoebillFinance-v2,bsquared,4,0,0,0,0,0.0,closed/no cash,ok
sumer,hemi,11,4,6,0,0,0.0,closed/no cash,ok
wepiggy,oasis,3,0,0,0,0,0.0,closed/no cash,ok
whitehole-finance,arbitrum,0,0,0,0,0,0.0,closed/no cash,getAllMarkets_failed
paribus,arbitrum,4,0,0,0,0,0.0,closed/no cash,ok
sumer,arbitrum,18,4,5,0,0,0.0,closed/no cash,ok
wepiggy,arbitrum,6,0,0,0,0,0.0,closed/no cash,ok
venus,arbitrum,7,0,0,0,0,0.0,closed/no cash,ok
unitus,arbitrum,0,0,0,0,0,0.0,closed/no cash,getAllMarkets_failed
hundredfinance,arbitrum,11,0,0,0,0,0.0,closed/no cash,ok
tender-finance,arbitrum,18,1,1,0,0,0.0,closed/no cash,ok
midas-capital,arbitrum,9,5,6,0,0,0.0,closed/no cash,ok
lodestar-v1,arbitrum,10,0,0,0,0,0.0,closed/no cash,ok
sumer,goat,13,4,5,0,0,0.0,closed/no cash,ok
vivacity,canto,0,0,0,0,0,0.0,closed/no cash,no_rpc
canto-lending,canto,0,0,0,0,0,0.0,closed/no cash,no_rpc
fusefi-lending,fuse,6,0,0,0,0,0.0,closed/no cash,ok
shoebillFinance-v2,fuse,2,0,0,0,0,0.0,closed/no cash,ok
netweave-lending,mode,4,0,0,0,0,0.0,closed/no cash,ok
shoebillFinance-v2,mode,5,0,0,0,0,0.0,closed/no cash,ok
ionic-protocol,mode,22,0,0,0,0,0.0,closed/no cash,ok
sturdy-v2,mode,0,0,0,0,0,0.0,closed/no cash,getAllMarkets_failed
zenolend,sty,0,0,0,0,0,0.0,closed/no cash,no_rpc
venus,unichain,7,0,1,0,0,0.0,closed/no cash,ok
unitus,conflux,0,0,0,0,0,0.0,closed/no cash,getAllMarkets_failed
wepiggy,okc,16,1,1,0,0,0.0,closed/no cash,ok
minterest,mantle,8,0,0,0,0,0.0,closed/no cash,ok
hundredfinance,gnosis,6,1,1,0,0,0.0,closed/no cash,ok
wepiggy,harmony,7,0,0,0,0,0.0,closed/no cash,ok
hundredfinance,harmony,7,0,0,0,0,0.0,closed/no cash,ok
orbiter-one,moonbeam,8,0,0,0,0,0.0,closed/no cash,ok
wepiggy,moonbeam,6,0,0,0,0,0.0,closed/no cash,ok
moonwell,moonbeam,12,0,0,0,0,0.0,closed/no cash,ok
minterest,morph,8,1,1,0,0,0.0,closed/no cash,ok
sumer,zklink,10,5,5,0,0,0.0,closed/no cash,ok
shoebillFinance-v2,zklink,10,0,0,0,0,0.0,closed/no cash,ok
keom,astar_zkevm,0,0,0,0,0,0.0,closed/no cash,no_rpc
shoebillFinance-v2,kroma,0,0,0,0,0,0.0,closed/no cash,no_rpc
wepiggy,optimism,7,0,0,0,0,0.0,closed/no cash,ok
venus,optimism,5,0,1,0,0,0.0,closed/no cash,ok
unitus,optimism,0,0,0,0,0,0.0,closed/no cash,getAllMarkets_failed
hundredfinance,optimism,9,1,1,0,0,0.0,closed/no cash,ok
ionic-protocol,optimism,10,0,0,0,0,0.0,closed/no cash,ok
sturdy-v2,optimism,0,0,0,0,0,0.0,closed/no cash,getAllMarkets_failed
mage,merlin,6,0,1,0,0,0.0,closed/no cash,getAllMarkets_failed;ok
kyros-finance,robinhood,0,0,0,0,0,0.0,closed/no cash,no_rpc
wepiggy,aurora,5,0,0,0,0,0.0,closed/no cash,ok
bastion,aurora,13,0,0,0,0,0.0,closed/no cash,ok
tectonic,cronos,33,0,0,0,0,0.0,closed/no cash,ok
segment-finance,bob,21,0,0,0,0,0.0,closed/no cash,ok
shoebillFinance-v2,bob,10,0,2,0,0,0.0,closed/no cash,ok
wemix-lend,wemix,10,0,0,0,0,0.0,closed/no cash,ok
shoebillFinance-v2,wemix,2,0,0,0,0,0.0,closed/no cash,ok
keom,polygon_zkevm,8,0,0,0,0,0.0,closed/no cash,ok
ionic-protocol,lisk,5,0,0,0,0,0.0,closed/no cash,ok
keom,manta,6,1,2,0,0,0.0,closed/no cash,ok
shoebillFinance-v2,manta,7,0,0,0,0,0.0,closed/no cash,ok
cream,polygon,16,0,0,0,0,0.0,closed/no cash,ok
wepiggy,polygon,10,0,0,0,0,0.0,closed/no cash,ok
unitus,polygon,0,0,0,0,0,0.0,closed/no cash,getAllMarkets_failed
hundredfinance,polygon,9,0,0,0,0,0.0,closed/no cash,ok
keom,polygon,16,2,2,0,0,0.0,closed/no cash,ok
donkey,klaytn,12,0,0,0,0,0.0,closed/no cash,ok
shoebillFinance-v2,klaytn,2,0,0,0,0,0.0,closed/no cash,ok
knightswap-lending,bsc,8,0,0,0,0,0.0,closed/no cash,ok
apeswap-lending,bsc,10,0,0,0,0,0.0,closed/no cash,ok
usdfi-lending,bsc,16,0,0,0,0,0.0,closed/no cash,ok
sumer,bsc,9,0,1,0,0,0.0,closed/no cash,ok
segment-finance,bsc,8,0,0,0,0,0.0,closed/no cash,ok
cream,bsc,47,0,1,0,0,0.0,closed/no cash,ok
liqee,bsc,0,0,0,0,0,0.0,closed/no cash,getAllMarkets_failed
wepiggy,bsc,16,0,0,0,0,0.0,closed/no cash,ok
venus,bsc,55,0,0,0,0,0.0,closed/no cash,ok
unitus,bsc,0,0,0,0,0,0.0,closed/no cash,getAllMarkets_failed
demeter,bsc,10,0,0,0,0,0.0,closed/no cash,ok
olafinance,fantom,15,4,4,0,0,0.0,closed/no cash,ok
ironbank,fantom,13,0,0,0,0,0.0,closed/no cash,ok
hundredfinance,fantom,16,0,0,0,0,0.0,closed/no cash,ok
scream,fantom,27,8,8,0,0,0.0,closed/no cash,ok
sumer,ethereum,28,17,17,0,0,0.0,closed/no cash,ok
compound-onchain,ethereum,20,0,0,0,0,0.0,closed/no cash,ok
cream,ethereum,7,0,0,0,0,0.0,closed/no cash,ok
liqee,ethereum,0,0,0,0,0,0.0,closed/no cash,getAllMarkets_failed
ironbank,ethereum,0,0,0,0,0,0.0,closed/no cash,getAllMarkets_failed
wepiggy,ethereum,10,0,0,0,0,0.0,closed/no cash,ok
cozy,ethereum,19,4,4,0,0,0.0,closed/no cash,ok
venus,ethereum,23,4,6,0,0,0.0,closed/no cash,ok
unitus,ethereum,0,0,0,0,0,0.0,closed/no cash,getAllMarkets_failed
minterest,ethereum,0,0,0,0,0,0.0,closed/no cash,getAllMarkets_failed
donkey,ethereum,30,1,1,0,0,0.0,closed/no cash,ok
onyx,ethereum,18,0,0,0,0,0.0,closed/no cash,ok
sturdy-v2,ethereum,0,0,0,0,0,0.0,closed/no cash,getAllMarkets_failed
kawa,sei,3,0,0,0,0,0.0,closed/no cash,ok
sturdy-v2,sei,0,0,0,0,0,0.0,closed/no cash,chain_budget_exceeded
