0xfea5511fdcda7798755278c4f0d3b05797e2e3a6	9740ff91f1985d8d2b71494ae1a2f723bb3ed9e4
0xb583512fdfb6d277a5fac7a66446f65bd35d1e52	9740ff91f1985d8d2b71494ae1a2f723bb3ed9e4
0xd682e2b843803acc86e8b9c058f2bc4afd363948	9740ff91f1985d8d2b71494ae1a2f723bb3ed9e4
0x26303199e53e3f9dad2872f2a2ae0c638cbfe304	9740ff91f1985d8d2b71494ae1a2f723bb3ed9e4
0x395332bcfd19e51b427ba6cf22688696a50eb100	9740ff91f1985d8d2b71494ae1a2f723bb3ed9e4
0xab29422593a2044daa02150c9bb145d587cf4fdb	9740ff91f1985d8d2b71494ae1a2f723bb3ed9e4
0x6bee6e5cf8e02833550b228d9cc6ad19dae3743e	9740ff91f1985d8d2b71494ae1a2f723bb3ed9e4
0xfb5a2461d49d83348c557a5ad7aa938dcf444d7f	9740ff91f1985d8d2b71494ae1a2f723bb3ed9e4
0x9e61d6a7b4746922e68d710d9454d3558bc8df1c	9740ff91f1985d8d2b71494ae1a2f723bb3ed9e4
0xb7a17528b0ceb48b41a54550faaeeab310607583	9740ff91f1985d8d2b71494ae1a2f723bb3ed9e4
0xadc74a8d0a066519252ef2c61776552e7bd2ab8c	9740ff91f1985d8d2b71494ae1a2f723bb3ed9e4
0x8d1ebcda83fd905b597bf6d3294766b64ecf2aa7	9740ff91f1985d8d2b71494ae1a2f723bb3ed9e4
0x55e63987e788b1c1c13d70f0592e678f38943e73	9740ff91f1985d8d2b71494ae1a2f723bb3ed9e4
0x3a220588a9c76cc928a10cda5d59162a4b328c51	9740ff91f1985d8d2b71494ae1a2f723bb3ed9e4
0x664491fd329a1b98d83cf585cc2e54af5ab11cbd	9740ff91f1985d8d2b71494ae1a2f723bb3ed9e4
0x426462710d0e560497066b11138e9c9b3cc29232	9740ff91f1985d8d2b71494ae1a2f723bb3ed9e4
0x7c3bec1d0f55819aa702f2caa321cec6e5e140ac	9740ff91f1985d8d2b71494ae1a2f723bb3ed9e4
0xaa76a3b0295874404965dbe07053ee98afab7fc4	9740ff91f1985d8d2b71494ae1a2f723bb3ed9e4
0x2c99fb3da8c9308991c428f56d9f269f007bd843	9740ff91f1985d8d2b71494ae1a2f723bb3ed9e4
0x10681e186c5a9565230badd8c9422bf26c2d8b21	9740ff91f1985d8d2b71494ae1a2f723bb3ed9e4
0x869860b1086103077780657788871eb5d510985a	9740ff91f1985d8d2b71494ae1a2f723bb3ed9e4
0xf689cd65c3d981dc68545ec1e8e666c243cea028	9740ff91f1985d8d2b71494ae1a2f723bb3ed9e4
0x7e46c325ca5119f379d9911edf11f57df94144f4	9740ff91f1985d8d2b71494ae1a2f723bb3ed9e4
0x2d69dd6489345f87326cf97e14a8bd65a51b8d59	9740ff91f1985d8d2b71494ae1a2f723bb3ed9e4
0x5085d983c015e06d73111dab1b1ff7b3912e5bc6	9740ff91f1985d8d2b71494ae1a2f723bb3ed9e4
0x108dd02434b2c3b1dfc5f558e91a1d41fa41df6e	9740ff91f1985d8d2b71494ae1a2f723bb3ed9e4
0xa2ba7aa169e5c77eb37a5330f2695fee8d1216ac	9740ff91f1985d8d2b71494ae1a2f723bb3ed9e4
0x8da02bedf802976a69627dd8ae081493d8fdf0f0	9740ff91f1985d8d2b71494ae1a2f723bb3ed9e4
0x905582f21fb9855c809d5b8933272a292dfbb138	9740ff91f1985d8d2b71494ae1a2f723bb3ed9e4
0x5b18a4e73f9a4fe337a072516b317863ad3046aa	9740ff91f1985d8d2b71494ae1a2f723bb3ed9e4
0x12252857ed26e5d4e011e20f450c8110f302da62	9740ff91f1985d8d2b71494ae1a2f723bb3ed9e4
0xb2238ca2e9704128ee24490ee774820735b57caa	9740ff91f1985d8d2b71494ae1a2f723bb3ed9e4
0xacf6d3052bbe774187e3364a0e76d0f586131766	9740ff91f1985d8d2b71494ae1a2f723bb3ed9e4
0xb1fdeec683beba148aa9fedcf9eeb6d44215a62e	9740ff91f1985d8d2b71494ae1a2f723bb3ed9e4
0xadc724a6d7a77d28ed2f707317444a5e10df3a7a	9740ff91f1985d8d2b71494ae1a2f723bb3ed9e4
0xa17426d430bcadb09b0d42992c5be186f485a4da	9740ff91f1985d8d2b71494ae1a2f723bb3ed9e4
0x116c8344f79c334eb6cd0d55ec603b6ba36f67a2	9740ff91f1985d8d2b71494ae1a2f723bb3ed9e4
0x83e54c21fe3e5b2e19c76b5f4dfbc389844faf1d	9740ff91f1985d8d2b71494ae1a2f723bb3ed9e4
0x78bdf1655108156729409a40b904209e716f35fa	9740ff91f1985d8d2b71494ae1a2f723bb3ed9e4
0x8b2ef8236f4418d0e9c3cb650780a14168c6c28e	9740ff91f1985d8d2b71494ae1a2f723bb3ed9e4
0x97bdaaefbfacb6ad152279d95e59a2789fe1be8c	9740ff91f1985d8d2b71494ae1a2f723bb3ed9e4
0xde06e6976e54f459a42c3b056e591c1bd8f12090	9740ff91f1985d8d2b71494ae1a2f723bb3ed9e4
0xa9038ca84e96c9e47dc96dd31a66d8f4a2bfeaf3	9740ff91f1985d8d2b71494ae1a2f723bb3ed9e4
0x7ffd57563ef54c464f23b5497dd1f54481e4c008	9740ff91f1985d8d2b71494ae1a2f723bb3ed9e4
0xd39574a84abe014f41e5e4eb77d74a370ed9ad07	9740ff91f1985d8d2b71494ae1a2f723bb3ed9e4
0x48a765932c4335aeb877cfa11d5e9fb488ef1b9c	9740ff91f1985d8d2b71494ae1a2f723bb3ed9e4
0x10cdaa16510a3a000a45c6a48d93ffef411feb2b	9740ff91f1985d8d2b71494ae1a2f723bb3ed9e4
0xfeeabad8a0ef1fd5999dcbb3259f506eb536bb2e	9740ff91f1985d8d2b71494ae1a2f723bb3ed9e4
0x945b136b90b8aec309add3d921086ce52444b70e	9740ff91f1985d8d2b71494ae1a2f723bb3ed9e4
0x6cccb04164c1141966b459e3bad93878ce36b7b4	9740ff91f1985d8d2b71494ae1a2f723bb3ed9e4
0x36bec319fe1b86e2437f2ca644f3aaf079f66298	9740ff91f1985d8d2b71494ae1a2f723bb3ed9e4
0x4931d52c243d0091aa15e3195547be37eb08cf20	9740ff91f1985d8d2b71494ae1a2f723bb3ed9e4
0x4b056fdb8f69bb3c27701369c983f36ee0c62f9d	9740ff91f1985d8d2b71494ae1a2f723bb3ed9e4
0x925b03143cf250892aadef83306b830ca4786404	9740ff91f1985d8d2b71494ae1a2f723bb3ed9e4
0x9c34f9699d536f306435ce2aae0065c92f75f603	9740ff91f1985d8d2b71494ae1a2f723bb3ed9e4
0xce59e51645de8f8ff24229f89e105cadeb96ea57	9740ff91f1985d8d2b71494ae1a2f723bb3ed9e4
0x8bab2dde26ce3f948b9b3e146760b66b60810fc7	9740ff91f1985d8d2b71494ae1a2f723bb3ed9e4
0xbf44dc386670629590c2b3c30096e8f0471ca869	9740ff91f1985d8d2b71494ae1a2f723bb3ed9e4
0xcc7fb91ec8db666433d29b9c65ada1a09576feba	9740ff91f1985d8d2b71494ae1a2f723bb3ed9e4
0xf4d83e35874bee7cb363d37d45ca2adf8c6c26d7	9740ff91f1985d8d2b71494ae1a2f723bb3ed9e4
0x16023d2619d82507da834c65be9a42e98e847c4b	9740ff91f1985d8d2b71494ae1a2f723bb3ed9e4
0xdcb88a5f12c35961055da7d4b6bfd1210b1f21b4	9740ff91f1985d8d2b71494ae1a2f723bb3ed9e4
0x40ee4524accfd4d86f84ef3fd558487cc027db46	9740ff91f1985d8d2b71494ae1a2f723bb3ed9e4
0xfff849e581cddafa6b3bc187ea280aefb3fcdefe	9740ff91f1985d8d2b71494ae1a2f723bb3ed9e4
0xeab445e417fcdf6aee4d7fad7e24e1e188894357	9740ff91f1985d8d2b71494ae1a2f723bb3ed9e4
0x4a79e5ccff0394c85588945f3e75e77e098b0f7b	9740ff91f1985d8d2b71494ae1a2f723bb3ed9e4
0xfc5c32724a4303ab350ced1f1128ae96239f7dbf	9740ff91f1985d8d2b71494ae1a2f723bb3ed9e4
0x91f1bcb64bfda870cde4f772e1c26af4d7d53d2c	9740ff91f1985d8d2b71494ae1a2f723bb3ed9e4
0xb42f9dfd87871ee058119399e9d31ccc3bdb6a43	9740ff91f1985d8d2b71494ae1a2f723bb3ed9e4
0x4561c40709b84c8c8bbb42c2e2508ee1b9d114fb	9740ff91f1985d8d2b71494ae1a2f723bb3ed9e4
0xad2896ed85841c27f2618b85a5b4c34a5c54b5c8	9740ff91f1985d8d2b71494ae1a2f723bb3ed9e4
0x712c055a81cf2e0513130bd1af3ccc3987e8dfcc	9740ff91f1985d8d2b71494ae1a2f723bb3ed9e4
0xf46bdbc0daed419505ec20b6add048ca63d5eca3	9740ff91f1985d8d2b71494ae1a2f723bb3ed9e4
0x1a2567000db62b0bb4a652c59bda6897fe7e7e76	9740ff91f1985d8d2b71494ae1a2f723bb3ed9e4
0x04146de37b996d89a635c1ba724d6f4da7cc85aa	9740ff91f1985d8d2b71494ae1a2f723bb3ed9e4
0x378dbac9944ff07a7a197c7b90f522f34490706a	9740ff91f1985d8d2b71494ae1a2f723bb3ed9e4
0xae77bbf27db792178550f114ba4409f448faa897	9740ff91f1985d8d2b71494ae1a2f723bb3ed9e4
0x6eb05ef293bd937479ad018295fb3037f9c2404c	9740ff91f1985d8d2b71494ae1a2f723bb3ed9e4
0x243169cf4a787b18f3f43142202f5c902ff40881	9740ff91f1985d8d2b71494ae1a2f723bb3ed9e4
0xbfaba9b2a66a542e7550bad7df1dfa9f91a76b1b	9740ff91f1985d8d2b71494ae1a2f723bb3ed9e4
0x45aa5ae5d1baac2194ea40f51fda0dc697674f21	9740ff91f1985d8d2b71494ae1a2f723bb3ed9e4
0x8ac49870088fa8fc356abf3ade87dba484d20230	9740ff91f1985d8d2b71494ae1a2f723bb3ed9e4
0x55776b69a4b177d069717ab79e00ce86e25f15e1	9740ff91f1985d8d2b71494ae1a2f723bb3ed9e4
0x9b3a86df147567abc96936b9ec7cd8e9c133e44f	9740ff91f1985d8d2b71494ae1a2f723bb3ed9e4
0xe4095e1996ca8b7f695412706d4ed9a27417ea61	9740ff91f1985d8d2b71494ae1a2f723bb3ed9e4
0xd4464dcbd31ba4391c01a2a10aa37e049e55db21	9740ff91f1985d8d2b71494ae1a2f723bb3ed9e4
0x679476083e4380a3bfc95fc956af3b467468ca33	9740ff91f1985d8d2b71494ae1a2f723bb3ed9e4
0x1b0afbf1a7ef7db80f79e540dce52fc259b4b65f	9740ff91f1985d8d2b71494ae1a2f723bb3ed9e4
0xae41d93368777fba352c8f2ed569afef07a27e41	9740ff91f1985d8d2b71494ae1a2f723bb3ed9e4
0x9e3ed2f246fd00cb5d94695c3dbe9f167aee1fe0	9740ff91f1985d8d2b71494ae1a2f723bb3ed9e4
